sofifa_id,short_name,long_name,player_positions,overall,age,height_cm,club_name,league_name,nationality_name,nationality_continent,player_traits,player_face_url
158023,L. Messi,Lionel Andrés Messi Cuccittini,"RW, ST, CF",93,34,170,Paris Saint-Germain,French Ligue 1,Argentina,South America,"Finesse Shot, Long Shot Taker (AI), Playmaker (AI), Outside Foot Shot, One Club Player, Chip Shot (AI), Technical Dribbler (AI)",https://cdn.sofifa.net/players/158/023/22_120.png
188545,R. Lewandowski,Robert Lewandowski,ST,92,32,185,FC Bayern München,German 1. Bundesliga,Poland,Europe,"Solid Player, Finesse Shot, Outside Foot Shot, Chip Shot (AI)",https://cdn.sofifa.net/players/188/545/22_120.png
20801,Cristiano Ronaldo,Cristiano Ronaldo dos Santos Aveiro,"ST, LW",91,36,187,Manchester United,English Premier League,Portugal,Europe,"Power Free-Kick, Flair, Long Shot Taker (AI), Speed Dribbler (AI), Outside Foot Shot",https://cdn.sofifa.net/players/020/801/22_120.png
200389,J. Oblak,Jan Oblak,GK,91,28,188,Atlético de Madrid,Spain Primera Division,Slovenia,Europe,"GK Long Throw, Comes For Crosses",https://cdn.sofifa.net/players/200/389/22_120.png
192985,K. De Bruyne,Kevin De Bruyne,"CM, CAM",91,30,181,Manchester City,English Premier League,Belgium,Europe,"Injury Prone, Leadership, Early Crosser, Long Passer (AI), Long Shot Taker (AI), Playmaker (AI), Outside Foot Shot",https://cdn.sofifa.net/players/192/985/22_120.png
231747,K. Mbappé,Kylian Mbappé Lottin,"ST, LW",91,22,182,Paris Saint-Germain,French Ligue 1,France,Europe,"Flair, Speed Dribbler (AI), Outside Foot Shot, Technical Dribbler (AI)",https://cdn.sofifa.net/players/231/747/22_120.png
190871,Neymar Jr,Neymar da Silva Santos Júnior,"LW, CAM",91,29,175,Paris Saint-Germain,French Ligue 1,Brazil,South America,"Injury Prone, Flair, Speed Dribbler (AI), Playmaker (AI), Outside Foot Shot, Technical Dribbler (AI)",https://cdn.sofifa.net/players/190/871/22_120.png
202126,H. Kane,Harry Kane,ST,90,27,188,Tottenham Hotspur,English Premier League,England,Europe,"Leadership, Long Passer (AI), Long Shot Taker (AI), Playmaker (AI), Outside Foot Shot",https://cdn.sofifa.net/players/202/126/22_120.png
167495,M. Neuer,Manuel Peter Neuer,GK,90,35,193,FC Bayern München,German 1. Bundesliga,Germany,Europe,"Leadership, GK Long Throw, Rushes Out Of Goal, Comes For Crosses",https://cdn.sofifa.net/players/167/495/22_120.png
192448,M. ter Stegen,Marc-André ter Stegen,GK,90,29,187,FC Barcelona,Spain Primera Division,Germany,Europe,"Rushes Out Of Goal, Comes For Crosses, Saves with Feet",https://cdn.sofifa.net/players/192/448/22_120.png
215914,N. Kanté,N'Golo Kanté,"CDM, CM",90,30,168,Chelsea,English Premier League,France,Europe,Leadership,https://cdn.sofifa.net/players/215/914/22_120.png
212831,Alisson,Alisson Ramsés Becker,GK,89,28,191,Liverpool,English Premier League,Brazil,South America,"GK Long Throw, Rushes Out Of Goal",https://cdn.sofifa.net/players/212/831/22_120.png
200145,Casemiro,Carlos Henrique Venancio Casimiro,CDM,89,29,185,Real Madrid CF,Spain Primera Division,Brazil,South America,"Power Free-Kick, Dives Into Tackles (AI), Long Shot Taker (AI), Team Player",https://cdn.sofifa.net/players/200/145/22_120.png
210257,Ederson,Ederson Santana de Moraes,GK,89,27,188,Manchester City,English Premier League,Brazil,South America,"Long Passer (AI), Rushes Out Of Goal, Comes For Crosses",https://cdn.sofifa.net/players/210/257/22_120.png
230621,G. Donnarumma,Gianluigi Donnarumma,GK,89,22,196,Paris Saint-Germain,French Ligue 1,Italy,Europe,"Rushes Out Of Goal, Comes For Crosses",https://cdn.sofifa.net/players/230/621/22_120.png
200104,H. Son,손흥민 孙兴慜,"LM, CF, LW",89,28,183,Tottenham Hotspur,English Premier League,Korea Republic,Asia,"Solid Player, Finesse Shot, Long Shot Taker (AI), Speed Dribbler (AI), Technical Dribbler (AI)",https://cdn.sofifa.net/players/200/104/22_120.png
212622,J. Kimmich,Joshua Walter Kimmich,"CDM, RB",89,26,177,FC Bayern München,German 1. Bundesliga,Germany,Europe,"Leadership, Long Passer (AI), Playmaker (AI)",https://cdn.sofifa.net/players/212/622/22_120.png
165153,K. Benzema,Karim Benzema,"CF, ST",89,33,185,Real Madrid CF,Spain Primera Division,France,Europe,"Leadership, Finesse Shot, Playmaker (AI), Outside Foot Shot, Team Player",https://cdn.sofifa.net/players/165/153/22_120.png
209331,M. Salah,Mohamed Salah Ghaly,RW,89,29,175,Liverpool,English Premier League,Egypt,Africa,"Finesse Shot, Long Shot Taker (AI), Speed Dribbler (AI), Outside Foot Shot, Chip Shot (AI)",https://cdn.sofifa.net/players/209/331/22_120.png
208722,S. Mané,Sadio Mané,LW,89,29,175,Liverpool,English Premier League,Senegal,Africa,"Flair, Speed Dribbler (AI)",https://cdn.sofifa.net/players/208/722/22_120.png
192119,T. Courtois,Thibaut Courtois,GK,89,29,199,Real Madrid CF,Spain Primera Division,Belgium,Europe,"GK Long Throw, Comes For Crosses",https://cdn.sofifa.net/players/192/119/22_120.png
203376,V. van Dijk,Virgil van Dijk,CB,89,29,193,Liverpool,English Premier League,Netherlands,Europe,"Leadership, Long Passer (AI), Power Header",https://cdn.sofifa.net/players/203/376/22_120.png
212198,Bruno Fernandes,Bruno Miguel Borges Fernandes,CAM,88,26,179,Manchester United,English Premier League,Portugal,Europe,"Solid Player, Leadership, Flair, Long Passer (AI), Long Shot Taker (AI), Playmaker (AI), Outside Foot Shot",https://cdn.sofifa.net/players/212/198/22_120.png
239085,E. Haaland,Erling Braut Haaland,ST,88,20,194,Borussia Dortmund,German 1. Bundesliga,Norway,Europe,"Solid Player, Speed Dribbler (AI)",https://cdn.sofifa.net/players/239/085/22_120.png
193041,K. Navas,Keylor Navas Gamboa,GK,88,34,185,Paris Saint-Germain,French Ligue 1,Costa Rica,North America,"GK Long Throw, Cautious With Crosses",https://cdn.sofifa.net/players/193/041/22_120.png
176580,L. Suárez,Luis Alberto Suárez Díaz,ST,88,34,182,Atlético de Madrid,Spain Primera Division,Uruguay,South America,"Solid Player, Outside Foot Shot",https://cdn.sofifa.net/players/176/580/22_120.png
192505,R. Lukaku,Romelu Lukaku Menama,ST,88,28,191,Chelsea,English Premier League,Belgium,Europe,"Speed Dribbler (AI), Power Header, Team Player",https://cdn.sofifa.net/players/192/505/22_120.png
202652,R. Sterling,Raheem Sterling,"LW, RW",88,26,170,Manchester City,English Premier League,England,Europe,"Flair, Speed Dribbler (AI)",https://cdn.sofifa.net/players/202/652/22_120.png
155862,Sergio Ramos,Sergio Ramos García,CB,88,35,184,Paris Saint-Germain,French Ligue 1,Spain,Europe,"Injury Prone, Dives Into Tackles (AI), Leadership, Long Passer (AI), Power Header, Team Player",https://cdn.sofifa.net/players/155/862/22_120.png
182521,T. Kroos,Toni Kroos,CM,88,31,183,Real Madrid CF,Spain Primera Division,Germany,Europe,"Long Passer (AI), Long Shot Taker (AI), Playmaker (AI)",https://cdn.sofifa.net/players/182/521/22_120.png
216267,A. Robertson,Andrew Robertson,LB,87,27,178,Liverpool,English Premier League,Scotland,Europe,"Leadership, Early Crosser, Speed Dribbler (AI)",https://cdn.sofifa.net/players/216/267/22_120.png
192387,C. Immobile,Ciro Immobile,ST,87,31,185,Lazio,Italian Serie A,Italy,Europe,"Outside Foot Shot, Chip Shot (AI)",https://cdn.sofifa.net/players/192/387/22_120.png
228702,F. de Jong,Frenkie de Jong,"CM, CDM, CB",87,24,180,FC Barcelona,Spain Primera Division,Netherlands,Europe,"Flair, Playmaker (AI), Outside Foot Shot, Technical Dribbler (AI)",https://cdn.sofifa.net/players/228/702/22_120.png
167948,H. Lloris,Hugo Lloris,GK,87,34,188,Tottenham Hotspur,English Premier League,France,Europe,"Leadership, Team Player, Rushes Out Of Goal",https://cdn.sofifa.net/players/167/948/22_120.png
233049,J. Sancho,Jadon Sancho,"RM, CF, LM",87,21,180,Manchester United,English Premier League,England,Europe,"Finesse Shot, Flair, Playmaker (AI), Technical Dribbler (AI)",https://cdn.sofifa.net/players/233/049/22_120.png
209658,L. Goretzka,Leon Christoph Goretzka,"CM, CDM",87,26,189,FC Bayern München,German 1. Bundesliga,Germany,Europe,"Dives Into Tackles (AI), Long Shot Taker (AI)",https://cdn.sofifa.net/players/209/658/22_120.png
177003,L. Modrić,Luka Modrić,CM,87,35,172,Real Madrid CF,Spain Primera Division,Croatia,Europe,"Long Shot Taker (AI), Playmaker (AI), Outside Foot Shot, Technical Dribbler (AI)",https://cdn.sofifa.net/players/177/003/22_120.png
199556,M. Verratti,Marco Verratti,"CM, CAM",87,28,165,Paris Saint-Germain,French Ligue 1,Italy,Europe,"Injury Prone, Dives Into Tackles (AI), Flair, Playmaker (AI), Outside Foot Shot",https://cdn.sofifa.net/players/199/556/22_120.png
207865,Marquinhos,Marcos Aoás Corrêa,"CB, CDM",87,27,183,Paris Saint-Germain,French Ligue 1,Brazil,South America,"Leadership, Long Passer (AI), Power Header, Team Player",https://cdn.sofifa.net/players/207/865/22_120.png
211110,P. Dybala,Paulo Bruno Exequiel Dybala,"CF, CAM",87,27,177,Juventus,Italian Serie A,Argentina,South America,"Finesse Shot, Flair, Long Shot Taker (AI), Playmaker (AI), Outside Foot Shot, Technical Dribbler (AI)",https://cdn.sofifa.net/players/211/110/22_120.png
195864,P. Pogba,Paul Pogba,"CM, LM",87,28,191,Manchester United,English Premier League,France,Europe,"Injury Prone, Flair, Long Passer (AI), Long Shot Taker (AI), Playmaker (AI), Outside Foot Shot, Technical Dribbler (AI)",https://cdn.sofifa.net/players/195/864/22_120.png
239818,Rúben Dias,Rúben dos Santos Gato Alves Dias,CB,87,24,187,Manchester City,English Premier League,Portugal,Europe,"Solid Player, Leadership, Power Header",https://cdn.sofifa.net/players/239/818/22_120.png
153079,S. Agüero,Sergio Leonel Agüero del Castillo,ST,87,33,173,FC Barcelona,Spain Primera Division,Argentina,South America,"Injury Prone, Chip Shot (AI)",https://cdn.sofifa.net/players/153/079/22_120.png
231281,T. Alexander-Arnold,Trent Alexander-Arnold,RB,87,22,180,Liverpool,English Premier League,England,Europe,"Early Crosser, Long Passer (AI), Long Shot Taker (AI)",https://cdn.sofifa.net/players/231/281/22_120.png
189596,T. Müller,Thomas Müller,"CAM, RM, RW",87,31,185,FC Bayern München,German 1. Bundesliga,Germany,Europe,"Solid Player, Leadership, Outside Foot Shot",https://cdn.sofifa.net/players/189/596/22_120.png
186153,W. Szczęsny,Wojciech Tomasz Szczęsny,GK,87,31,195,Juventus,Italian Serie A,Poland,Europe,Comes For Crosses,https://cdn.sofifa.net/players/186/153/22_120.png
183898,Á. Di María,Ángel Fabián Di María Hernández,"RW, LW",87,33,180,Paris Saint-Germain,French Ligue 1,Argentina,South America,"Flair, Long Shot Taker (AI), Outside Foot Shot, Chip Shot (AI), Technical Dribbler (AI)",https://cdn.sofifa.net/players/183/898/22_120.png
212218,A. Laporte,Aymeric Laporte,CB,86,27,191,Manchester City,English Premier League,Spain,Europe,Long Passer (AI),https://cdn.sofifa.net/players/212/218/22_120.png
218667,Bernardo Silva,Bernardo Mota Veiga de Carvalho e Silva,"CAM, CM, RW",86,26,173,Manchester City,English Premier League,Portugal,Europe,"Flair, Playmaker (AI), Outside Foot Shot, Technical Dribbler (AI)",https://cdn.sofifa.net/players/218/667/22_120.png
209499,Fabinho,Fábio Henrique Tavares,"CDM, CB",86,27,188,Liverpool,English Premier League,Brazil,South America,"Dives Into Tackles (AI), Long Passer (AI)",https://cdn.sofifa.net/players/209/499/22_120.png
138956,G. Chiellini,Giorgio Chiellini,CB,86,36,187,Juventus,Italian Serie A,Italy,Europe,"Long Throw-in, Injury Prone, Dives Into Tackles (AI), Power Header, Team Player",https://cdn.sofifa.net/players/138/956/22_120.png
208093,Gerard Moreno,Gerard Moreno Balagueró,"ST, RM, RW",86,29,180,Villarreal CF,Spain Primera Division,Spain,Europe,"Finesse Shot, Outside Foot Shot",https://cdn.sofifa.net/players/208/093/22_120.png
208830,J. Vardy,Jamie Vardy,ST,86,34,179,Leicester City,English Premier League,England,Europe,"Dives Into Tackles (AI), Team Player, Chip Shot (AI)",https://cdn.sofifa.net/players/208/830/22_120.png
189332,Jordi Alba,Jordi Alba Ramos,"LB, LM",86,32,170,FC Barcelona,Spain Primera Division,Spain,Europe,Speed Dribbler (AI),https://cdn.sofifa.net/players/189/332/22_120.png
210514,João Cancelo,João Pedro Cavaco Cancelo,"RB, LB",86,27,182,Manchester City,English Premier League,Portugal,Europe,"Long Shot Taker (AI), Technical Dribbler (AI)",https://cdn.sofifa.net/players/210/514/22_120.png
192984,K. Casteels,Koen Casteels,GK,86,29,197,VfL Wolfsburg,German 1. Bundesliga,Belgium,Europe,Comes For Crosses,https://cdn.sofifa.net/players/192/984/22_120.png
213345,K. Coman,Kingsley Junior Coman,"LM, RM, LW",86,25,180,FC Bayern München,German 1. Bundesliga,France,Europe,"Injury Prone, Speed Dribbler (AI)",https://cdn.sofifa.net/players/213/345/22_120.png
201024,K. Koulibaly,Kalidou Koulibaly,CB,86,30,187,Napoli,Italian Serie A,Senegal,Africa,Power Header,https://cdn.sofifa.net/players/201/024/22_120.png
198219,L. Insigne,Lorenzo Insigne,"LW, CF",86,30,163,Napoli,Italian Serie A,Italy,Europe,"Finesse Shot, Flair, Long Shot Taker (AI), Outside Foot Shot, Technical Dribbler (AI)",https://cdn.sofifa.net/players/198/219/22_120.png
178603,M. Hummels,Mats Hummels,CB,86,32,191,Borussia Dortmund,German 1. Bundesliga,Germany,Europe,"Leadership, Long Passer (AI), Playmaker (AI), Power Header, Outside Foot Shot",https://cdn.sofifa.net/players/178/603/22_120.png
232363,M. Škriniar,Milan Škriniar,CB,86,26,188,Inter,Italian Serie A,Slovakia,Europe,"Solid Player, Team Player",https://cdn.sofifa.net/players/232/363/22_120.png
226161,Marcos Llorente,Marcos Llorente Moreno,"CM, RM, ST",86,26,184,Atlético de Madrid,Spain Primera Division,Spain,Europe,Speed Dribbler (AI),https://cdn.sofifa.net/players/226/161/22_120.png
189513,Parejo,Daniel Parejo Muñoz,CM,86,32,182,Villarreal CF,Spain Primera Division,Spain,Europe,"Solid Player, Long Passer (AI), Playmaker (AI)",https://cdn.sofifa.net/players/189/513/22_120.png
204485,R. Mahrez,Riyad Mahrez,"RW, RM",86,30,179,Manchester City,English Premier League,Algeria,Africa,"Finesse Shot, Flair, Long Shot Taker (AI), Technical Dribbler (AI)",https://cdn.sofifa.net/players/204/485/22_120.png
201535,R. Varane,Raphaël Varane,CB,86,28,191,Manchester United,English Premier League,France,Europe,Dives Into Tackles (AI),https://cdn.sofifa.net/players/201/535/22_120.png
231866,Rodri,Rodrigo Hernández Cascante,CDM,86,25,191,Manchester City,English Premier League,Spain,Europe,Solid Player,https://cdn.sofifa.net/players/231/866/22_120.png
162835,S. Handanovič,Samir Handanovič,GK,86,36,193,Inter,Italian Serie A,Slovenia,Europe,"Solid Player, GK Long Throw, Team Player",https://cdn.sofifa.net/players/162/835/22_120.png
189511,Sergio Busquets,Sergio Busquets i Burgos,"CDM, CM",86,32,189,FC Barcelona,Spain Primera Division,Spain,Europe,"Leadership, Team Player",https://cdn.sofifa.net/players/189/511/22_120.png
189509,Thiago,Thiago Alcântara do Nascimento,"CM, CDM",86,30,174,Liverpool,English Premier League,Spain,Europe,"Injury Prone, Dives Into Tackles (AI), Flair, Playmaker (AI), Outside Foot Shot, Technical Dribbler (AI)",https://cdn.sofifa.net/players/189/509/22_120.png
194765,A. Griezmann,Antoine Griezmann,"ST, LW, RW",85,30,176,Atlético de Madrid,Spain Primera Division,France,Europe,"Finesse Shot, Flair, Long Shot Taker (AI), Playmaker (AI), Outside Foot Shot, Chip Shot (AI), Technical Dribbler (AI)",https://cdn.sofifa.net/players/194/765/22_120.png
143076,A. Gómez,Alejandro Darío Gómez,"CAM, CF, CM",85,33,167,Sevilla FC,Spain Primera Division,Argentina,South America,"Long Shot Taker (AI), Playmaker (AI), Outside Foot Shot, Technical Dribbler (AI)",https://cdn.sofifa.net/players/143/076/22_120.png
235212,A. Hakimi,Achraf Hakimi Mouh,"RB, RWB",85,22,181,Paris Saint-Germain,French Ligue 1,Morocco,Africa,"Solid Player, Dives Into Tackles (AI), Speed Dribbler (AI), Outside Foot Shot",https://cdn.sofifa.net/players/235/212/22_120.png
204963,Carvajal,Daniel Carvajal Ramos,RB,85,29,173,Real Madrid CF,Spain Primera Division,Spain,Europe,Team Player,https://cdn.sofifa.net/players/204/963/22_120.png
168542,David Silva,David Josué Jiménez Silva,"CAM, CM",85,35,173,Real Sociedad,Spain Primera Division,Spain,Europe,"Finesse Shot, Flair, Playmaker (AI), Outside Foot Shot, Technical Dribbler (AI)",https://cdn.sofifa.net/players/168/542/22_120.png
179813,E. Cavani,Edinson Roberto Cavani Gómez,ST,85,34,185,Manchester United,English Premier League,Uruguay,South America,"Injury Prone, Power Header",https://cdn.sofifa.net/players/179/813/22_120.png
183277,E. Hazard,Eden Hazard,LW,85,30,175,Real Madrid CF,Spain Primera Division,Belgium,Europe,"Injury Prone, Finesse Shot, Flair, Playmaker (AI), Outside Foot Shot, Technical Dribbler (AI)",https://cdn.sofifa.net/players/183/277/22_120.png
205498,Jorginho,Luiz Frello Filho Jorge,"CM, CDM",85,29,180,Chelsea,English Premier League,Italy,Europe,Playmaker (AI),https://cdn.sofifa.net/players/205/498/22_120.png
163587,K. Schmeichel,Kasper Peter Schmeichel,GK,85,34,189,Leicester City,English Premier League,Denmark,Europe,"Solid Player, Leadership, Team Player",https://cdn.sofifa.net/players/163/587/22_120.png
188377,K. Walker,Kyle Walker,RB,85,31,183,Manchester City,English Premier League,England,Europe,"Long Throw-in, Speed Dribbler (AI)",https://cdn.sofifa.net/players/188/377/22_120.png
193747,Koke,Jorge Resurrección Merodio,"CM, CDM",85,29,176,Atlético de Madrid,Spain Primera Division,Spain,Europe,"Leadership, Playmaker (AI), Team Player",https://cdn.sofifa.net/players/193/747/22_120.png
184344,L. Bonucci,Leonardo Bonucci,CB,85,34,190,Juventus,Italian Serie A,Italy,Europe,"Power Free-Kick, Solid Player, Long Passer (AI), Power Header",https://cdn.sofifa.net/players/184/344/22_120.png
231478,L. Martínez,Lautaro Javier Martínez,ST,85,23,174,Inter,Italian Serie A,Argentina,South America,"Flair, Power Header, Technical Dribbler (AI)",https://cdn.sofifa.net/players/231/478/22_120.png
202556,M. Depay,Memphis Depay,"CF, LW, CAM",85,27,176,FC Barcelona,Spain Primera Division,Netherlands,Europe,"Flair, Long Shot Taker (AI), Playmaker (AI), Outside Foot Shot, Technical Dribbler (AI)",https://cdn.sofifa.net/players/202/556/22_120.png
231677,M. Rashford,Marcus Rashford,"LM, ST",85,23,186,Manchester United,English Premier League,England,Europe,"Power Free-Kick, Flair, Long Shot Taker (AI), Speed Dribbler (AI), Team Player",https://cdn.sofifa.net/players/231/677/22_120.png
188350,M. Reus,Marco Reus,"CAM, CF",85,32,180,Borussia Dortmund,German 1. Bundesliga,Germany,Europe,"Injury Prone, Finesse Shot, Playmaker (AI), Outside Foot Shot, Technical Dribbler (AI)",https://cdn.sofifa.net/players/188/350/22_120.png
235243,M. de Ligt,Matthijs de Ligt,CB,85,21,189,Juventus,Italian Serie A,Netherlands,Europe,"Solid Player, Power Header",https://cdn.sofifa.net/players/235/243/22_120.png
230142,Oyarzabal,Mikel Oyarzabal Ugarte,"LW, RW",85,24,181,Real Sociedad,Spain Primera Division,Spain,Europe,"Solid Player, Finesse Shot, Outside Foot Shot, Technical Dribbler (AI)",https://cdn.sofifa.net/players/230/142/22_120.png
188567,P. Aubameyang,Pierre-Emerick Emiliano François Aubameyang,"ST, LW, LM",85,32,187,Arsenal,English Premier League,Gabon,Africa,"Solid Player, Finesse Shot, Speed Dribbler (AI), Outside Foot Shot, Chip Shot (AI)",https://cdn.sofifa.net/players/188/567/22_120.png
185122,P. Gulácsi,Péter Gulácsi,GK,85,31,191,RB Leipzig,German 1. Bundesliga,Hungary,Europe,Rushes Out Of Goal,https://cdn.sofifa.net/players/185/122/22_120.png
201942,Roberto Firmino,Roberto Firmino Barbosa de Oliveira,CF,85,29,181,Liverpool,English Premier League,Brazil,South America,"Flair, Playmaker (AI), Technical Dribbler (AI)",https://cdn.sofifa.net/players/201/942/22_120.png
206113,S. Gnabry,Serge David Gnabry,"RM, LM, RW",85,25,176,FC Bayern München,German 1. Bundesliga,Germany,Europe,"Injury Prone, Flair, Long Shot Taker (AI), Speed Dribbler (AI), Technical Dribbler (AI)",https://cdn.sofifa.net/players/206/113/22_120.png
223848,S. Milinković-Savić,Sergej Milinković-Savić,"CM, CDM, CAM",85,26,191,Lazio,Italian Serie A,Serbia,Europe,"Power Header, Outside Foot Shot",https://cdn.sofifa.net/players/223/848/22_120.png
198176,S. de Vrij,Stefan de Vrij,CB,85,29,189,Inter,Italian Serie A,Netherlands,Europe,Long Passer (AI),https://cdn.sofifa.net/players/198/176/22_120.png
164240,Thiago Silva,Thiago Emiliano da Silva,CB,85,36,183,Chelsea,English Premier League,Brazil,South America,"Leadership, Power Header",https://cdn.sofifa.net/players/164/240/22_120.png
226790,W. Ndidi,Onyinye Wilfred Ndidi,"CDM, CM",85,24,183,Leicester City,English Premier League,Nigeria,Africa,Long Shot Taker (AI),https://cdn.sofifa.net/players/226/790/22_120.png
177683,Y. Sommer,Yann Sommer,GK,85,32,183,Borussia Mönchengladbach,German 1. Bundesliga,Switzerland,Europe,Comes For Crosses,https://cdn.sofifa.net/players/177/683/22_120.png
186942,İ. Gündoğan,İlkay Gündoğan,"CM, CDM",85,30,180,Manchester City,English Premier League,Germany,Europe,"Injury Prone, Long Shot Taker (AI), Playmaker (AI), Technical Dribbler (AI)",https://cdn.sofifa.net/players/186/942/22_120.png
228941,André Silva,André Miguel Valente da Silva,ST,84,25,185,RB Leipzig,German 1. Bundesliga,Portugal,Europe,Flair,https://cdn.sofifa.net/players/228/941/22_120.png
197445,D. Alaba,David Olatukunbo Alaba,"CB, LB",84,29,180,Real Madrid CF,Spain Primera Division,Austria,Europe,Long Shot Taker (AI),https://cdn.sofifa.net/players/197/445/22_120.png
175943,D. Mertens,Dries Mertens,"CF, ST, CAM",84,34,169,Napoli,Italian Serie A,Belgium,Europe,"Finesse Shot, Flair, Long Shot Taker (AI), Outside Foot Shot, Technical Dribbler (AI)",https://cdn.sofifa.net/players/175/943/22_120.png
193080,De Gea,David De Gea Quintana,GK,84,30,192,Manchester United,English Premier League,Spain,Europe,"Cautious With Crosses, Saves with Feet",https://cdn.sofifa.net/players/193/080/22_120.png
202811,E. Martínez,Damián Emiliano Martínez,GK,84,28,195,Aston Villa,English Premier League,Argentina,South America,"GK Long Throw, Team Player, Comes For Crosses",https://cdn.sofifa.net/players/202/811/22_120.png
230938,F. Kessié,Franck Yannick Kessié,"CDM, CM",84,24,183,AC Milan,Italian Serie A,Côte d'Ivoire,Africa,"Solid Player, Leadership, Team Player",https://cdn.sofifa.net/players/230/938/22_120.png
208574,F. Kostić,Filip Kostić,"LM, LWB",84,28,184,Eintracht Frankfurt,German 1. Bundesliga,Serbia,Europe,"Power Free-Kick, Speed Dribbler (AI)",https://cdn.sofifa.net/players/208/574/22_120.png
207863,Felipe,Felipe Augusto de Almeida Monteiro,CB,84,32,190,Atlético de Madrid,Spain Primera Division,Brazil,South America,Power Header,https://cdn.sofifa.net/players/207/863/22_120.png
184134,Fernando,Fernando Francisco Reges,"CDM, CM",84,33,183,Sevilla FC,Spain Primera Division,Brazil,South America,Dives Into Tackles (AI),https://cdn.sofifa.net/players/184/134/22_120.png
181291,G. Wijnaldum,Georginio Wijnaldum,"CM, CDM",84,30,175,Paris Saint-Germain,French Ligue 1,Netherlands,Europe,"Solid Player, Flair",https://cdn.sofifa.net/players/181/291/22_120.png
203263,H. Maguire,Harry Maguire,CB,84,28,194,Manchester United,English Premier League,England,Europe,"Solid Player, Leadership, Long Passer (AI), Power Header",https://cdn.sofifa.net/players/203/263/22_120.png
208670,H. Ziyech,Hakim Ziyech,"RW, CAM",84,28,181,Chelsea,English Premier League,Morocco,Africa,"Flair, Long Shot Taker (AI), Playmaker (AI), Outside Foot Shot, Technical Dribbler (AI)",https://cdn.sofifa.net/players/208/670/22_120.png
192629,Iago Aspas,Iago Aspas Juncal,"ST, RW",84,33,176,RC Celta de Vigo,Spain Primera Division,Spain,Europe,"Leadership, Finesse Shot, Outside Foot Shot, Team Player, Chip Shot (AI)",https://cdn.sofifa.net/players/192/629/22_120.png
216460,J. Giménez,José María Giménez de Vargas,CB,84,26,185,Atlético de Madrid,Spain Primera Division,Uruguay,South America,"Injury Prone, Dives Into Tackles (AI)",https://cdn.sofifa.net/players/216/460/22_120.png
206517,J. Grealish,Jack Grealish,"LW, LM, CAM",84,25,180,Manchester City,English Premier League,England,Europe,"Flair, Playmaker (AI), Technical Dribbler (AI)",https://cdn.sofifa.net/players/206/517/22_120.png
183711,J. Henderson,Jordan Henderson,"CDM, CM",84,31,182,Liverpool,English Premier League,England,Europe,"Leadership, Early Crosser, Long Passer (AI), Team Player",https://cdn.sofifa.net/players/183/711/22_120.png
200647,J. Iličić,Josip Iličić,"CF, ST",84,33,190,Atalanta,Italian Serie A,Slovenia,Europe,"Finesse Shot, Flair, Long Shot Taker (AI), Outside Foot Shot, Technical Dribbler (AI)",https://cdn.sofifa.net/players/200/647/22_120.png
146536,Jesús Navas,Jesús Navas González,"RB, RM",84,35,172,Sevilla FC,Spain Primera Division,Spain,Europe,"Early Crosser, Speed Dribbler (AI), Team Player",https://cdn.sofifa.net/players/146/536/22_120.png
235790,K. Havertz,Kai Lukas Havertz,"CAM, CF, CM",84,22,188,Chelsea,English Premier League,Germany,Europe,"Finesse Shot, Playmaker (AI), Outside Foot Shot, Chip Shot (AI), Technical Dribbler (AI)",https://cdn.sofifa.net/players/235/790/22_120.png
186345,K. Trippier,Kieran Trippier,"RB, RWB, RM",84,30,173,Atlético de Madrid,Spain Primera Division,England,Europe,"Long Throw-in, Solid Player, Early Crosser",https://cdn.sofifa.net/players/186/345/22_120.png
200458,L. Digne,Lucas Digne,LB,84,27,178,Everton,English Premier League,France,Europe,"Long Throw-in, Dives Into Tackles (AI), Early Crosser",https://cdn.sofifa.net/players/200/458/22_120.png
222492,L. Sané,Leroy Aziz Sané,"RM, LM",84,25,183,FC Bayern München,German 1. Bundesliga,Germany,Europe,"Power Free-Kick, Flair, Speed Dribbler (AI)",https://cdn.sofifa.net/players/222/492/22_120.png
205988,L. Shaw,Luke Shaw,LB,84,25,181,Manchester United,English Premier League,England,Europe,"Injury Prone, Early Crosser, Speed Dribbler (AI)",https://cdn.sofifa.net/players/205/988/22_120.png
198706,Luis Alberto,Luis Alberto Romero Alconchel,"CAM, CM, CF",84,28,183,Lazio,Italian Serie A,Spain,Europe,"Finesse Shot, Flair, Long Passer (AI), Long Shot Taker (AI), Playmaker (AI), Technical Dribbler (AI)",https://cdn.sofifa.net/players/198/706/22_120.png
224334,M. Acuña,Marcos Javier Acuña,"LB, LM",84,29,172,Sevilla FC,Spain Primera Division,Argentina,South America,"Flair, Long Passer (AI), Outside Foot Shot",https://cdn.sofifa.net/players/224/334/22_120.png
216352,M. Brozović,Marcelo Brozović,"CDM, CM",84,28,181,Inter,Italian Serie A,Croatia,Europe,"Dives Into Tackles (AI), Finesse Shot, Long Passer (AI), Long Shot Taker (AI)",https://cdn.sofifa.net/players/216/352/22_120.png
207862,M. Ginter,Matthias Ginter,CB,84,27,191,Borussia Mönchengladbach,German 1. Bundesliga,Germany,Europe,"Solid Player, Long Passer (AI), Team Player",https://cdn.sofifa.net/players/207/862/22_120.png
215698,M. Maignan,Mike Maignan,GK,84,25,191,AC Milan,Italian Serie A,France,Europe,Comes For Crosses,https://cdn.sofifa.net/players/215/698/22_120.png
204923,M. Sabitzer,Marcel Sabitzer,"CM, CDM, CAM",84,27,178,FC Bayern München,German 1. Bundesliga,Austria,Europe,"Injury Prone, Long Shot Taker (AI), Playmaker (AI), Outside Foot Shot",https://cdn.sofifa.net/players/204/923/22_120.png
224232,N. Barella,Nicolò Barella,CM,84,24,172,Inter,Italian Serie A,Italy,Europe,"Solid Player, Technical Dribbler (AI)",https://cdn.sofifa.net/players/224/232/22_120.png
216594,N. Fekir,Nabil Fekir,"CAM, RM, ST",84,27,173,Real Betis Balompié,Spain Primera Division,France,Europe,"Power Free-Kick, Finesse Shot, Flair, Outside Foot Shot, Chip Shot (AI), Technical Dribbler (AI)",https://cdn.sofifa.net/players/216/594/22_120.png
237692,P. Foden,Philip Foden,"CAM, LW, CM",84,21,171,Manchester City,English Premier League,England,Europe,"Flair, Long Shot Taker (AI), Playmaker (AI), Technical Dribbler (AI)",https://cdn.sofifa.net/players/237/692/22_120.png
152729,Piqué,Gerard Piqué Bernabéu,CB,84,34,194,FC Barcelona,Spain Primera Division,Spain,Europe,Leadership,https://cdn.sofifa.net/players/152/729/22_120.png
209889,R. Guerreiro,Raphaël Adelino José Guerreiro,"LB, LM",84,27,170,Borussia Dortmund,German 1. Bundesliga,Portugal,Europe,"Flair, Outside Foot Shot, Technical Dribbler (AI)",https://cdn.sofifa.net/players/209/889/22_120.png
210243,Ricardo Pereira,Ricardo Domingos Barbosa Pereira,"RB, RM",84,27,175,Leicester City,English Premier League,Portugal,Europe,"Early Crosser, Speed Dribbler (AI), Team Player",https://cdn.sofifa.net/players/210/243/22_120.png
204639,S. Savić,Stefan Savić,CB,84,30,187,Atlético de Madrid,Spain Primera Division,Montenegro,Europe,Power Header,https://cdn.sofifa.net/players/204/639/22_120.png
232656,T. Hernández,Theo Bernard François Hernández,LB,84,23,184,AC Milan,Italian Serie A,France,Europe,Speed Dribbler (AI),https://cdn.sofifa.net/players/232/656/22_120.png
212188,T. Werner,Timo Werner,"ST, LW",84,25,180,Chelsea,English Premier League,Germany,Europe,Speed Dribbler (AI),https://cdn.sofifa.net/players/212/188/22_120.png
199451,W. Ben Yedder,Wissam Ben Yedder,ST,84,30,170,AS Monaco,French Ligue 1,France,Europe,"Leadership, Flair, Outside Foot Shot, Team Player, Chip Shot (AI), Technical Dribbler (AI)",https://cdn.sofifa.net/players/199/451/22_120.png
208418,Y. Carrasco,Yannick Ferreira Carrasco,"LM, ST",84,27,185,Atlético de Madrid,Spain Primera Division,Belgium,Europe,"Flair, Long Shot Taker (AI), Speed Dribbler (AI)",https://cdn.sofifa.net/players/208/418/22_120.png
216393,Y. Tielemans,Youri Tielemans,"CM, CDM",84,24,176,Leicester City,English Premier League,Belgium,Europe,"Solid Player, Long Passer (AI), Long Shot Taker (AI), Playmaker (AI)",https://cdn.sofifa.net/players/216/393/22_120.png
41236,Z. Ibrahimović,Zlatan Ibrahimović,ST,84,39,195,AC Milan,Italian Serie A,Sweden,Europe,"Injury Prone, Leadership, Outside Foot Shot, Technical Dribbler (AI)",https://cdn.sofifa.net/players/041/236/22_120.png
216354,A. Kramarić,Andrej Kramarić,"ST, CAM",83,30,177,TSG Hoffenheim,German 1. Bundesliga,Croatia,Europe,"Flair, Long Shot Taker (AI), Outside Foot Shot, Chip Shot (AI), Technical Dribbler (AI)",https://cdn.sofifa.net/players/216/354/22_120.png
205452,A. Rüdiger,Antonio Rüdiger,CB,83,28,190,Chelsea,English Premier League,Germany,Europe,Long Passer (AI),https://cdn.sofifa.net/players/205/452/22_120.png
229880,A. Wan-Bissaka,Aaron Wan-Bissaka,RB,83,23,183,Manchester United,English Premier League,England,Europe,"Solid Player, Dives Into Tackles (AI)",https://cdn.sofifa.net/players/229/880/22_120.png
177413,A. Witsel,Axel Witsel,"CDM, CM",83,32,186,Borussia Dortmund,German 1. Bundesliga,Belgium,Europe,"Solid Player, Leadership",https://cdn.sofifa.net/players/177/413/22_120.png
191043,Alex Sandro,Alex Sandro Lobo Silva,"LB, LM",83,30,180,Juventus,Italian Serie A,Brazil,South America,Speed Dribbler (AI),https://cdn.sofifa.net/players/191/043/22_120.png
199914,Allan,Allan Marques Loureiro,"CDM, CM",83,30,175,Everton,English Premier League,Brazil,South America,Leadership,https://cdn.sofifa.net/players/199/914/22_120.png
220651,Angeliño,José Ángel Esmoris Tasende,"LWB, LM",83,24,175,RB Leipzig,German 1. Bundesliga,Spain,Europe,"Early Crosser, Flair, Long Shot Taker (AI), Outside Foot Shot, Technical Dribbler (AI)",https://cdn.sofifa.net/players/220/651/22_120.png
230658,Arthur,Arthur Henrique Ramos de Oliveira Melo,CM,83,24,171,Juventus,Italian Serie A,Brazil,South America,"Playmaker (AI), Technical Dribbler (AI)",https://cdn.sofifa.net/players/230/658/22_120.png
184432,Azpilicueta,César Azpilicueta Tanco,"CB, RWB",83,31,178,Chelsea,English Premier League,Spain,Europe,"Long Throw-in, Solid Player, Early Crosser, Long Passer (AI), Team Player",https://cdn.sofifa.net/players/184/432/22_120.png
192563,B. Leno,Bernd Leno,GK,83,29,190,Arsenal,English Premier League,Germany,Europe,"Rushes Out Of Goal, Cautious With Crosses",https://cdn.sofifa.net/players/192/563/22_120.png
190286,Canales,Sergio Canales Madrazo,"CM, CDM, LM",83,30,176,Real Betis Balompié,Spain Primera Division,Spain,Europe,"Injury Prone, Finesse Shot, Flair, Long Shot Taker (AI), Playmaker (AI)",https://cdn.sofifa.net/players/190/286/22_120.png
215333,D. Zapata,Duván Esteban Zapata Banguera,ST,83,30,189,Atalanta,Italian Serie A,Colombia,South America,Power Header,https://cdn.sofifa.net/players/215/333/22_120.png
180930,E. Džeko,Edin Džeko,ST,83,35,193,Inter,Italian Serie A,Bosnia and Herzegovina,Europe,"Finesse Shot, Technical Dribbler (AI)",https://cdn.sofifa.net/players/180/930/22_120.png
199845,F. Acerbi,Francesco Acerbi,CB,83,33,192,Lazio,Italian Serie A,Italy,Europe,"Leadership, Long Passer (AI), Power Header",https://cdn.sofifa.net/players/199/845/22_120.png
235805,F. Chiesa,Federico Chiesa,"RW, LW, RM",83,23,175,Juventus,Italian Serie A,Italy,Europe,"Long Shot Taker (AI), Speed Dribbler (AI)",https://cdn.sofifa.net/players/235/805/22_120.png
228618,F. Mendy,Ferland Mendy,LB,83,26,180,Real Madrid CF,Spain Primera Division,France,Europe,"Flair, Speed Dribbler (AI)",https://cdn.sofifa.net/players/228/618/22_120.png
239053,F. Valverde,Federico Santiago Valverde Dipetta,CM,83,22,182,Real Madrid CF,Spain Primera Division,Uruguay,South America,Long Shot Taker (AI),https://cdn.sofifa.net/players/239/053/22_120.png
135507,Fernandinho,Fernando Luiz Rosa,"CDM, CB",83,36,179,Manchester City,English Premier League,Brazil,South America,"Leadership, Team Player",https://cdn.sofifa.net/players/135/507/22_120.png
230666,Gabriel Jesus,Gabriel Fernando de Jesus,ST,83,24,175,Manchester City,English Premier League,Brazil,South America,"Flair, Chip Shot (AI), Technical Dribbler (AI)",https://cdn.sofifa.net/players/230/666/22_120.png
211688,Gayà,José Luís Gayà Peña,"LB, LWB, LM",83,26,172,Valencia CF,Spain Primera Division,Spain,Europe,"Team Player, Technical Dribbler (AI)",https://cdn.sofifa.net/players/211/688/22_120.png
192883,H. Mkhitaryan,Henrikh Mkhitaryan,"CF, RM, RW",83,32,177,Roma,Italian Serie A,Armenia,Europe,"Finesse Shot, Flair",https://cdn.sofifa.net/players/192/883/22_120.png
183907,J. Boateng,Jérôme Boateng,CB,83,32,190,Olympique Lyonnais,French Ligue 1,Germany,Europe,"Long Throw-in, Injury Prone, Long Passer (AI)",https://cdn.sofifa.net/players/183/907/22_120.png
193082,J. Cuadrado,Juan Guillermo Cuadrado Bello,"RB, RM",83,33,179,Juventus,Italian Serie A,Colombia,South America,"Flair, Technical Dribbler (AI)",https://cdn.sofifa.net/players/193/082/22_120.png
241486,J. Koundé,Jules Koundé,CB,83,22,181,Sevilla FC,Spain Primera Division,France,Europe,,https://cdn.sofifa.net/players/241/486/22_120.png
197061,J. Matip,Joël Andre Job Matip,CB,83,29,194,Liverpool,English Premier League,Cameroon,Africa,Injury Prone,https://cdn.sofifa.net/players/197/061/22_120.png
204935,J. Pickford,Jordan Pickford,GK,83,27,185,Everton,English Premier League,England,Europe,"Solid Player, Long Passer (AI), Rushes Out Of Goal, Saves with Feet",https://cdn.sofifa.net/players/204/935/22_120.png
203574,J. Stones,John Stones,CB,83,27,188,Manchester City,English Premier League,England,Europe,Long Throw-in,https://cdn.sofifa.net/players/203/574/22_120.png
242444,João Félix,João Félix Sequeira,"CF, ST",83,21,181,Atlético de Madrid,Spain Primera Division,Portugal,Europe,"Flair, Playmaker (AI), Outside Foot Shot, Technical Dribbler (AI)",https://cdn.sofifa.net/players/242/444/22_120.png
192774,K. Manolas,Konstantinos Manolas,CB,83,30,189,Napoli,Italian Serie A,Greece,Europe,Dives Into Tackles (AI),https://cdn.sofifa.net/players/192/774/22_120.png
200610,K. Volland,Kevin Volland,"ST, CF",83,28,179,AS Monaco,French Ligue 1,Germany,Europe,Solid Player,https://cdn.sofifa.net/players/200/610/22_120.png
220814,L. Hernández,Lucas François Bernard Hernández Pi,"LB, CB",83,25,184,FC Bayern München,German 1. Bundesliga,France,Europe,Injury Prone,https://cdn.sofifa.net/players/220/814/22_120.png
190941,L. Hrádecký,Lukáš Hrádecký,GK,83,31,192,Bayer 04 Leverkusen,German 1. Bundesliga,Finland,Europe,"Leadership, Team Player, Comes For Crosses, Saves with Feet",https://cdn.sofifa.net/players/190/941/22_120.png
205632,L. Ocampos,Lucas Ariel Ocampos,"LW, RW",83,26,188,Sevilla FC,Spain Primera Division,Argentina,South America,"Flair, Speed Dribbler (AI), Outside Foot Shot",https://cdn.sofifa.net/players/205/632/22_120.png
202884,L. Spinazzola,Leonardo Spinazzola,"LWB, LB, LM",83,28,186,Roma,Italian Serie A,Italy,Europe,"Injury Prone, Speed Dribbler (AI)",https://cdn.sofifa.net/players/202/884/22_120.png
201399,M. Icardi,Mauro Emanuel Icardi Rivero,ST,83,28,181,Paris Saint-Germain,French Ligue 1,Argentina,South America,"Power Header, Outside Foot Shot",https://cdn.sofifa.net/players/201/399/22_120.png
207410,M. Kovačić,Mateo Kovačić,"CM, CDM",83,27,176,Chelsea,English Premier League,Croatia,Europe,"Flair, Playmaker (AI), Technical Dribbler (AI)",https://cdn.sofifa.net/players/207/410/22_120.png
233064,M. Mount,Mason Mount,"CAM, CM, RW",83,22,178,Chelsea,English Premier League,England,Europe,"Long Shot Taker (AI), Technical Dribbler (AI)",https://cdn.sofifa.net/players/233/064/22_120.png
220834,Marco Asensio,Marco Asensio Willemsen,"RW, LW",83,25,182,Real Madrid CF,Spain Primera Division,Spain,Europe,Long Shot Taker (AI),https://cdn.sofifa.net/players/220/834/22_120.png
225193,Merino,Mikel Merino Zazón,CM,83,25,189,Real Sociedad,Spain Primera Division,Spain,Europe,"Flair, Long Shot Taker (AI), Outside Foot Shot",https://cdn.sofifa.net/players/225/193/22_120.png
201153,Morata,Álvaro Borja Morata Martín,ST,83,28,190,Juventus,Italian Serie A,Spain,Europe,Speed Dribbler (AI),https://cdn.sofifa.net/players/201/153/22_120.png
189575,Muniain,Iker Muniain Goñi,"CAM, RM, LM",83,28,170,Athletic Club de Bilbao,Spain Primera Division,Spain,Europe,"Finesse Shot, Flair, Playmaker (AI), Outside Foot Shot, Team Player, Technical Dribbler (AI)",https://cdn.sofifa.net/players/189/575/22_120.png
203841,N. Pope,Nick Pope,GK,83,29,199,Burnley,English Premier League,England,Europe,"Comes For Crosses, Saves with Feet",https://cdn.sofifa.net/players/203/841/22_120.png
231443,O. Dembélé,Ousmane Dembélé,RW,83,24,178,FC Barcelona,Spain Primera Division,France,Europe,"Injury Prone, Flair, Speed Dribbler (AI)",https://cdn.sofifa.net/players/231/443/22_120.png
213648,P. Højbjerg,Pierre-Emile Kordt Højbjerg,"CDM, CM",83,25,185,Tottenham Hotspur,English Premier League,Denmark,Europe,"Solid Player, Leadership, Long Shot Taker (AI)",https://cdn.sofifa.net/players/213/648/22_120.png
225850,P. Kimpembe,Presnel Kimpembe,CB,83,25,189,Paris Saint-Germain,French Ligue 1,France,Europe,"Leadership, Team Player",https://cdn.sofifa.net/players/225/850/22_120.png
223697,R. Gosens,Robin Everardus Gosens,"LWB, LB, LM",83,26,183,Atalanta,Italian Serie A,Germany,Europe,"Early Crosser, Long Shot Taker (AI)",https://cdn.sofifa.net/players/223/697/22_120.png
204838,R. Jiménez,Raúl Alonso Jiménez Rodríguez,ST,83,30,188,Wolverhampton Wanderers,English Premier League,Mexico,North America,"Flair, Power Header, Outside Foot Shot, Technical Dribbler (AI)",https://cdn.sofifa.net/players/204/838/22_120.png
179645,S. Kjær,Simon Thorup Kjær,CB,83,32,190,AC Milan,Italian Serie A,Denmark,Europe,"Leadership, Long Passer (AI)",https://cdn.sofifa.net/players/179/645/22_120.png
178750,Sergio Asenjo,Sergio Asenjo Andrés,GK,83,32,189,Villarreal CF,Spain Primera Division,Spain,Europe,"Injury Prone, Comes For Crosses",https://cdn.sofifa.net/players/178/750/22_120.png
213565,T. Lemar,Thomas Lemar,"LM, CM, RM",83,25,171,Atlético de Madrid,Spain Primera Division,France,Europe,"Finesse Shot, Technical Dribbler (AI)",https://cdn.sofifa.net/players/213/565/22_120.png
209989,T. Partey,Thomas Partey,"CM, CDM",83,28,185,Arsenal,English Premier League,Ghana,Africa,Long Shot Taker (AI),https://cdn.sofifa.net/players/209/989/22_120.png
223689,W. Weghorst,Wout Weghorst,ST,83,28,197,VfL Wolfsburg,German 1. Bundesliga,Netherlands,Europe,Power Header,https://cdn.sofifa.net/players/223/689/22_120.png
214997,Á. Correa,Ángel Martín Correa,"ST, RM",83,26,171,Atlético de Madrid,Spain Primera Division,Argentina,South America,"Flair, Technical Dribbler (AI)",https://cdn.sofifa.net/players/214/997/22_120.png
234642,É. Mendy,Édouard Mendy,GK,83,29,197,Chelsea,English Premier League,Senegal,Africa,"Leadership, Comes For Crosses",https://cdn.sofifa.net/players/234/642/22_120.png
193105,A. Areola,Alphonse Areola,GK,82,28,195,West Ham United,English Premier League,France,Europe,Comes For Crosses,https://cdn.sofifa.net/players/193/105/22_120.png
234396,A. Davies,Alphonso Boyle Davies,"LB, LM",82,20,183,FC Bayern München,German 1. Bundesliga,Canada,North America,"Flair, Speed Dribbler (AI)",https://cdn.sofifa.net/players/234/396/22_120.png
233731,A. Isak,Alexander Isak,ST,82,21,192,Real Sociedad,Spain Primera Division,Sweden,Europe,"Flair, Speed Dribbler (AI), Outside Foot Shot",https://cdn.sofifa.net/players/233/731/22_120.png
193301,A. Lacazette,Alexandre Lacazette,ST,82,30,175,Arsenal,English Premier League,France,Europe,Technical Dribbler (AI),https://cdn.sofifa.net/players/193/301/22_120.png
199482,A. Lopes,Anthony Lopes,GK,82,30,184,Olympique Lyonnais,French Ligue 1,Portugal,Europe,"Team Player, Comes For Crosses",https://cdn.sofifa.net/players/199/482/22_120.png
220018,A. Rebić,Ante Rebić,"LM, ST",82,27,185,AC Milan,Italian Serie A,Croatia,Europe,Technical Dribbler (AI),https://cdn.sofifa.net/players/220/018/22_120.png
210413,A. Romagnoli,Alessio Romagnoli,CB,82,26,185,AC Milan,Italian Serie A,Italy,Europe,Leadership,https://cdn.sofifa.net/players/210/413/22_120.png
212462,Alex Telles,Alex Nicolao Telles,LB,82,28,181,Manchester United,English Premier League,Brazil,South America,"Solid Player, Long Shot Taker (AI), Speed Dribbler (AI), Outside Foot Shot, Team Player",https://cdn.sofifa.net/players/212/462/22_120.png
229984,B. Chilwell,Ben Chilwell,"LWB, LB",82,24,178,Chelsea,English Premier League,England,Europe,Speed Dribbler (AI),https://cdn.sofifa.net/players/229/984/22_120.png
190460,C. Eriksen,Christian Dannemann Eriksen,"CM, CAM",82,29,181,Inter,Italian Serie A,Denmark,Europe,"Flair, Long Passer (AI), Long Shot Taker (AI), Playmaker (AI)",https://cdn.sofifa.net/players/190/460/22_120.png
220440,C. Lenglet,Clément Nicolas Laurent Lenglet,CB,82,26,186,FC Barcelona,Spain Primera Division,France,Europe,Power Header,https://cdn.sofifa.net/players/220/440/22_120.png
227796,C. Pulisic,Christian Mate Pulisic,"LW, RW, LM",82,22,177,Chelsea,English Premier League,United States,North America,"Injury Prone, Speed Dribbler (AI)",https://cdn.sofifa.net/players/227/796/22_120.png
232488,C. Romero,Cristian Gabriel Romero,CB,82,23,185,Tottenham Hotspur,English Premier League,Argentina,South America,Dives Into Tackles (AI),https://cdn.sofifa.net/players/232/488/22_120.png
199823,Campaña,José Ángel Gómez Campaña,"CM, LM, RM",82,28,179,Levante Unión Deportiva,Spain Primera Division,Spain,Europe,"Finesse Shot, Playmaker (AI), Outside Foot Shot",https://cdn.sofifa.net/players/199/823/22_120.png
189242,Coutinho,Philippe Coutinho Correia,"CAM, LW, CM",82,29,172,FC Barcelona,Spain Primera Division,Brazil,South America,"Flair, Long Shot Taker (AI), Outside Foot Shot, Technical Dribbler (AI)",https://cdn.sofifa.net/players/189/242/22_120.png
210935,D. Berardi,Domenico Berardi,"RW, RM",82,26,183,U.S. Sassuolo Calcio,Italian Serie A,Italy,Europe,"Flair, Long Shot Taker (AI), Team Player, Technical Dribbler (AI)",https://cdn.sofifa.net/players/210/935/22_120.png
233096,D. Dumfries,Denzel Justus Morris Dumfries,RB,82,25,188,Inter,Italian Serie A,Netherlands,Europe,"Long Throw-in, Solid Player, Speed Dribbler (AI)",https://cdn.sofifa.net/players/233/096/22_120.png
234378,D. Rice,Declan Rice,"CDM, CM",82,22,185,West Ham United,English Premier League,England,Europe,"Leadership, Long Passer (AI)",https://cdn.sofifa.net/players/234/378/22_120.png
229558,D. Upamecano,Dayotchanculle Oswald Upamecano,CB,82,22,186,FC Bayern München,German 1. Bundesliga,France,Europe,,https://cdn.sofifa.net/players/229/558/22_120.png
244260,Dani Olmo,Daniel Olmo Carvajal,"CAM, CF",82,23,179,RB Leipzig,German 1. Bundesliga,Spain,Europe,"Flair, Long Shot Taker (AI), Outside Foot Shot, Technical Dribbler (AI)",https://cdn.sofifa.net/players/244/260/22_120.png
219693,Diego Carlos,Diego Carlos Santos Silva,CB,82,28,185,Sevilla FC,Spain Primera Division,Brazil,South America,Long Passer (AI),https://cdn.sofifa.net/players/219/693/22_120.png
224458,Diogo Jota,Diogo José Teixeira da Silva,"LW, ST",82,24,178,Liverpool,English Premier League,Portugal,Europe,Speed Dribbler (AI),https://cdn.sofifa.net/players/224/458/22_120.png
208333,E. Can,Emre Can,"CM, CB, CDM",82,27,186,Borussia Dortmund,German 1. Bundesliga,Germany,Europe,"Dives Into Tackles (AI), Leadership, Flair, Long Shot Taker (AI), Technical Dribbler (AI)",https://cdn.sofifa.net/players/208/333/22_120.png
234943,F. Neuhaus,Florian Christian Neuhaus,CM,82,24,185,Borussia Mönchengladbach,German 1. Bundesliga,Germany,Europe,Playmaker (AI),https://cdn.sofifa.net/players/234/943/22_120.png
226271,Fabián,Fabián Ruiz Peña,CM,82,25,189,Napoli,Italian Serie A,Spain,Europe,"Finesse Shot, Long Shot Taker (AI), Outside Foot Shot",https://cdn.sofifa.net/players/226/271/22_120.png
241461,Ferran Torres,Ferran Torres García,"RW, ST",82,21,184,Manchester City,English Premier League,Spain,Europe,Technical Dribbler (AI),https://cdn.sofifa.net/players/241/461/22_120.png
173731,G. Bale,Gareth Frank Bale,"RM, RW",82,31,185,Real Madrid CF,Spain Primera Division,Wales,Europe,"Long Throw-in, Injury Prone, Long Shot Taker (AI), Speed Dribbler (AI), Outside Foot Shot, Chip Shot (AI)",https://cdn.sofifa.net/players/173/731/22_120.png
201305,Gabriel Paulista,Gabriel Armando de Abreu,CB,82,30,185,Valencia CF,Spain Primera Division,Brazil,South America,Dives Into Tackles (AI),https://cdn.sofifa.net/players/201/305/22_120.png
208128,H. Çalhanoğlu,Hakan Çalhanoğlu,"CAM, LM",82,27,178,Inter,Italian Serie A,Turkey,Europe,"Flair, Long Passer (AI), Long Shot Taker (AI), Outside Foot Shot",https://cdn.sofifa.net/players/208/128/22_120.png
193474,I. Gueye,Idrissa Gana Gueye,"CDM, CM",82,31,174,Paris Saint-Germain,French Ligue 1,Senegal,Africa,"Long Shot Taker (AI), Team Player",https://cdn.sofifa.net/players/193/474/22_120.png
168651,I. Rakitić,Ivan Rakitić,CM,82,33,184,Sevilla FC,Spain Primera Division,Croatia,Europe,"Solid Player, Playmaker (AI), Outside Foot Shot",https://cdn.sofifa.net/players/168/651/22_120.png
197781,Isco,Francisco Román Alarcón Suárez,"CAM, CM, LW",82,29,176,Real Madrid CF,Spain Primera Division,Spain,Europe,"Finesse Shot, Flair, Playmaker (AI), Outside Foot Shot, Technical Dribbler (AI)",https://cdn.sofifa.net/players/197/781/22_120.png
225100,J. Gomez,Joe Gomez,CB,82,24,188,Liverpool,English Premier League,England,Europe,"Long Throw-in, Injury Prone",https://cdn.sofifa.net/players/225/100/22_120.png
220697,J. Maddison,James Maddison,"CAM, CM",82,24,175,Leicester City,English Premier League,England,Europe,"Flair, Long Shot Taker (AI), Playmaker (AI), Outside Foot Shot",https://cdn.sofifa.net/players/220/697/22_120.png
201519,J. Veretout,Jordan Veretout,"CDM, CM",82,28,177,Roma,Italian Serie A,France,Europe,"Long Shot Taker (AI), Playmaker (AI)",https://cdn.sofifa.net/players/201/519/22_120.png
205069,Juan Bernat,Juan Bernat Velasco,LB,82,28,170,Paris Saint-Germain,French Ligue 1,Spain,Europe,Speed Dribbler (AI),https://cdn.sofifa.net/players/205/069/22_120.png
188943,K. Trapp,Kevin Trapp,GK,82,30,189,Eintracht Frankfurt,German 1. Bundesliga,Germany,Europe,"Leadership, Rushes Out Of Goal, Comes For Crosses",https://cdn.sofifa.net/players/188/943/22_120.png
229906,L. Bailey,Leon Bailey Butler,"RM, RW, LW",82,23,178,Aston Villa,English Premier League,Jamaica,North America,"Flair, Speed Dribbler (AI), Outside Foot Shot, Technical Dribbler (AI)",https://cdn.sofifa.net/players/229/906/22_120.png
199110,L. Muriel,Luis Fernando Muriel Fruto,ST,82,30,179,Atalanta,Italian Serie A,Colombia,South America,"Flair, Long Shot Taker (AI), Speed Dribbler (AI), Team Player",https://cdn.sofifa.net/players/199/110/22_120.png
187072,L. Stindl,Lars Edi Stindl,"CAM, ST",82,32,181,Borussia Mönchengladbach,German 1. Bundesliga,Germany,Europe,Finesse Shot,https://cdn.sofifa.net/players/187/072/22_120.png
222077,M. Locatelli,Manuel Locatelli,"CDM, CM",82,23,185,Juventus,Italian Serie A,Italy,Europe,"Long Shot Taker (AI), Playmaker (AI)",https://cdn.sofifa.net/players/222/077/22_120.png
208461,M. de Roon,Marten Elco de Roon,"CDM, CM",82,30,185,Atalanta,Italian Serie A,Netherlands,Europe,Solid Player,https://cdn.sofifa.net/players/208/461/22_120.png
222665,M. Ødegaard,Martin Ødegaard,"CAM, CM",82,22,178,Arsenal,English Premier League,Norway,Europe,"Solid Player, Flair, Playmaker (AI), Outside Foot Shot, Technical Dribbler (AI)",https://cdn.sofifa.net/players/222/665/22_120.png
229668,Mario Hermoso,Mario Hermoso Canseco,"CB, LB",82,26,185,Atlético de Madrid,Spain Primera Division,Spain,Europe,Dives Into Tackles (AI),https://cdn.sofifa.net/players/229/668/22_120.png
212190,N. Süle,Niklas Süle,"CB, RB",82,25,195,FC Bayern München,German 1. Bundesliga,Germany,Europe,Injury Prone,https://cdn.sofifa.net/players/212/190/22_120.png
194404,Neto,Norberto Murara Neto,GK,82,31,190,FC Barcelona,Spain Primera Division,Brazil,South America,,https://cdn.sofifa.net/players/194/404/22_120.png
193698,O. Baumann,Oliver Baumann,GK,82,31,187,TSG Hoffenheim,German 1. Bundesliga,Germany,Europe,"Leadership, Saves with Feet",https://cdn.sofifa.net/players/193/698/22_120.png
211515,P. Gollini,Pierluigi Gollini,GK,82,26,194,Tottenham Hotspur,English Premier League,Italy,Europe,"Rushes Out Of Goal, Comes For Crosses",https://cdn.sofifa.net/players/211/515/22_120.png
241464,Pau Torres,Pau Francisco Torres,CB,82,24,191,Villarreal CF,Spain Primera Division,Spain,Europe,Power Header,https://cdn.sofifa.net/players/241/464/22_120.png
205070,Portu,Cristian Portugués Manzanera,"RW, RM, LW",82,29,167,Real Sociedad,Spain Primera Division,Spain,Europe,"Finesse Shot, Speed Dribbler (AI)",https://cdn.sofifa.net/players/205/070/22_120.png
212616,R. De Paul,Rodrigo Javier De Paul,"CM, CF",82,27,180,Atlético de Madrid,Spain Primera Division,Argentina,South America,"Finesse Shot, Long Passer (AI), Long Shot Taker (AI), Playmaker (AI), Technical Dribbler (AI)",https://cdn.sofifa.net/players/212/616/22_120.png
233419,Raphinha,Raphael Dias Belloli,"RM, RW",82,24,176,Leeds United,English Premier League,Brazil,South America,"Flair, Long Shot Taker (AI), Speed Dribbler (AI), Playmaker (AI), Technical Dribbler (AI)",https://cdn.sofifa.net/players/233/419/22_120.png
157481,Raúl Albiol,Raúl Albiol Tortajada,CB,82,35,190,Villarreal CF,Spain Primera Division,Spain,Europe,"Dives Into Tackles (AI), Leadership, Long Passer (AI)",https://cdn.sofifa.net/players/157/481/22_120.png
231943,Richarlison,Richarlison de Andrade,"ST, LW, LM",82,24,181,Everton,English Premier League,Brazil,South America,"Flair, Power Header, Technical Dribbler (AI)",https://cdn.sofifa.net/players/231/943/22_120.png
178005,Rui Patrício,Rui Pedro dos Santos Patrício,GK,82,33,190,Roma,Italian Serie A,Portugal,Europe,"Solid Player, Cautious With Crosses",https://cdn.sofifa.net/players/178/005/22_120.png
224293,Rúben Neves,Rúben Diogo da Silva Neves,CM,82,24,180,Wolverhampton Wanderers,English Premier League,Portugal,Europe,"Long Passer (AI), Long Shot Taker (AI), Playmaker (AI)",https://cdn.sofifa.net/players/224/293/22_120.png
168435,S. Sirigu,Salvatore Sirigu,GK,82,34,192,Genoa,Italian Serie A,Italy,Europe,"Solid Player, GK Long Throw",https://cdn.sofifa.net/players/168/435/22_120.png
208421,Saúl,Saúl Ñíguez Esclápez,"CM, LM",82,26,184,Chelsea,English Premier League,Spain,Europe,"Finesse Shot, Long Shot Taker (AI)",https://cdn.sofifa.net/players/208/421/22_120.png
202651,Suso,Jesús Joaquín Fernández Sáez de la Torre,RW,82,27,176,Sevilla FC,Spain Primera Division,Spain,Europe,"Early Crosser, Finesse Shot, Long Shot Taker (AI), Technical Dribbler (AI)",https://cdn.sofifa.net/players/202/651/22_120.png
203486,T. Hazard,Thorgan Hazard,"LM, CF",82,28,175,Borussia Dortmund,German 1. Bundesliga,Belgium,Europe,"Flair, Technical Dribbler (AI)",https://cdn.sofifa.net/players/203/486/22_120.png
235569,T. Ndombele,Tanguy Ndombèlé Alvaro,"CAM, CM, CDM",82,24,179,Tottenham Hotspur,English Premier League,France,Europe,"Flair, Outside Foot Shot, Technical Dribbler (AI)",https://cdn.sofifa.net/players/235/569/22_120.png
236792,T. Souček,Tomáš Souček,"CDM, CM",82,26,192,West Ham United,English Premier League,Czech Republic,Europe,"Solid Player, Power Header",https://cdn.sofifa.net/players/236/792/22_120.png
230869,Unai Simón,Unai Simón Mendibil,GK,82,24,190,Athletic Club de Bilbao,Spain Primera Division,Spain,Europe,"Comes For Crosses, Saves with Feet",https://cdn.sofifa.net/players/230/869/22_120.png
198717,W. Zaha,Wilfried Zaha,"CF, LM, ST",82,28,180,Crystal Palace,English Premier League,Côte d'Ivoire,Africa,"Flair, Technical Dribbler (AI)",https://cdn.sofifa.net/players/198/717/22_120.png
209981,Y. Bounou,Yassine Bounou,GK,82,30,192,Sevilla FC,Spain Primera Division,Morocco,Africa,"GK Long Throw, Comes For Crosses, Saves with Feet",https://cdn.sofifa.net/players/209/981/22_120.png
235410,Y. En-Nesyri,Youssef En-Nesyri,"ST, LW",82,24,188,Sevilla FC,Spain Primera Division,Morocco,Africa,"Speed Dribbler (AI), Power Header",https://cdn.sofifa.net/players/235/410/22_120.png
183512,Yuri Berchiche,Yuri Berchiche Izeta,LB,82,31,181,Athletic Club de Bilbao,Spain Primera Division,Spain,Europe,"Dives Into Tackles (AI), Long Shot Taker (AI), Speed Dribbler (AI)",https://cdn.sofifa.net/players/183/512/22_120.png
240130,Éder Militão,Éder Gabriel Militão,CB,82,23,186,Real Madrid CF,Spain Primera Division,Brazil,South America,,https://cdn.sofifa.net/players/240/130/22_120.png
164835,Ł. Fabiański,Łukasz Fabiański,GK,82,36,190,West Ham United,English Premier League,Poland,Europe,"GK Long Throw, Comes For Crosses",https://cdn.sofifa.net/players/164/835/22_120.png
208596,A. Belotti,Andrea Belotti,ST,81,27,181,Torino F.C.,Italian Serie A,Italy,Europe,"Leadership, Power Header, Outside Foot Shot, Team Player",https://cdn.sofifa.net/players/208/596/22_120.png
163489,A. Consigli,Andrea Consigli,GK,81,34,189,U.S. Sassuolo Calcio,Italian Serie A,Italy,Europe,,https://cdn.sofifa.net/players/163/489/22_120.png
205659,A. Cragno,Alessio Cragno,GK,81,27,184,Cagliari,Italian Serie A,Italy,Europe,Saves with Feet,https://cdn.sofifa.net/players/205/659/22_120.png
193983,A. Delort,Andy Delort,ST,81,29,181,OGC Nice,French Ligue 1,Algeria,Africa,"Power Free-Kick, Long Shot Taker (AI), Power Header, Outside Foot Shot",https://cdn.sofifa.net/players/193/983/22_120.png
203551,A. Florenzi,Alessandro Florenzi,"RB, RWB",81,30,173,AC Milan,Italian Serie A,Italy,Europe,,https://cdn.sofifa.net/players/203/551/22_120.png
208330,A. Januzaj,Adnan Januzaj,"RW, RM",81,26,186,Real Sociedad,Spain Primera Division,Belgium,Europe,"Flair, Outside Foot Shot, Technical Dribbler (AI)",https://cdn.sofifa.net/players/208/330/22_120.png
211300,A. Martial,Anthony Martial,"ST, LM",81,25,184,Manchester United,English Premier League,France,Europe,"Finesse Shot, Flair, Outside Foot Shot, Chip Shot (AI), Technical Dribbler (AI)",https://cdn.sofifa.net/players/211/300/22_120.png
205175,A. Milik,Arkadiusz Krystian Milik,ST,81,27,186,Olympique de Marseille,French Ligue 1,Poland,Europe,"Injury Prone, Outside Foot Shot",https://cdn.sofifa.net/players/205/175/22_120.png
210008,A. Rabiot,Adrien Rabiot,"CM, CDM",81,26,192,Juventus,Italian Serie A,France,Europe,,https://cdn.sofifa.net/players/210/008/22_120.png
181872,A. Vidal,Arturo Erasmo Vidal Pardo,CM,81,34,180,Inter,Italian Serie A,Chile,South America,"Dives Into Tackles (AI), Power Header",https://cdn.sofifa.net/players/181/872/22_120.png
193314,Aitor,Aitor Fernández Abarisketa,GK,81,30,182,Levante Unión Deportiva,Spain Primera Division,Spain,Europe,Cautious With Crosses,https://cdn.sofifa.net/players/193/314/22_120.png
190674,B. André,Benjamin André,"CDM, CM",81,30,180,LOSC Lille,French Ligue 1,France,Europe,"Solid Player, Leadership",https://cdn.sofifa.net/players/190/674/22_120.png
124375,B. Yılmaz,Burak Yılmaz,ST,81,35,188,LOSC Lille,French Ligue 1,Turkey,Europe,"Injury Prone, Leadership, Outside Foot Shot",https://cdn.sofifa.net/players/124/375/22_120.png
232411,C. Nkunku,Christopher Nkunku,"CAM, CM, CF",81,23,179,RB Leipzig,German 1. Bundesliga,France,Europe,"Finesse Shot, Outside Foot Shot, Technical Dribbler (AI)",https://cdn.sofifa.net/players/232/411/22_120.png
234153,Carlos Soler,Carlos Soler Barragán,"CM, RM, LM",81,24,180,Valencia CF,Spain Primera Division,Spain,Europe,"Early Crosser, Long Shot Taker (AI), Team Player",https://cdn.sofifa.net/players/234/153/22_120.png
239231,Cucurella,Marc Cucurella Saseta,"LM, LB",81,22,172,Brighton & Hove Albion,English Premier League,Spain,Europe,"Flair, Speed Dribbler (AI), Playmaker (AI)",https://cdn.sofifa.net/players/239/231/22_120.png
221479,D. Calvert-Lewin,Dominic Calvert-Lewin,ST,81,24,187,Everton,English Premier League,England,Europe,Power Header,https://cdn.sofifa.net/players/221/479/22_120.png
217940,D. Djené,Djené Dakonam Ortega,CB,81,29,178,Getafe CF,Spain Primera Division,Togo,Africa,"Long Throw-in, Solid Player, Dives Into Tackles (AI), Leadership, Long Passer (AI)",https://cdn.sofifa.net/players/217/940/22_120.png
195859,D. Ings,Daniel William John Ings,ST,81,28,178,Aston Villa,English Premier League,England,Europe,"Injury Prone, Finesse Shot",https://cdn.sofifa.net/players/195/859/22_120.png
247394,D. Kulusevski,Dejan Kulusevski,"RW, CF",81,21,186,Juventus,Italian Serie A,Sweden,Europe,Flair,https://cdn.sofifa.net/players/247/394/22_120.png
210463,D. Machís,Darwin Daniel Machís Marcano,"LM, RM, ST",81,28,174,Granada CF,Spain Primera Division,Venezuela,South America,"Long Shot Taker (AI), Speed Dribbler (AI), Technical Dribbler (AI)",https://cdn.sofifa.net/players/210/463/22_120.png
221363,D. van de Beek,Donny van de Beek,"CM, CAM, CDM",81,24,184,Manchester United,English Premier League,Netherlands,Europe,"Flair, Outside Foot Shot",https://cdn.sofifa.net/players/221/363/22_120.png
199304,Danilo,Danilo Luiz da Silva,"RB, LB, CB",81,29,184,Juventus,Italian Serie A,Brazil,South America,Solid Player,https://cdn.sofifa.net/players/199/304/22_120.png
200888,Danilo Pereira,Danilo Luís Hélio Pereira,"CDM, CM",81,29,188,Paris Saint-Germain,French Ligue 1,Portugal,Europe,,https://cdn.sofifa.net/players/200/888/22_120.png
223952,David Soria,David Soria Solís,GK,81,28,192,Getafe CF,Spain Primera Division,Spain,Europe,Comes For Crosses,https://cdn.sofifa.net/players/223/952/22_120.png
208448,E. Forsberg,Emil Peter Forsberg,"CAM, CF",81,29,177,RB Leipzig,German 1. Bundesliga,Sweden,Europe,"Injury Prone, Flair, Outside Foot Shot, Technical Dribbler (AI)",https://cdn.sofifa.net/players/208/448/22_120.png
247263,E. Tapsoba,Edmond Fayçal Tapsoba,CB,81,22,194,Bayer 04 Leverkusen,German 1. Bundesliga,Burkina Faso,Africa,"Long Passer (AI), Power Header",https://cdn.sofifa.net/players/247/263/22_120.png
209297,Fred,Frederico Rodrigues de Paula Santos,"CDM, CM",81,28,169,Manchester United,English Premier League,Brazil,South America,"Solid Player, Long Shot Taker (AI)",https://cdn.sofifa.net/players/209/297/22_120.png
226226,G. Lo Celso,Giovani Lo Celso,"CM, CAM",81,25,177,Tottenham Hotspur,English Premier League,Argentina,South America,"Finesse Shot, Flair, Long Shot Taker (AI), Speed Dribbler (AI), Playmaker (AI), Outside Foot Shot, Technical Dribbler (AI)",https://cdn.sofifa.net/players/226/226/22_120.png
224411,Gonçalo Guedes,Gonçalo Manuel Ganchinho Guedes,"LM, ST, CF",81,24,179,Valencia CF,Spain Primera Division,Portugal,Europe,"Injury Prone, Flair, Speed Dribbler (AI)",https://cdn.sofifa.net/players/224/411/22_120.png
234906,H. Aouar,Houssem Aouar,"CM, CAM",81,23,175,Olympique Lyonnais,French Ligue 1,France,Europe,"Finesse Shot, Flair, Playmaker (AI), Outside Foot Shot, Technical Dribbler (AI)",https://cdn.sofifa.net/players/234/906/22_120.png
234742,H. Barnes,Harvey Lewis Barnes,"LM, LW",81,23,180,Leicester City,English Premier League,England,Europe,"Long Shot Taker (AI), Playmaker (AI), Outside Foot Shot",https://cdn.sofifa.net/players/234/742/22_120.png
220093,H. Hateboer,Hans Hateboer,"RWB, RB, RM",81,27,185,Atalanta,Italian Serie A,Netherlands,Europe,"Long Throw-in, Speed Dribbler (AI)",https://cdn.sofifa.net/players/220/093/22_120.png
156519,H. Herrera,Héctor Miguel Herrera López,CM,81,31,185,Atlético de Madrid,Spain Primera Division,Mexico,North America,"Solid Player, Long Shot Taker (AI)",https://cdn.sofifa.net/players/156/519/22_120.png
221992,H. Lozano,Hirving Rodrigo Lozano Bahena,"RW, LW",81,25,175,Napoli,Italian Serie A,Mexico,North America,"Speed Dribbler (AI), Outside Foot Shot",https://cdn.sofifa.net/players/221/992/22_120.png
181458,I. Perišić,Ivan Perišić,"LM, LW, LWB",81,32,186,Inter,Italian Serie A,Croatia,Europe,Flair,https://cdn.sofifa.net/players/181/458/22_120.png
216201,Iñaki Williams,Iñaki Williams Arthuer,"ST, RW",81,27,186,Athletic Club de Bilbao,Spain Primera Division,Spain,Europe,"Solid Player, Leadership, Speed Dribbler (AI), Outside Foot Shot, Team Player, Chip Shot (AI)",https://cdn.sofifa.net/players/216/201/22_120.png
204525,Iñigo Martínez,Íñigo Martínez Berridi,CB,81,30,182,Athletic Club de Bilbao,Spain Primera Division,Spain,Europe,"Dives Into Tackles (AI), Long Passer (AI)",https://cdn.sofifa.net/players/204/525/22_120.png
212194,J. Brandt,Julian Brandt,"CAM, CM, CF",81,25,185,Borussia Dortmund,German 1. Bundesliga,Germany,Europe,"Flair, Long Passer (AI), Outside Foot Shot, Technical Dribbler (AI)",https://cdn.sofifa.net/players/212/194/22_120.png
199987,J. Cillessen,Jasper Cillessen,GK,81,32,185,Valencia CF,Spain Primera Division,Netherlands,Europe,"Injury Prone, Comes For Crosses",https://cdn.sofifa.net/players/199/987/22_120.png
215330,J. Correa,Carlos Joaquín Correa,"CF, ST, CAM",81,26,189,Inter,Italian Serie A,Argentina,South America,"Finesse Shot, Flair, Technical Dribbler (AI)",https://cdn.sofifa.net/players/215/330/22_120.png
214979,J. Musso,Juan Agustín Musso,GK,81,27,191,Atalanta,Italian Serie A,Argentina,South America,,https://cdn.sofifa.net/players/214/979/22_120.png
198710,J. Rodríguez,James David Rodríguez Rubio,"RW, CAM, CM",81,29,180,Everton,English Premier League,Colombia,South America,"Flair, Long Shot Taker (AI), Playmaker (AI), Outside Foot Shot, Technical Dribbler (AI)",https://cdn.sofifa.net/players/198/710/22_120.png
202695,J. Tarkowski,James Tarkowski,CB,81,28,188,Burnley,English Premier League,England,Europe,"Long Passer (AI), Power Header",https://cdn.sofifa.net/players/202/695/22_120.png
205569,J. Ward-Prowse,James Ward-Prowse,CM,81,26,173,Southampton,English Premier League,England,Europe,"Solid Player, Early Crosser, Long Passer (AI), Long Shot Taker (AI), Team Player",https://cdn.sofifa.net/players/205/569/22_120.png
45186,Joaquín,Joaquín Sánchez Rodríguez,"RM, LM",81,39,179,Real Betis Balompié,Spain Primera Division,Spain,Europe,"Leadership, Flair, Technical Dribbler (AI)",https://cdn.sofifa.net/players/045/186/22_120.png
171791,José Fonte,José Miguel da Rocha Fonte,CB,81,37,191,LOSC Lille,French Ligue 1,Portugal,Europe,"Solid Player, Dives Into Tackles (AI), Leadership, Power Header, Team Player",https://cdn.sofifa.net/players/171/791/22_120.png
195365,K. Kampl,Kevin Kampl,"CM, CDM",81,30,178,RB Leipzig,German 1. Bundesliga,Slovenia,Europe,"Flair, Technical Dribbler (AI)",https://cdn.sofifa.net/players/195/365/22_120.png
225375,K. Laimer,Konrad Laimer,"CDM, CM, RB",81,24,180,RB Leipzig,German 1. Bundesliga,Austria,Europe,Dives Into Tackles (AI),https://cdn.sofifa.net/players/225/375/22_120.png
224081,K. Phillips,Kalvin Phillips,"CDM, CM, CB",81,25,178,Leeds United,English Premier League,England,Europe,"Dives Into Tackles (AI), Long Passer (AI), Team Player",https://cdn.sofifa.net/players/224/081/22_120.png
204311,K. Zouma,Kurt Happy Zouma,CB,81,26,190,West Ham United,English Premier League,France,Europe,Power Header,https://cdn.sofifa.net/players/204/311/22_120.png
207439,L. Paredes,Leandro Daniel Paredes,"CDM, CM",81,27,180,Paris Saint-Germain,French Ligue 1,Argentina,South America,"Power Free-Kick, Dives Into Tackles (AI), Flair, Long Passer (AI), Long Shot Taker (AI), Outside Foot Shot",https://cdn.sofifa.net/players/207/439/22_120.png
228251,L. Pellegrini,Lorenzo Pellegrini,"CAM, CM, CDM",81,25,186,Roma,Italian Serie A,Italy,Europe,"Leadership, Long Shot Taker (AI), Playmaker (AI), Outside Foot Shot, Team Player",https://cdn.sofifa.net/players/228/251/22_120.png
176266,Lucas Leiva,Lucas Pezzini Leiva,CDM,81,34,179,Lazio,Italian Serie A,Brazil,South America,Dives Into Tackles (AI),https://cdn.sofifa.net/players/176/266/22_120.png
200949,Lucas Moura,Lucas Rodrigues Moura da Silva,"RM, CF",81,28,174,Tottenham Hotspur,English Premier League,Brazil,South America,"Flair, Speed Dribbler (AI), Team Player",https://cdn.sofifa.net/players/200/949/22_120.png
233927,Lucas Paquetá,Lucas Tolentino Coelho de Lima,"CM, CAM",81,23,180,Olympique Lyonnais,French Ligue 1,Brazil,South America,"Dives Into Tackles (AI), Flair, Outside Foot Shot, Technical Dribbler (AI)",https://cdn.sofifa.net/players/233/927/22_120.png
208618,Lucas Vázquez,Lucas Vázquez Iglesias,"RW, RB, RM",81,30,173,Real Madrid CF,Spain Primera Division,Spain,Europe,Speed Dribbler (AI),https://cdn.sofifa.net/players/208/618/22_120.png
184200,M. Arnautović,Marko Arnautović,ST,81,32,192,Bologna,Italian Serie A,Austria,Europe,"Flair, Long Shot Taker (AI)",https://cdn.sofifa.net/players/184/200/22_120.png
206511,M. Arnold,Maximilian Arnold,"CDM, CM",81,27,184,VfL Wolfsburg,German 1. Bundesliga,Germany,Europe,"Power Free-Kick, Long Passer (AI), Long Shot Taker (AI), Outside Foot Shot",https://cdn.sofifa.net/players/206/511/22_120.png
241852,M. Diaby,Moussa Diaby,"LW, RW",81,21,170,Bayer 04 Leverkusen,German 1. Bundesliga,France,Europe,"Speed Dribbler (AI), Technical Dribbler (AI)",https://cdn.sofifa.net/players/241/852/22_120.png
220407,M. Dúbravka,Martin Dúbravka,GK,81,32,190,Newcastle United,English Premier League,Slovakia,Europe,"GK Long Throw, Comes For Crosses",https://cdn.sofifa.net/players/220/407/22_120.png
183574,M. Kruse,Max Bennet Kruse,"CF, CAM",81,33,180,1. FC Union Berlin,German 1. Bundesliga,Germany,Europe,"Injury Prone, Playmaker (AI), Technical Dribbler (AI)",https://cdn.sofifa.net/players/183/574/22_120.png
235374,M. Lazzari,Manuel Lazzari,RWB,81,27,174,Lazio,Italian Serie A,Italy,Europe,Speed Dribbler (AI),https://cdn.sofifa.net/players/235/374/22_120.png
216409,M. Politano,Matteo Politano,"RM, RW",81,27,171,Napoli,Italian Serie A,Italy,Europe,"Finesse Shot, Long Shot Taker (AI), Technical Dribbler (AI)",https://cdn.sofifa.net/players/216/409/22_120.png
216475,Morales,José Luis Morales Nogales,"ST, LM",81,33,180,Levante Unión Deportiva,Spain Primera Division,Spain,Europe,"Leadership, Speed Dribbler (AI), Outside Foot Shot, Team Player",https://cdn.sofifa.net/players/216/475/22_120.png
226166,N. Mukiele,Nordi Mukiele Mulere,"RWB, CB, RM",81,23,187,RB Leipzig,German 1. Bundesliga,France,Europe,"Dives Into Tackles (AI), Early Crosser",https://cdn.sofifa.net/players/226/166/22_120.png
226110,N. Pépé,Nicolas Pépé,"RM, RW",81,26,183,Arsenal,English Premier League,Côte d'Ivoire,Africa,"Finesse Shot, Flair, Long Shot Taker (AI), Speed Dribbler (AI), Technical Dribbler (AI)",https://cdn.sofifa.net/players/226/110/22_120.png
200724,Nacho Fernández,José Ignacio Fernández Iglesias,"CB, RB, LB",81,31,180,Real Madrid CF,Spain Primera Division,Spain,Europe,Team Player,https://cdn.sofifa.net/players/200/724/22_120.png
210406,P. Zieliński,Piotr Sebastian Zieliński,"CM, CAM",81,27,180,Napoli,Italian Serie A,Poland,Europe,"Long Shot Taker (AI), Technical Dribbler (AI)",https://cdn.sofifa.net/players/210/406/22_120.png
200454,Paco Alcácer,Francisco Alcácer García,ST,81,27,175,Villarreal CF,Spain Primera Division,Spain,Europe,"Injury Prone, Long Shot Taker (AI), Chip Shot (AI)",https://cdn.sofifa.net/players/200/454/22_120.png
251854,Pedri,Pedro González López,CM,81,18,174,FC Barcelona,Spain Primera Division,Spain,Europe,"Solid Player, Flair, Technical Dribbler (AI)",https://cdn.sofifa.net/players/251/854/22_120.png
238074,R. James,Reece James,"RWB, RB",81,21,178,Chelsea,English Premier League,England,Europe,Early Crosser,https://cdn.sofifa.net/players/238/074/22_120.png
231969,R. Malinovskyi,Ruslan Malinovskyi,"CF, CM",81,28,181,Atalanta,Italian Serie A,Ukraine,Europe,"Power Free-Kick, Long Passer (AI), Long Shot Taker (AI), Technical Dribbler (AI)",https://cdn.sofifa.net/players/231/969/22_120.png
245279,Reguilón,Sergio Reguilón Rodríguez,LB,81,24,178,Tottenham Hotspur,English Premier League,Spain,Europe,"Early Crosser, Speed Dribbler (AI)",https://cdn.sofifa.net/players/245/279/22_120.png
251573,Renan Lodi,Renan Augusto Lodi dos Santos,LB,81,23,173,Atlético de Madrid,Spain Primera Division,Brazil,South America,,https://cdn.sofifa.net/players/251/573/22_120.png
210385,Rui Silva,Rui Tiago Dantas da Silva,GK,81,27,191,Real Betis Balompié,Spain Primera Division,Portugal,Europe,Saves with Feet,https://cdn.sofifa.net/players/210/385/22_120.png
163705,S. Mandanda,Steve Mandanda,GK,81,36,185,Olympique de Marseille,French Ligue 1,France,Europe,"Leadership, Team Player",https://cdn.sofifa.net/players/163/705/22_120.png
199564,Sergi Roberto,Sergio Roberto Carnicer,"RB, CM, RM",81,29,178,FC Barcelona,Spain Primera Division,Spain,Europe,,https://cdn.sofifa.net/players/199/564/22_120.png
193283,T. Delaney,Thomas Joseph Delaney,"CDM, CM",81,29,182,Sevilla FC,Spain Primera Division,Denmark,Europe,Dives Into Tackles (AI),https://cdn.sofifa.net/players/193/283/22_120.png
204638,W. Orban,Vilmos Tamás Orban,CB,81,28,186,RB Leipzig,German 1. Bundesliga,Hungary,Europe,"Leadership, Power Header",https://cdn.sofifa.net/players/204/638/22_120.png
227950,Yeray,Yeray Álvarez López,CB,81,26,182,Athletic Club de Bilbao,Spain Primera Division,Spain,Europe,Dives Into Tackles (AI),https://cdn.sofifa.net/players/227/950/22_120.png
227127,Álex Remiro,Alejandro Remiro Gargallo,GK,81,26,191,Real Sociedad,Spain Primera Division,Spain,Europe,GK Long Throw,https://cdn.sofifa.net/players/227/127/22_120.png
237383,A. Bastoni,Alessandro Bastoni,CB,80,22,190,Inter,Italian Serie A,Italy,Europe,Team Player,https://cdn.sofifa.net/players/237/383/22_120.png
213661,A. Christensen,Andreas Bødtker Christensen,CB,80,25,187,Chelsea,English Premier League,Denmark,Europe,Injury Prone,https://cdn.sofifa.net/players/213/661/22_120.png
201143,A. Mandi,Aïssa Mandi,CB,80,29,184,Villarreal CF,Spain Primera Division,Algeria,Africa,Dives Into Tackles (AI),https://cdn.sofifa.net/players/201/143/22_120.png
183855,A. Ogbonna,Angelo Obinze Ogbonna,CB,80,33,191,West Ham United,English Premier League,Italy,Europe,Leadership,https://cdn.sofifa.net/players/183/855/22_120.png
186561,A. Ramsey,Aaron Ramsey,"CM, CAM, LM",80,30,183,Juventus,Italian Serie A,Wales,Europe,"Injury Prone, Outside Foot Shot",https://cdn.sofifa.net/players/186/561/22_120.png
184941,A. Sánchez,Alexis Alejandro Sánchez Sánchez,"CF, ST",80,32,168,Inter,Italian Serie A,Chile,South America,"Injury Prone, Finesse Shot, Flair, Technical Dribbler (AI)",https://cdn.sofifa.net/players/184/941/22_120.png
236987,B. Kamara,Boubacar Bernard Kamara,"CDM, CB",80,21,184,Olympique de Marseille,French Ligue 1,France,Europe,Leadership,https://cdn.sofifa.net/players/236/987/22_120.png
246669,B. Saka,Bukayo Saka,"RM, LM, LB",80,19,178,Arsenal,English Premier League,England,Europe,"Team Player, Technical Dribbler (AI)",https://cdn.sofifa.net/players/246/669/22_120.png
198141,Bartra,Marc Bartra Aregall,"CB, CDM",80,30,184,Real Betis Balompié,Spain Primera Division,Spain,Europe,"Dives Into Tackles (AI), Long Shot Taker (AI)",https://cdn.sofifa.net/players/198/141/22_120.png
224179,Borja Iglesias,Borja Iglesias Quintas,ST,80,28,187,Real Betis Balompié,Spain Primera Division,Spain,Europe,"Finesse Shot, Outside Foot Shot",https://cdn.sofifa.net/players/224/179/22_120.png
199042,C. Aránguiz,Charles Mariano Aránguiz Sandoval,"CDM, CM",80,32,171,Bayer 04 Leverkusen,German 1. Bundesliga,Chile,South America,"Injury Prone, Dives Into Tackles (AI), Playmaker (AI), Outside Foot Shot",https://cdn.sofifa.net/players/199/042/22_120.png
219683,C. Tolisso,Corentin Tolisso,"CM, CDM",80,26,181,FC Bayern München,German 1. Bundesliga,France,Europe,"Injury Prone, Long Shot Taker (AI), Power Header",https://cdn.sofifa.net/players/219/683/22_120.png
216189,Capa,Ander Capa Rodríguez,RB,80,29,175,Athletic Club de Bilbao,Spain Primera Division,Spain,Europe,"Long Throw-in, Injury Prone, Speed Dribbler (AI)",https://cdn.sofifa.net/players/216/189/22_120.png
211117,D. Alli,Bamidele Alli,"CAM, CM",80,25,188,Tottenham Hotspur,English Premier League,England,Europe,"Flair, Outside Foot Shot, Technical Dribbler (AI)",https://cdn.sofifa.net/players/211/117/22_120.png
202325,D. Demme,Diego Demme,"CDM, CM",80,29,172,Napoli,Italian Serie A,Germany,Europe,"Dives Into Tackles (AI), Team Player",https://cdn.sofifa.net/players/202/325/22_120.png
182493,D. Godín,Diego Roberto Godín Leal,CB,80,35,187,Cagliari,Italian Serie A,Uruguay,South America,"Dives Into Tackles (AI), Power Header",https://cdn.sofifa.net/players/182/493/22_120.png
233306,D. Henderson,Dean Henderson,GK,80,24,188,Manchester United,English Premier League,England,Europe,"GK Long Throw, Rushes Out Of Goal, Comes For Crosses, Saves with Feet",https://cdn.sofifa.net/players/233/306/22_120.png
231447,D. Malen,Donyell Malen,ST,80,22,179,Borussia Dortmund,German 1. Bundesliga,Netherlands,Europe,"Flair, Outside Foot Shot, Technical Dribbler (AI)",https://cdn.sofifa.net/players/231/447/22_120.png
177388,D. Payet,Dimitri Payet,"LW, CAM",80,34,175,Olympique de Marseille,French Ligue 1,France,Europe,"Flair, Playmaker (AI), Outside Foot Shot, Technical Dribbler (AI)",https://cdn.sofifa.net/players/177/388/22_120.png
172522,D. Wass,Daniel Wass,"RB, RM, CM",80,32,181,Valencia CF,Spain Primera Division,Denmark,Europe,"Solid Player, Long Shot Taker (AI)",https://cdn.sofifa.net/players/172/522/22_120.png
229261,D. Zakaria,Denis Lemi Zakaria Lako Lado,"CDM, CB",80,24,191,Borussia Mönchengladbach,German 1. Bundesliga,Switzerland,Europe,Playmaker (AI),https://cdn.sofifa.net/players/229/261/22_120.png
219953,Embarba,Adrián Embarba Blázquez,"RM, LM, ST",80,29,173,RCD Espanyol de Barcelona,Spain Primera Division,Spain,Europe,"Power Free-Kick, Early Crosser, Long Shot Taker (AI), Speed Dribbler (AI), Technical Dribbler (AI)",https://cdn.sofifa.net/players/219/953/22_120.png
189271,F. Coquelin,Francis Coquelin,"CM, CDM, RM",80,30,176,Villarreal CF,Spain Primera Division,France,Europe,"Injury Prone, Dives Into Tackles (AI)",https://cdn.sofifa.net/players/189/271/22_120.png
217870,G. Di Lorenzo,Giovanni Di Lorenzo,RB,80,27,183,Napoli,Italian Serie A,Italy,Europe,,https://cdn.sofifa.net/players/217/870/22_120.png
209519,G. Laborde,Gaëtan Laborde,"ST, RM",80,27,181,Stade Rennais FC,French Ligue 1,France,Europe,"Solid Player, Playmaker (AI), Outside Foot Shot",https://cdn.sofifa.net/players/209/519/22_120.png
229582,G. Mancini,Gianluca Mancini,"CB, CDM",80,25,190,Roma,Italian Serie A,Italy,Europe,Leadership,https://cdn.sofifa.net/players/229/582/22_120.png
215316,G. Rulli,Gerónimo Rulli,GK,80,29,189,Villarreal CF,Spain Primera Division,Argentina,South America,Saves with Feet,https://cdn.sofifa.net/players/215/316/22_120.png
229927,Gerson,Gerson Santos da Silva,CM,80,24,184,Olympique de Marseille,French Ligue 1,Brazil,South America,,https://cdn.sofifa.net/players/229/927/22_120.png
189690,Guaita,Vicente Guaita Panadero,GK,80,34,190,Crystal Palace,English Premier League,Spain,Europe,"GK Long Throw, Rushes Out Of Goal",https://cdn.sofifa.net/players/189/690/22_120.png
226754,I. Bennacer,Ismaël Bennacer,"CM, CDM",80,23,175,AC Milan,Italian Serie A,Algeria,Africa,Technical Dribbler (AI),https://cdn.sofifa.net/players/226/754/22_120.png
225085,J. Bamba,Jonathan Bamba,LM,80,25,175,LOSC Lille,French Ligue 1,France,Europe,"Solid Player, Flair, Long Shot Taker (AI), Speed Dribbler (AI), Outside Foot Shot",https://cdn.sofifa.net/players/225/085/22_120.png
220182,J. Denayer,Jason Denayer,CB,80,26,184,Olympique Lyonnais,French Ligue 1,Belgium,Europe,"Leadership, Team Player",https://cdn.sofifa.net/players/220/182/22_120.png
202166,J. Draxler,Julian Draxler,"CAM, LW, CM",80,27,187,Paris Saint-Germain,French Ligue 1,Germany,Europe,"Finesse Shot, Flair, Playmaker (AI), Outside Foot Shot, Technical Dribbler (AI)",https://cdn.sofifa.net/players/202/166/22_120.png
169588,J. Evans,Jonathan Grant Evans,CB,80,33,188,Leicester City,English Premier League,Northern Ireland,Europe,,https://cdn.sofifa.net/players/169/588/22_120.png
224309,Joan Jordán,Joan Jordán Moreno,"CM, CDM",80,26,183,Sevilla FC,Spain Primera Division,Spain,Europe,"Dives Into Tackles (AI), Long Shot Taker (AI)",https://cdn.sofifa.net/players/224/309/22_120.png
210455,Jonny,Jonathan Castro Otto,"LWB, RWB",80,27,170,Wolverhampton Wanderers,English Premier League,Spain,Europe,Early Crosser,https://cdn.sofifa.net/players/210/455/22_120.png
185020,José Callejón,José María Callejón Bueno,"RM, RW",80,34,178,Fiorentina,Italian Serie A,Spain,Europe,Solid Player,https://cdn.sofifa.net/players/185/020/22_120.png
162347,João Moutinho,João Filipe Iria Santos Moutinho,CM,80,34,170,Wolverhampton Wanderers,English Premier League,Portugal,Europe,"Leadership, Long Passer (AI), Playmaker (AI), Outside Foot Shot",https://cdn.sofifa.net/players/162/347/22_120.png
199254,João Pedro,João Pedro Geraldino dos Santos Galvão,"CF, ST, CAM",80,29,184,Cagliari,Italian Serie A,Brazil,South America,"Finesse Shot, Outside Foot Shot, Team Player",https://cdn.sofifa.net/players/199/254/22_120.png
226491,K. Tierney,Kieran Tierney,"LB, CB, LWB",80,24,178,Arsenal,English Premier League,Scotland,Europe,"Long Throw-in, Injury Prone, Speed Dribbler (AI)",https://cdn.sofifa.net/players/226/491/22_120.png
222331,L. Klostermann,Lukas Manuel Klostermann,"CB, RB, RWB",80,25,187,RB Leipzig,German 1. Bundesliga,Germany,Europe,"Speed Dribbler (AI), Team Player",https://cdn.sofifa.net/players/222/331/22_120.png
223959,L. Torreira,Lucas Torreira Di Pascua,"CDM, CM",80,25,166,Fiorentina,Italian Serie A,Uruguay,South America,,https://cdn.sofifa.net/players/223/959/22_120.png
229237,M. Akanji,Manuel Obafemi Akanji,CB,80,25,187,Borussia Dortmund,German 1. Bundesliga,Switzerland,Europe,,https://cdn.sofifa.net/players/229/237/22_120.png
227290,M. Dmitrović,Marko Dmitrović,GK,80,29,194,Sevilla FC,Spain Primera Division,Serbia,Europe,"GK Long Throw, Team Player",https://cdn.sofifa.net/players/227/290/22_120.png
239207,M. Gómez,Maximiliano Gómez González,ST,80,24,186,Valencia CF,Spain Primera Division,Uruguay,South America,Power Header,https://cdn.sofifa.net/players/239/207/22_120.png
201922,M. Hinteregger,Martin Hinteregger,CB,80,28,184,Eintracht Frankfurt,German 1. Bundesliga,Austria,Europe,"Dives Into Tackles (AI), Long Passer (AI)",https://cdn.sofifa.net/players/201/922/22_120.png
207599,M. Keane,Michael Keane,CB,80,28,191,Everton,English Premier League,England,Europe,Power Header,https://cdn.sofifa.net/players/207/599/22_120.png
198009,M. Perin,Mattia Perin,GK,80,28,188,Juventus,Italian Serie A,Italy,Europe,"Injury Prone, Cautious With Crosses",https://cdn.sofifa.net/players/198/009/22_120.png
176676,Marcelo,Marcelo Vieira da Silva Júnior,LB,80,33,174,Real Madrid CF,Spain Primera Division,Brazil,South America,"Flair, Long Passer (AI), Outside Foot Shot, Team Player",https://cdn.sofifa.net/players/176/676/22_120.png
220971,N. Keïta,Naby Keïta,CM,80,26,172,Liverpool,English Premier League,Guinea,Africa,"Injury Prone, Flair, Long Shot Taker (AI), Technical Dribbler (AI)",https://cdn.sofifa.net/players/220/971/22_120.png
241095,N. Vlašić,Nikola Vlašić,CAM,80,23,178,West Ham United,English Premier League,Croatia,Europe,"Long Shot Taker (AI), Technical Dribbler (AI)",https://cdn.sofifa.net/players/241/095/22_120.png
177604,Nacho Monreal,Ignacio Monreal Eraso,LB,80,35,180,Real Sociedad,Spain Primera Division,Spain,Europe,"Early Crosser, Team Player",https://cdn.sofifa.net/players/177/604/22_120.png
227928,Nélson Semedo,Nélson Cabral Semedo,"RWB, RB",80,27,177,Wolverhampton Wanderers,English Premier League,Portugal,Europe,Speed Dribbler (AI),https://cdn.sofifa.net/players/227/928/22_120.png
227813,O. Zinchenko,Oleksandr Zinchenko,"LB, CDM",80,24,175,Manchester City,English Premier League,Ukraine,Europe,"Flair, Long Shot Taker (AI)",https://cdn.sofifa.net/players/227/813/22_120.png
209960,Pacheco,Fernando Pacheco Flores,GK,80,29,186,Deportivo Alavés,Spain Primera Division,Spain,Europe,GK Long Throw,https://cdn.sofifa.net/players/209/960/22_120.png
221087,Pau López,Pau López Sabata,GK,80,26,189,Olympique de Marseille,French Ligue 1,Spain,Europe,Rushes Out Of Goal,https://cdn.sofifa.net/players/221/087/22_120.png
240709,R. Baku,Ridle Bote Baku,"RM, RB, CM",80,23,176,VfL Wolfsburg,German 1. Bundesliga,Germany,Europe,"Long Shot Taker (AI), Speed Dribbler (AI)",https://cdn.sofifa.net/players/240/709/22_120.png
189117,R. Bürki,Roman Bürki,GK,80,30,187,Borussia Dortmund,German 1. Bundesliga,Switzerland,Europe,Cautious With Crosses,https://cdn.sofifa.net/players/189/117/22_120.png
202024,R. Freuler,Remo Marco Freuler,CM,80,29,180,Atalanta,Italian Serie A,Switzerland,Europe,,https://cdn.sofifa.net/players/202/024/22_120.png
193061,R. Pereyra,Roberto Maximiliano Pereyra,"CM, LM, CF",80,30,182,Udinese Calcio,Italian Serie A,Argentina,South America,Speed Dribbler (AI),https://cdn.sofifa.net/players/193/061/22_120.png
187598,Rafael Tolói,Rafael Tolói,CB,80,30,185,Atalanta,Italian Serie A,Italy,Europe,,https://cdn.sofifa.net/players/187/598/22_120.png
201400,Rafinha,Rafael Alcântara do Nascimento,"CM, CAM",80,28,174,Paris Saint-Germain,French Ligue 1,Brazil,South America,"Injury Prone, Flair, Long Shot Taker (AI), Playmaker (AI), Outside Foot Shot, Technical Dribbler (AI)",https://cdn.sofifa.net/players/201/400/22_120.png
171579,Raúl García,Raúl García Escudero,"ST, CAM",80,34,184,Athletic Club de Bilbao,Spain Primera Division,Spain,Europe,"Leadership, Long Shot Taker (AI), Power Header, Outside Foot Shot",https://cdn.sofifa.net/players/171/579/22_120.png
230767,Renato Sanches,Renato Júnior Luz Sanches,"CM, RM",80,23,176,LOSC Lille,French Ligue 1,Portugal,Europe,"Injury Prone, Flair, Long Shot Taker (AI), Speed Dribbler (AI), Outside Foot Shot, Technical Dribbler (AI)",https://cdn.sofifa.net/players/230/767/22_120.png
207732,Roger,Roger Martí Salvador,ST,80,30,179,Levante Unión Deportiva,Spain Primera Division,Spain,Europe,Finesse Shot,https://cdn.sofifa.net/players/207/732/22_120.png
225953,S. Bergwijn,Steven Charles Bergwijn,"LM, LW, RM",80,23,178,Tottenham Hotspur,English Premier League,Netherlands,Europe,"Flair, Long Shot Taker (AI), Speed Dribbler (AI), Outside Foot Shot, Technical Dribbler (AI)",https://cdn.sofifa.net/players/225/953/22_120.png
223724,S. Lainer,Stefan Lainer,RB,80,28,175,Borussia Mönchengladbach,German 1. Bundesliga,Austria,Europe,"Dives Into Tackles (AI), Early Crosser, Speed Dribbler (AI)",https://cdn.sofifa.net/players/223/724/22_120.png
237238,S. McTominay,Scott McTominay,"CDM, CM",80,24,193,Manchester United,English Premier League,Scotland,Europe,"Solid Player, Long Shot Taker (AI), Team Player",https://cdn.sofifa.net/players/237/238/22_120.png
229857,S. Sensi,Stefano Sensi,"CM, CDM",80,25,168,Inter,Italian Serie A,Italy,Europe,"Injury Prone, Dives Into Tackles (AI), Long Shot Taker (AI), Playmaker (AI), Technical Dribbler (AI)",https://cdn.sofifa.net/players/229/857/22_120.png
205600,S. Umtiti,Samuel Yves Umtiti,CB,80,27,182,FC Barcelona,Spain Primera Division,France,Europe,Injury Prone,https://cdn.sofifa.net/players/205/600/22_120.png
205686,T. Savanier,Téji Tedy Savanier,"CM, CAM",80,29,172,Montpellier Hérault SC,French Ligue 1,France,Europe,"Flair, Long Passer (AI), Long Shot Taker (AI), Playmaker (AI), Outside Foot Shot",https://cdn.sofifa.net/players/205/686/22_120.png
212151,T. Strakosha,Thomas Strakosha,GK,80,26,193,Lazio,Italian Serie A,Albania,Europe,"Rushes Out Of Goal, Cautious With Crosses",https://cdn.sofifa.net/players/212/151/22_120.png
240900,Unai Núñez,Unai Núñez Gestoso,CB,80,24,186,Athletic Club de Bilbao,Spain Primera Division,Spain,Europe,Dives Into Tackles (AI),https://cdn.sofifa.net/players/240/900/22_120.png
244470,V. Coufal,Vladimír Coufal,"RB, RWB",80,28,175,West Ham United,English Premier League,Czech Republic,Europe,"Long Throw-in, Solid Player, Early Crosser",https://cdn.sofifa.net/players/244/470/22_120.png
221660,V. Lindelöf,Victor Jörgen Nilsson Lindelöf,CB,80,26,187,Manchester United,English Premier League,Sweden,Europe,,https://cdn.sofifa.net/players/221/660/22_120.png
232293,V. Osimhen,Victor James Osimhen,ST,80,22,185,Napoli,Italian Serie A,Nigeria,Africa,"Speed Dribbler (AI), Chip Shot (AI)",https://cdn.sofifa.net/players/232/293/22_120.png
238794,Vinícius Jr.,Vinícius José Paixão de Oliveira Júnior,LW,80,20,176,Real Madrid CF,Spain Primera Division,Brazil,South America,"Flair, Speed Dribbler (AI), Outside Foot Shot, Technical Dribbler (AI)",https://cdn.sofifa.net/players/238/794/22_120.png
215223,W. Benítez,Walter Daniel Benítez,GK,80,28,191,OGC Nice,French Ligue 1,Argentina,South America,"Solid Player, Cautious With Crosses",https://cdn.sofifa.net/players/215/223/22_120.png
233195,X. Schlager,Xaver Schlager,"CDM, CM",80,23,174,VfL Wolfsburg,German 1. Bundesliga,Austria,Europe,"Dives Into Tackles (AI), Long Shot Taker (AI)",https://cdn.sofifa.net/players/233/195/22_120.png
225201,Álex Berenguer,Alejandro Berenguer Remiro,"RM, LM",80,25,175,Athletic Club de Bilbao,Spain Primera Division,Spain,Europe,"Finesse Shot, Speed Dribbler (AI), Outside Foot Shot",https://cdn.sofifa.net/players/225/201/22_120.png
232119,Ç. Söyüncü,Çağlar Söyüncü,CB,80,25,185,Leicester City,English Premier League,Turkey,Europe,,https://cdn.sofifa.net/players/232/119/22_120.png
203890,Š. Vrsaljko,Šime Vrsaljko,"RB, RM",80,29,181,Atlético de Madrid,Spain Primera Division,Croatia,Europe,"Injury Prone, Dives Into Tackles (AI)",https://cdn.sofifa.net/players/203/890/22_120.png
173221,A. Candreva,Antonio Candreva,"RM, RWB",79,34,180,U.C. Sampdoria,Italian Serie A,Italy,Europe,"Power Free-Kick, Long Shot Taker (AI), Technical Dribbler (AI)",https://cdn.sofifa.net/players/173/221/22_120.png
189615,A. Cresswell,Aaron Cresswell,"LB, CB",79,31,175,West Ham United,English Premier League,England,Europe,Early Crosser,https://cdn.sofifa.net/players/189/615/22_120.png
208135,A. Doucouré,Abdoulaye Doucouré,"CM, CDM",79,28,184,Everton,English Premier League,France,Europe,,https://cdn.sofifa.net/players/208/135/22_120.png
225663,A. Golovin,Aleksandr Golovin,"CM, CAM, CF",79,25,180,AS Monaco,French Ligue 1,Russia,Europe,"Long Shot Taker (AI), Technical Dribbler (AI)",https://cdn.sofifa.net/players/225/663/22_120.png
216145,A. Izzo,Armando Izzo,CB,79,29,183,Torino F.C.,Italian Serie A,Italy,Europe,"Leadership, Team Player",https://cdn.sofifa.net/players/216/145/22_120.png
224031,A. Marušić,Adam Marušić,"RWB, LWB, CB",79,28,185,Lazio,Italian Serie A,Montenegro,Europe,Speed Dribbler (AI),https://cdn.sofifa.net/players/224/031/22_120.png
225116,A. Meret,Alex Meret,GK,79,24,190,Napoli,Italian Serie A,Italy,Europe,,https://cdn.sofifa.net/players/225/116/22_120.png
198784,A. Oxlade-Chamberlain,Alex Oxlade-Chamberlain,CM,79,27,175,Liverpool,English Premier League,England,Europe,"Injury Prone, Flair, Long Shot Taker (AI), Speed Dribbler (AI)",https://cdn.sofifa.net/players/198/784/22_120.png
206467,A. Plea,Alassane Alexandre Pléa,"ST, LW",79,28,181,Borussia Mönchengladbach,German 1. Bundesliga,France,Europe,"Finesse Shot, Long Shot Taker (AI)",https://cdn.sofifa.net/players/206/467/22_120.png
216388,A. Saint-Maximin,Allan Saint-Maximin,"LM, ST",79,24,173,Newcastle United,English Premier League,France,Europe,"Flair, Long Shot Taker (AI), Speed Dribbler (AI), Technical Dribbler (AI)",https://cdn.sofifa.net/players/216/388/22_120.png
241637,A. Tchouaméni,Aurélien Tchouaméni,"CM, CDM",79,21,187,AS Monaco,French Ligue 1,France,Europe,Long Passer (AI),https://cdn.sofifa.net/players/241/637/22_120.png
191740,Ander Herrera,Ander Herrera Agüera,"CM, CDM",79,31,182,Paris Saint-Germain,French Ligue 1,Spain,Europe,"Dives Into Tackles (AI), Long Shot Taker (AI), Outside Foot Shot, Team Player",https://cdn.sofifa.net/players/191/740/22_120.png
226221,Aritz Elustondo,Aritz Elustondo Irribaria,"CB, RB",79,27,180,Real Sociedad,Spain Primera Division,Spain,Europe,"Solid Player, Early Crosser, Long Passer (AI)",https://cdn.sofifa.net/players/226/221/22_120.png
158121,B. Costil,Benoît Costil,GK,79,33,187,FC Girondins de Bordeaux,French Ligue 1,France,Europe,"Solid Player, Team Player",https://cdn.sofifa.net/players/158/121/22_120.png
205923,B. Davies,Benjamin Thomas Davies,"LB, CB",79,28,182,Tottenham Hotspur,English Premier League,Wales,Europe,"Long Passer (AI), Team Player",https://cdn.sofifa.net/players/205/923/22_120.png
208165,B. Djimsiti,Berat Djimsiti,CB,79,28,190,Atalanta,Italian Serie A,Albania,Europe,,https://cdn.sofifa.net/players/208/165/22_120.png
200726,B. Lecomte,Benjamin Lecomte,GK,79,30,187,Atlético de Madrid,Spain Primera Division,France,Europe,Saves with Feet,https://cdn.sofifa.net/players/200/726/22_120.png
189682,B. Mee,Ben Mee,CB,79,31,180,Burnley,English Premier League,England,Europe,"Solid Player, Dives Into Tackles (AI), Leadership, Long Passer (AI), Team Player",https://cdn.sofifa.net/players/189/682/22_120.png
204884,B. Mendy,Benjamin Mendy,LB,79,26,185,Manchester City,English Premier League,France,Europe,"Injury Prone, Early Crosser, Speed Dribbler (AI)",https://cdn.sofifa.net/players/204/884/22_120.png
226851,B. Pavard,Benjamin Pavard,"RB, CB",79,25,186,FC Bayern München,German 1. Bundesliga,France,Europe,,https://cdn.sofifa.net/players/226/851/22_120.png
247851,Bruno Guimarães,Bruno Guimarães Rodriguez Moura,"CDM, CM",79,23,182,Olympique Lyonnais,French Ligue 1,Brazil,South America,"Long Passer (AI), Outside Foot Shot",https://cdn.sofifa.net/players/247/851/22_120.png
202048,C. Coady,Conor Coady,CB,79,28,186,Wolverhampton Wanderers,English Premier League,England,Europe,"Solid Player, Leadership, Long Passer (AI), Team Player",https://cdn.sofifa.net/players/202/048/22_120.png
209846,C. Günter,Christian Günter,"LB, LM, LWB",79,28,184,Sport-Club Freiburg,German 1. Bundesliga,Germany,Europe,"Solid Player, Early Crosser, Speed Dribbler (AI)",https://cdn.sofifa.net/players/209/846/22_120.png
204024,C. Kramer,Christoph Kramer,CDM,79,30,191,Borussia Mönchengladbach,German 1. Bundesliga,Germany,Europe,"Injury Prone, Team Player",https://cdn.sofifa.net/players/204/024/22_120.png
196978,C. Wilson,Callum Wilson,ST,79,29,180,Newcastle United,English Premier League,England,Europe,Injury Prone,https://cdn.sofifa.net/players/196/978/22_120.png
192123,C. Wood,Christopher Grant Wood,ST,79,29,191,Burnley,English Premier League,New Zealand,Oceania,Power Header,https://cdn.sofifa.net/players/192/123/22_120.png
200315,Cristian Tello,Cristian Tello Herrera,"LM, RM",79,29,178,Real Betis Balompié,Spain Primera Division,Spain,Europe,"Long Shot Taker (AI), Speed Dribbler (AI)",https://cdn.sofifa.net/players/200/315/22_120.png
198946,D. D'Ambrosio,Danilo D'Ambrosio,"CB, RB",79,32,180,Inter,Italian Serie A,Italy,Europe,Solid Player,https://cdn.sofifa.net/players/198/946/22_120.png
232730,D. Kamada,鎌田 大地,"CAM, CF",79,24,184,Eintracht Frankfurt,German 1. Bundesliga,Japan,Asia,"Playmaker (AI), Technical Dribbler (AI)",https://cdn.sofifa.net/players/232/730/22_120.png
176550,D. Ospina,David Ospina Ramírez,GK,79,32,183,Napoli,Italian Serie A,Colombia,South America,Leadership,https://cdn.sofifa.net/players/176/550/22_120.png
220793,D. Sánchez,Davinson Sánchez Mina,CB,79,25,187,Tottenham Hotspur,English Premier League,Colombia,South America,Dives Into Tackles (AI),https://cdn.sofifa.net/players/220/793/22_120.png
216150,D. Zappacosta,Davide Zappacosta,"RWB, RM, LM",79,29,182,Atalanta,Italian Serie A,Italy,Europe,"Injury Prone, Early Crosser",https://cdn.sofifa.net/players/216/150/22_120.png
210315,De Tomás,Raúl De Tomás Gómez,ST,79,26,180,RCD Espanyol de Barcelona,Spain Primera Division,Spain,Europe,"Power Free-Kick, Flair, Long Passer (AI), Long Shot Taker (AI), Outside Foot Shot, Technical Dribbler (AI)",https://cdn.sofifa.net/players/210/315/22_120.png
202477,Deulofeu,Gerard Deulofeu Lázaro,"LM, CF",79,27,177,Udinese Calcio,Italian Serie A,Spain,Europe,"Flair, Long Shot Taker (AI), Technical Dribbler (AI)",https://cdn.sofifa.net/players/202/477/22_120.png
225508,E. Bailly,Eric Bertrand Bailly,CB,79,27,186,Manchester United,English Premier League,Côte d'Ivoire,Africa,"Injury Prone, Dives Into Tackles (AI)",https://cdn.sofifa.net/players/225/508/22_120.png
237239,E. Bardhi,Enis Bardhi,"LM, CM",79,25,172,Levante Unión Deportiva,Spain Primera Division,North Macedonia,Europe,"Long Shot Taker (AI), Outside Foot Shot",https://cdn.sofifa.net/players/237/239/22_120.png
226162,E. Buendía,Emiliano Buendía,RM,79,24,172,Aston Villa,English Premier League,Argentina,South America,"Dives Into Tackles (AI), Flair, Long Shot Taker (AI), Playmaker (AI), Technical Dribbler (AI)",https://cdn.sofifa.net/players/226/162/22_120.png
202335,E. Dier,Eric Dier,"CB, CDM",79,27,190,Tottenham Hotspur,English Premier League,England,Europe,"Dives Into Tackles (AI), Long Passer (AI), Power Header",https://cdn.sofifa.net/players/202/335/22_120.png
228520,E. Ávila,Luis Ezequiel Ávila,"ST, RM",79,27,172,CA Osasuna,Spain Primera Division,Argentina,South America,"Injury Prone, Long Shot Taker (AI)",https://cdn.sofifa.net/players/228/520/22_120.png
204234,Edgar Badia,Edgar Badia Guardiola,GK,79,29,180,Elche CF,Spain Primera Division,Spain,Europe,Saves with Feet,https://cdn.sofifa.net/players/204/234/22_120.png
247204,Emerson,Emerson Aparecido Leite de Souza Junior,RB,79,22,181,Tottenham Hotspur,English Premier League,Brazil,South America,"Solid Player, Long Shot Taker (AI), Speed Dribbler (AI)",https://cdn.sofifa.net/players/247/204/22_120.png
212404,F. Bernardeschi,Federico Bernardeschi,"CAM, LM, RM",79,27,185,Juventus,Italian Serie A,Italy,Europe,"Flair, Long Shot Taker (AI), Outside Foot Shot, Technical Dribbler (AI)",https://cdn.sofifa.net/players/212/404/22_120.png
156616,F. Ribéry,Franck Bilal Ribéry,"CF, LW",79,38,170,US Salernitana 1919,Italian Serie A,France,Europe,"Injury Prone, Flair, Outside Foot Shot, Technical Dribbler (AI)",https://cdn.sofifa.net/players/156/616/22_120.png
232756,F. Tomori,Fikayo Tomori,CB,79,23,185,AC Milan,Italian Serie A,England,Europe,,https://cdn.sofifa.net/players/232/756/22_120.png
235073,G. Kobel,Gregor Kobel,GK,79,23,195,Borussia Dortmund,German 1. Bundesliga,Switzerland,Europe,"GK Long Throw, Rushes Out Of Goal",https://cdn.sofifa.net/players/235/073/22_120.png
201455,G. Kondogbia,Geoffrey Edwin Kondogbia,"CM, CDM",79,28,188,Atlético de Madrid,Spain Primera Division,Central African Republic,Africa,,https://cdn.sofifa.net/players/201/455/22_120.png
184484,G. Sigurðsson,Gylfi Þór Sigurðsson,"CAM, CM",79,31,186,Everton,English Premier League,Iceland,Europe,"Solid Player, Finesse Shot, Long Shot Taker (AI), Playmaker (AI)",https://cdn.sofifa.net/players/184/484/22_120.png
199503,G. Xhaka,Granit Xhaka,"CDM, CM",79,28,185,Arsenal,English Premier League,Switzerland,Europe,"Power Free-Kick, Dives Into Tackles (AI), Long Passer (AI), Playmaker (AI)",https://cdn.sofifa.net/players/199/503/22_120.png
232580,Gabriel,Gabriel dos Santos Magalhães,CB,79,23,190,Arsenal,English Premier League,Brazil,South America,,https://cdn.sofifa.net/players/232/580/22_120.png
198230,Germán,Germán Sánchez Barahona,CB,79,34,187,Granada CF,Spain Primera Division,Spain,Europe,"Dives Into Tackles (AI), Leadership, Power Header, Team Player",https://cdn.sofifa.net/players/198/230/22_120.png
219789,H. Traoré,Hamari Traoré,RB,79,29,175,Stade Rennais FC,French Ligue 1,Mali,Africa,"Long Throw-in, Long Shot Taker (AI), Speed Dribbler (AI)",https://cdn.sofifa.net/players/219/789/22_120.png
189560,Iborra,Vicente Iborra de la Fuente,"CDM, CM",79,33,190,Villarreal CF,Spain Primera Division,Spain,Europe,Power Header,https://cdn.sofifa.net/players/189/560/22_120.png
190584,Illarramendi,Asier Illarramendi Andonegi,"CDM, CM",79,31,179,Real Sociedad,Spain Primera Division,Spain,Europe,"Injury Prone, Long Passer (AI), Playmaker (AI), Outside Foot Shot",https://cdn.sofifa.net/players/190/584/22_120.png
252371,J. Bellingham,Jude Victor William Bellingham,"CM, LM",79,18,186,Borussia Dortmund,German 1. Bundesliga,England,Europe,"Dives Into Tackles (AI), Technical Dribbler (AI)",https://cdn.sofifa.net/players/252/371/22_120.png
210324,J. Hofmann,Jonas Hofmann,"CM, RM, LM",79,28,176,Borussia Mönchengladbach,German 1. Bundesliga,Germany,Europe,Team Player,https://cdn.sofifa.net/players/210/324/22_120.png
234612,J. Ikoné,Nanitamo Jonathan Ikoné,"RM, ST",79,23,175,LOSC Lille,French Ligue 1,France,Europe,"Flair, Playmaker (AI), Outside Foot Shot, Technical Dribbler (AI)",https://cdn.sofifa.net/players/234/612/22_120.png
207494,J. Lingard,Jesse Lingard,CAM,79,28,175,Manchester United,English Premier League,England,Europe,"Long Shot Taker (AI), Technical Dribbler (AI)",https://cdn.sofifa.net/players/207/494/22_120.png
138412,J. Milner,James Philip Milner,"CM, LB, RB",79,35,175,Liverpool,English Premier League,England,Europe,"Leadership, Team Player",https://cdn.sofifa.net/players/138/412/22_120.png
212442,José Sá,José Pedro Malheiro de Sá,GK,79,28,192,Wolverhampton Wanderers,English Premier League,Portugal,Europe,Comes For Crosses,https://cdn.sofifa.net/players/212/442/22_120.png
202857,K. Bellarabi,Karim Bellarabi,"RW, RM",79,31,184,Bayer 04 Leverkusen,German 1. Bundesliga,Germany,Europe,"Injury Prone, Early Crosser, Flair, Long Shot Taker (AI), Speed Dribbler (AI), Outside Foot Shot",https://cdn.sofifa.net/players/202/857/22_120.png
211748,K. Demirbay,Kerem Demirbay,"CM, CDM",79,27,183,Bayer 04 Leverkusen,German 1. Bundesliga,Germany,Europe,"Flair, Long Shot Taker (AI), Playmaker (AI), Outside Foot Shot, Technical Dribbler (AI)",https://cdn.sofifa.net/players/211/748/22_120.png
228687,K. Dolberg,Kasper Dolberg Rasmussen,ST,79,23,187,OGC Nice,French Ligue 1,Denmark,Europe,"Finesse Shot, Power Header, Outside Foot Shot",https://cdn.sofifa.net/players/228/687/22_120.png
210625,K. Mbabu,Melingo Kevin Mbabu,RB,79,26,184,VfL Wolfsburg,German 1. Bundesliga,Switzerland,Europe,"Early Crosser, Speed Dribbler (AI)",https://cdn.sofifa.net/players/210/625/22_120.png
206585,Kepa,Kepa Arrizabalaga Revuelta,GK,79,26,186,Chelsea,English Premier League,Spain,Europe,"GK Long Throw, Saves with Feet",https://cdn.sofifa.net/players/206/585/22_120.png
232432,L. Jović,Luka Jović,ST,79,23,182,Real Madrid CF,Spain Primera Division,Serbia,Europe,"Outside Foot Shot, Chip Shot (AI)",https://cdn.sofifa.net/players/232/432/22_120.png
189805,L. de Jong,Luuk de Jong,ST,79,30,188,FC Barcelona,Spain Primera Division,Netherlands,Europe,Power Header,https://cdn.sofifa.net/players/189/805/22_120.png
199354,Lucas Pérez,Lucas Pérez Martínez,ST,79,32,180,Elche CF,Spain Primera Division,Spain,Europe,,https://cdn.sofifa.net/players/199/354/22_120.png
190717,M. Antonio,Michail Antonio,"ST, RM",79,31,178,West Ham United,English Premier League,Jamaica,North America,"Injury Prone, Flair, Speed Dribbler (AI), Power Header, Giant Throw-in, Team Player",https://cdn.sofifa.net/players/190/717/22_120.png
232665,M. Arambarri,Mauro Wilney Arambarri Rosa,"CDM, CM",79,25,175,Getafe CF,Spain Primera Division,Uruguay,South America,"Long Passer (AI), Long Shot Taker (AI)",https://cdn.sofifa.net/players/232/665/22_120.png
218339,M. Dahoud,Mahmoud Dahoud,"CM, CDM",79,25,178,Borussia Dortmund,German 1. Bundesliga,Germany,Europe,"Flair, Long Passer (AI), Long Shot Taker (AI), Technical Dribbler (AI)",https://cdn.sofifa.net/players/218/339/22_120.png
236610,M. Kean,Moise Bioty Kean,ST,79,21,182,Juventus,Italian Serie A,Italy,Europe,Flair,https://cdn.sofifa.net/players/236/610/22_120.png
244067,M. Lacroix,Maxence Lacroix,CB,79,21,190,VfL Wolfsburg,German 1. Bundesliga,France,Europe,,https://cdn.sofifa.net/players/244/067/22_120.png
190745,M. Silvestri,Marco Silvestri,GK,79,30,191,Udinese Calcio,Italian Serie A,Italy,Europe,Comes For Crosses,https://cdn.sofifa.net/players/190/745/22_120.png
228093,M. Thuram,Marcus Lilian Thuram-Ulien,"LM, ST",79,23,192,Borussia Mönchengladbach,German 1. Bundesliga,France,Europe,"Finesse Shot, Technical Dribbler (AI)",https://cdn.sofifa.net/players/228/093/22_120.png
206545,Manu Trigueros,Manuel Trigueros Muñoz,"CM, RM, LM",79,29,178,Villarreal CF,Spain Primera Division,Spain,Europe,Early Crosser,https://cdn.sofifa.net/players/206/545/22_120.png
192638,Marcos Alonso,Marcos Alonso Mendoza,"LWB, LB",79,30,188,Chelsea,English Premier League,Spain,Europe,Long Shot Taker (AI),https://cdn.sofifa.net/players/192/638/22_120.png
192789,Mario Gaspar,Mario Gaspar Pérez Martínez,RB,79,30,180,Villarreal CF,Spain Primera Division,Spain,Europe,Team Player,https://cdn.sofifa.net/players/192/789/22_120.png
223578,Mata,Jaime Mata Arnaiz,ST,79,32,185,Getafe CF,Spain Primera Division,Spain,Europe,Solid Player,https://cdn.sofifa.net/players/223/578/22_120.png
240243,Matheus Cunha,Matheus Santos Carneiro Da Cunha,"CAM, LM, ST",79,22,183,Atlético de Madrid,Spain Primera Division,Brazil,South America,"Flair, Long Shot Taker (AI), Speed Dribbler (AI), Outside Foot Shot",https://cdn.sofifa.net/players/240/243/22_120.png
186682,Montoro,Ángel Montoro Sánchez,"CDM, CM, CAM",79,33,181,Granada CF,Spain Primera Division,Spain,Europe,"Injury Prone, Long Passer (AI), Long Shot Taker (AI), Playmaker (AI), Team Player",https://cdn.sofifa.net/players/186/682/22_120.png
220253,Munir,Munir El Haddadi Mohamed,"LW, RW, ST",79,25,175,Sevilla FC,Spain Primera Division,Morocco,Africa,"Speed Dribbler (AI), Chip Shot (AI)",https://cdn.sofifa.net/players/220/253/22_120.png
221491,N. Elvedi,Nico Elvedi,CB,79,24,189,Borussia Mönchengladbach,German 1. Bundesliga,Switzerland,Europe,,https://cdn.sofifa.net/players/221/491/22_120.png
193198,N. Gudelj,Nemanja Gudelj,"CDM, CM, CB",79,29,187,Sevilla FC,Spain Primera Division,Serbia,Europe,Long Shot Taker (AI),https://cdn.sofifa.net/players/193/198/22_120.png
239433,N. Maksimović,Nemanja Maksimović,"CDM, CM",79,26,189,Getafe CF,Spain Primera Division,Serbia,Europe,,https://cdn.sofifa.net/players/239/433/22_120.png
191202,N. Matić,Nemanja Matić,CDM,79,32,194,Manchester United,English Premier League,Serbia,Europe,Long Passer (AI),https://cdn.sofifa.net/players/191/202/22_120.png
178509,O. Giroud,Olivier Giroud,ST,79,34,193,AC Milan,Italian Serie A,France,Europe,"Flair, Outside Foot Shot, Team Player",https://cdn.sofifa.net/players/178/509/22_120.png
234035,Odriozola,Álvaro Odriozola Arzalluz,RB,79,25,176,Fiorentina,Italian Serie A,Spain,Europe,,https://cdn.sofifa.net/players/234/035/22_120.png
237942,P. Estupiñán,Pervis Josué Estupiñán Tenorio,"LB, LWB",79,23,175,Villarreal CF,Spain Primera Division,Ecuador,South America,Speed Dribbler (AI),https://cdn.sofifa.net/players/237/942/22_120.png
234236,P. Schick,Patrik Schick,ST,79,25,191,Bayer 04 Leverkusen,German 1. Bundesliga,Czech Republic,Europe,"Injury Prone, Finesse Shot, Flair, Technical Dribbler (AI)",https://cdn.sofifa.net/players/234/236/22_120.png
226456,Pablo Fornals,Pablo Fornals Malla,"LM, RM, CAM",79,25,178,West Ham United,English Premier League,Spain,Europe,"Solid Player, Outside Foot Shot, Team Player, Technical Dribbler (AI)",https://cdn.sofifa.net/players/226/456/22_120.png
223597,R. Aguilar,Ruben Aguilar,RB,79,28,172,AS Monaco,French Ligue 1,France,Europe,Speed Dribbler (AI),https://cdn.sofifa.net/players/223/597/22_120.png
224196,R. Bensebaini,Ramy Bensebaini,"LB, CB",79,26,186,Borussia Mönchengladbach,German 1. Bundesliga,Algeria,Africa,Early Crosser,https://cdn.sofifa.net/players/224/196/22_120.png
194333,R. Gikiewicz,Rafał Gikiewicz,GK,79,33,190,FC Augsburg,German 1. Bundesliga,Poland,Europe,,https://cdn.sofifa.net/players/194/333/22_120.png
220673,R. Tapia,Renato Fabrizio Tapia Cortijo,"CDM, CM",79,25,185,RC Celta de Vigo,Spain Primera Division,Peru,South America,,https://cdn.sofifa.net/players/220/673/22_120.png
198329,Rodrigo,Rodrigo Moreno Machado,"CAM, ST, CM",79,30,182,Leeds United,English Premier League,Spain,Europe,"Finesse Shot, Playmaker (AI), Technical Dribbler (AI)",https://cdn.sofifa.net/players/198/329/22_120.png
243812,Rodrygo,Rodrygo Silva de Goes,RW,79,20,174,Real Madrid CF,Spain Primera Division,Brazil,South America,"Flair, Technical Dribbler (AI)",https://cdn.sofifa.net/players/243/812/22_120.png
211022,Rubén García,Rubén García Santos,"LM, ST, RM",79,27,171,CA Osasuna,Spain Primera Division,Spain,Europe,"Long Shot Taker (AI), Playmaker (AI), Technical Dribbler (AI)",https://cdn.sofifa.net/players/211/022/22_120.png
211241,Rubén Peña,Rubén Peña Jiménez,"RB, RM, LB",79,29,170,Villarreal CF,Spain Primera Division,Spain,Europe,"Injury Prone, Speed Dribbler (AI)",https://cdn.sofifa.net/players/211/241/22_120.png
204259,S. Arias,Santiago Arias Naranjo,RB,79,29,178,Granada CF,Spain Primera Division,Colombia,South America,,https://cdn.sofifa.net/players/204/259/22_120.png
251809,S. Botman,Sven Botman,CB,79,21,193,LOSC Lille,French Ligue 1,Netherlands,Europe,"Solid Player, Long Passer (AI)",https://cdn.sofifa.net/players/251/809/22_120.png
190813,S. El Shaarawy,Stephan El Shaarawy,"LW, LM",79,28,178,Roma,Italian Serie A,Italy,Europe,"Finesse Shot, Flair, Speed Dribbler (AI)",https://cdn.sofifa.net/players/190/813/22_120.png
202648,Sergi Darder,Sergi Darder Moll,"CM, CDM",79,27,180,RCD Espanyol de Barcelona,Spain Primera Division,Spain,Europe,"Finesse Shot, Flair, Long Passer (AI), Long Shot Taker (AI), Playmaker (AI)",https://cdn.sofifa.net/players/202/648/22_120.png
219809,T. Bakayoko,Tiemoué Bakayoko,"CDM, CM",79,26,189,AC Milan,Italian Serie A,France,Europe,,https://cdn.sofifa.net/players/219/809/22_120.png
222501,T. Castagne,Timothy Castagne,"RB, RM",79,25,180,Leicester City,English Premier League,Belgium,Europe,Early Crosser,https://cdn.sofifa.net/players/222/501/22_120.png
240679,T. Koopmeiners,Teun Koopmeiners,"CDM, CM, CB",79,23,183,Atalanta,Italian Serie A,Netherlands,Europe,"Solid Player, Long Passer (AI), Long Shot Taker (AI), Playmaker (AI)",https://cdn.sofifa.net/players/240/679/22_120.png
212096,V. Grifo,Vincenzo Grifo,"LM, CF",79,28,180,Sport-Club Freiburg,German 1. Bundesliga,Italy,Europe,"Flair, Long Shot Taker (AI), Outside Foot Shot, Technical Dribbler (AI)",https://cdn.sofifa.net/players/212/096/22_120.png
202750,W. Boly,Willy-Arnaud Zobo Boly,CB,79,30,195,Wolverhampton Wanderers,English Premier League,Côte d'Ivoire,Africa,"Leadership, Power Header",https://cdn.sofifa.net/players/202/750/22_120.png
193348,X. Shaqiri,Xherdan Shaqiri,"RW, RM",79,29,169,Olympique Lyonnais,French Ligue 1,Switzerland,Europe,"Flair, Long Shot Taker (AI), Playmaker (AI)",https://cdn.sofifa.net/players/193/348/22_120.png
236480,Y. Bissouma,Yves Bissouma,"CDM, CM",79,24,182,Brighton & Hove Albion,English Premier League,Mali,Africa,"Power Free-Kick, Flair, Long Shot Taker (AI)",https://cdn.sofifa.net/players/236/480/22_120.png
220523,Y. Mina,Yerry Fernando Mina González,CB,79,26,195,Everton,English Premier League,Colombia,South America,Power Header,https://cdn.sofifa.net/players/220/523/22_120.png
224490,Z. Çelik,Mehmet Zeki Çelik,RB,79,24,180,LOSC Lille,French Ligue 1,Turkey,Europe,,https://cdn.sofifa.net/players/224/490/22_120.png
233738,Zubeldia,Igor Zubeldía Elorza,"CB, CM, CDM",79,24,181,Real Sociedad,Spain Primera Division,Spain,Europe,"Leadership, Long Passer (AI)",https://cdn.sofifa.net/players/233/738/22_120.png
202935,Álvaro,Álvaro González Soberón,CB,79,31,182,Olympique de Marseille,French Ligue 1,Spain,Europe,,https://cdn.sofifa.net/players/202/935/22_120.png
236791,A. Barák,Antonín Barák,"CF, CM",78,26,190,Hellas Verona,Italian Serie A,Czech Republic,Europe,Technical Dribbler (AI),https://cdn.sofifa.net/players/236/791/22_120.png
188335,A. Budimir,Ante Budimir,ST,78,29,190,CA Osasuna,Spain Primera Division,Croatia,Europe,,https://cdn.sofifa.net/players/188/335/22_120.png
225711,A. Diallo,Abdou Diallo,"CB, LB",78,25,187,Paris Saint-Germain,French Ligue 1,Senegal,Africa,Injury Prone,https://cdn.sofifa.net/players/225/711/22_120.png
226789,A. Fulgini,Angelo Fulgini,"CAM, CM, RM",78,24,183,Angers SCO,French Ligue 1,France,Europe,Playmaker (AI),https://cdn.sofifa.net/players/226/789/22_120.png
240753,A. Gouiri,Amine Gouiri,"ST, LM",78,21,180,OGC Nice,French Ligue 1,France,Europe,"Finesse Shot, Flair, Outside Foot Shot",https://cdn.sofifa.net/players/240/753/22_120.png
171897,A. Guardado,José Andrés Guardado Hernández,"CDM, CM, LM",78,34,169,Real Betis Balompié,Spain Primera Division,Mexico,North America,Injury Prone,https://cdn.sofifa.net/players/171/897/22_120.png
238463,A. Haidara,Amadou Haïdara,"CM, RM, LM",78,23,175,RB Leipzig,German 1. Bundesliga,Mali,Africa,Long Shot Taker (AI),https://cdn.sofifa.net/players/238/463/22_120.png
185103,A. Kolarov,Aleksandar Kolarov,"LB, CB",78,35,187,Inter,Italian Serie A,Serbia,Europe,"Leadership, Early Crosser, Long Shot Taker (AI)",https://cdn.sofifa.net/players/185/103/22_120.png
231691,A. Lafont,Alban Lafont,GK,78,22,196,FC Nantes,French Ligue 1,France,Europe,"Leadership, Rushes Out Of Goal, Cautious With Crosses",https://cdn.sofifa.net/players/231/691/22_120.png
229909,A. Lunev,Andrey Lunev,GK,78,29,190,Bayer 04 Leverkusen,German 1. Bundesliga,Russia,Europe,Rushes Out Of Goal,https://cdn.sofifa.net/players/229/909/22_120.png
214092,A. Miranchuk,Aleksey Miranchuk,"CAM, ST",78,25,182,Atalanta,Italian Serie A,Russia,Europe,"Flair, Playmaker (AI), Technical Dribbler (AI)",https://cdn.sofifa.net/players/214/092/22_120.png
176772,A. Oukidja,Alexandre Oukidja,GK,78,32,184,FC Metz,French Ligue 1,Algeria,Africa,Comes For Crosses,https://cdn.sofifa.net/players/176/772/22_120.png
189280,A. Westwood,Ashley Westwood,"CDM, CM",78,31,175,Burnley,English Premier League,England,Europe,"Solid Player, Long Passer (AI), Playmaker (AI)",https://cdn.sofifa.net/players/189/280/22_120.png
205966,A. Younes,Amin Younes,"CAM, CF, LM",78,27,168,Eintracht Frankfurt,German 1. Bundesliga,Germany,Europe,"Finesse Shot, Technical Dribbler (AI)",https://cdn.sofifa.net/players/205/966/22_120.png
152908,A. Young,Ashley Young,"LWB, LB",78,35,175,Aston Villa,English Premier League,England,Europe,"Dives Into Tackles (AI), Long Passer (AI), Team Player",https://cdn.sofifa.net/players/152/908/22_120.png
213956,Adama Traoré,Adama Traoré Diarra,"RW, RWB",78,25,178,Wolverhampton Wanderers,English Premier League,Spain,Europe,"Flair, Speed Dribbler (AI)",https://cdn.sofifa.net/players/213/956/22_120.png
215590,Ayoze Pérez,Ayoze Pérez Gutiérrez,"RW, RM",78,27,178,Leicester City,English Premier League,Spain,Europe,"Finesse Shot, Flair",https://cdn.sofifa.net/players/215/590/22_120.png
214097,B. Bourigeaud,Benjamin Bourigeaud,"CM, LM",78,27,178,Stade Rennais FC,French Ligue 1,France,Europe,"Long Passer (AI), Long Shot Taker (AI), Outside Foot Shot",https://cdn.sofifa.net/players/214/097/22_120.png
208268,B. Cristante,Bryan Cristante,"CDM, CB, CM",78,26,186,Roma,Italian Serie A,Italy,Europe,Long Passer (AI),https://cdn.sofifa.net/players/208/268/22_120.png
163155,B. Foster,Ben Foster,GK,78,38,193,Watford,English Premier League,England,Europe,"GK Long Throw, Rushes Out Of Goal, Comes For Crosses, Saves with Feet",https://cdn.sofifa.net/players/163/155/22_120.png
219792,B. Santamaria,Baptiste Santamaría,"CDM, CM",78,26,183,Stade Rennais FC,French Ligue 1,France,Europe,"Long Passer (AI), Long Shot Taker (AI)",https://cdn.sofifa.net/players/219/792/22_120.png
239817,B. Soumaré,Boubakary Soumaré,"CDM, CM",78,22,188,Leicester City,English Premier League,France,Europe,,https://cdn.sofifa.net/players/239/817/22_120.png
231410,Brahim,Brahim Abdelkader Díaz,"CAM, LW, LM",78,21,171,AC Milan,Italian Serie A,Spain,Europe,"Injury Prone, Finesse Shot, Flair, Technical Dribbler (AI)",https://cdn.sofifa.net/players/231/410/22_120.png
173306,C. Ansaldi,Cristian Daniel Ansaldi,"LWB, LB, LM",78,34,181,Torino F.C.,Italian Serie A,Argentina,South America,"Injury Prone, Long Shot Taker (AI), Technical Dribbler (AI)",https://cdn.sofifa.net/players/173/306/22_120.png
242187,C. Baumgartner,Christoph Baumgartner,"CAM, LM, CM",78,21,180,TSG Hoffenheim,German 1. Bundesliga,Austria,Europe,"Flair, Technical Dribbler (AI)",https://cdn.sofifa.net/players/242/187/22_120.png
174543,C. Bravo,Claudio Andrés Bravo Muñoz,GK,78,38,184,Real Betis Balompié,Spain Primera Division,Chile,South America,"Long Passer (AI), GK Long Throw",https://cdn.sofifa.net/players/174/543/22_120.png
186801,C. Kouyaté,Cheikhou Kouyaté,"CB, CDM",78,31,189,Crystal Palace,English Premier League,Senegal,Africa,"Leadership, Long Passer (AI)",https://cdn.sofifa.net/players/186/801/22_120.png
189881,C. Smalling,Chris Smalling,CB,78,31,194,Roma,Italian Serie A,England,Europe,"Injury Prone, Power Header",https://cdn.sofifa.net/players/189/881/22_120.png
246844,Carlos Neva,Carlos Neva Tey,LB,78,25,174,Granada CF,Spain Primera Division,Spain,Europe,"Early Crosser, Speed Dribbler (AI)",https://cdn.sofifa.net/players/246/844/22_120.png
197837,D. Boyata,Anga Dedryck Boyata,CB,78,30,188,Hertha BSC,German 1. Bundesliga,Belgium,Europe,"Injury Prone, Power Header",https://cdn.sofifa.net/players/197/837/22_120.png
228881,D. Calabria,Davide Calabria,RB,78,24,177,AC Milan,Italian Serie A,Italy,Europe,,https://cdn.sofifa.net/players/228/881/22_120.png
199652,D. Praet,Dennis Praet,"CM, RM",78,27,181,Torino F.C.,Italian Serie A,Belgium,Europe,Technical Dribbler (AI),https://cdn.sofifa.net/players/199/652/22_120.png
201042,D. Sidibé,Djibril Sidibé,"RB, CB",78,28,182,AS Monaco,French Ligue 1,France,Europe,"Injury Prone, Team Player",https://cdn.sofifa.net/players/201/042/22_120.png
203843,D. Suárez,Damián Nicolás Suárez Suárez,RB,78,33,173,Getafe CF,Spain Primera Division,Uruguay,South America,"Long Throw-in, Dives Into Tackles (AI), Long Passer (AI), Long Shot Taker (AI)",https://cdn.sofifa.net/players/203/843/22_120.png
246430,D. Vlahović,Dušan Vlahović,ST,78,21,190,Fiorentina,Italian Serie A,Serbia,Europe,,https://cdn.sofifa.net/players/246/430/22_120.png
238476,D. Zagadou,Dan-Axel Zagadou,CB,78,22,196,Borussia Dortmund,German 1. Bundesliga,France,Europe,"Injury Prone, Power Header",https://cdn.sofifa.net/players/238/476/22_120.png
225263,D. Ćaleta-Car,Duje Ćaleta-Car,CB,78,24,192,Olympique de Marseille,French Ligue 1,Croatia,Europe,Long Passer (AI),https://cdn.sofifa.net/players/225/263/22_120.png
216194,Dani García,Daniel García Carrillo,CM,78,31,180,Athletic Club de Bilbao,Spain Primera Division,Spain,Europe,"Solid Player, Leadership",https://cdn.sofifa.net/players/216/194/22_120.png
226766,Daniel Podence,Daniel Castelo Podence,"LW, RW, CAM",78,25,165,Wolverhampton Wanderers,English Premier League,Portugal,Europe,"Flair, Outside Foot Shot, Technical Dribbler (AI)",https://cdn.sofifa.net/players/226/766/22_120.png
225341,David García,David García Zubiría,CB,78,27,185,CA Osasuna,Spain Primera Division,Spain,Europe,,https://cdn.sofifa.net/players/225/341/22_120.png
243559,De Frutos,Jorge de Frutos Sebastián,"RM, LM",78,24,176,Levante Unión Deportiva,Spain Primera Division,Spain,Europe,Technical Dribbler (AI),https://cdn.sofifa.net/players/243/559/22_120.png
205192,Denis Suárez,Denis Suárez Fernández,"CM, LM, LW",78,27,178,RC Celta de Vigo,Spain Primera Division,Spain,Europe,"Injury Prone, Finesse Shot, Technical Dribbler (AI)",https://cdn.sofifa.net/players/205/192/22_120.png
234835,Domingos Duarte,Domingos Sousa Coutinho Meneses Duarte,CB,78,26,190,Granada CF,Spain Primera Division,Portugal,Europe,"Dives Into Tackles (AI), Long Passer (AI)",https://cdn.sofifa.net/players/234/835/22_120.png
228413,E. Audero,Emil Audero Mulyadi,GK,78,24,192,U.C. Sampdoria,Italian Serie A,Italy,Europe,Cautious With Crosses,https://cdn.sofifa.net/players/228/413/22_120.png
248243,E. Camavinga,Eduardo Camavinga,"CM, CDM",78,18,182,Real Madrid CF,Spain Primera Division,France,Europe,"Flair, Technical Dribbler (AI)",https://cdn.sofifa.net/players/248/243/22_120.png
178213,E. Capoue,Etienne Capoue,"CM, CDM",78,32,190,Villarreal CF,Spain Primera Division,France,Europe,"Long Passer (AI), Long Shot Taker (AI)",https://cdn.sofifa.net/players/178/213/22_120.png
227678,E. Konsa,Ezri Konsa Ngoyo,"CB, RB",78,23,183,Aston Villa,English Premier League,England,Europe,Power Header,https://cdn.sofifa.net/players/227/678/22_120.png
170368,E. Lamela,Erik Lamela,"RM, CAM",78,29,184,Sevilla FC,Spain Primera Division,Argentina,South America,"Injury Prone, Dives Into Tackles (AI), Finesse Shot, Flair, Long Shot Taker (AI), Technical Dribbler (AI)",https://cdn.sofifa.net/players/170/368/22_120.png
210736,Emerson,Emerson Palmieri dos Santos,"LB, LWB",78,26,176,Olympique Lyonnais,French Ligue 1,Italy,Europe,Speed Dribbler (AI),https://cdn.sofifa.net/players/210/736/22_120.png
192679,Escudero,Sergio Escudero Palomo,"LB, LM",78,31,176,Granada CF,Spain Primera Division,Spain,Europe,Long Throw-in,https://cdn.sofifa.net/players/192/679/22_120.png
175254,F. Caicedo,Felipe Salvador Caicedo Corozo,"CF, ST",78,32,183,Genoa,Italian Serie A,Ecuador,South America,Flair,https://cdn.sofifa.net/players/175/254/22_120.png
189053,F. Caputo,Francesco Caputo,ST,78,33,181,U.C. Sampdoria,Italian Serie A,Italy,Europe,Finesse Shot,https://cdn.sofifa.net/players/189/053/22_120.png
228336,F. Grillitsch,Florian Grillitsch,"CM, CDM, CB",78,25,187,TSG Hoffenheim,German 1. Bundesliga,Austria,Europe,"Leadership, Long Passer (AI), Playmaker (AI)",https://cdn.sofifa.net/players/228/336/22_120.png
209288,F. Mollet,Florent Mollet,"CAM, CM",78,29,170,Montpellier Hérault SC,French Ligue 1,France,Europe,"Power Free-Kick, Long Shot Taker (AI), Playmaker (AI), Outside Foot Shot, Technical Dribbler (AI)",https://cdn.sofifa.net/players/209/288/22_120.png
159261,F. Quagliarella,Fabio Quagliarella,ST,78,38,180,U.C. Sampdoria,Italian Serie A,Italy,Europe,"Leadership, Finesse Shot, Long Passer (AI), Long Shot Taker (AI), Outside Foot Shot",https://cdn.sofifa.net/players/159/261/22_120.png
256630,F. Wirtz,Florian Richard Wirtz,"CAM, CM",78,18,176,Bayer 04 Leverkusen,German 1. Bundesliga,Germany,Europe,"Flair, Playmaker (AI), Outside Foot Shot, Chip Shot (AI), Technical Dribbler (AI)",https://cdn.sofifa.net/players/256/630/22_120.png
167397,Falcao,Radamel Falcao García Zárate,ST,78,35,177,Rayo Vallecano,Spain Primera Division,Colombia,South America,"Injury Prone, Finesse Shot, Power Header, Outside Foot Shot",https://cdn.sofifa.net/players/167/397/22_120.png
201995,Felipe Anderson,Felipe Anderson Pereira Gomes,"LM, CAM",78,28,175,Lazio,Italian Serie A,Brazil,South America,"Finesse Shot, Flair, Speed Dribbler (AI)",https://cdn.sofifa.net/players/201/995/22_120.png
195096,Fransérgio,Fransérgio Rodrigues Barbosa,"CM, CAM",78,30,187,FC Girondins de Bordeaux,French Ligue 1,Brazil,South America,"Long Shot Taker (AI), Playmaker (AI), Team Player",https://cdn.sofifa.net/players/195/096/22_120.png
189125,G. Bonaventura,Giacomo Bonaventura,"CM, CAM",78,31,181,Fiorentina,Italian Serie A,Italy,Europe,"Injury Prone, Long Shot Taker (AI)",https://cdn.sofifa.net/players/189/125/22_120.png
186197,G. Kakuta,Gaël Kakuta,CAM,78,30,173,Racing Club de Lens,French Ligue 1,Congo DR,Africa,"Leadership, Flair, Playmaker (AI), Outside Foot Shot, Technical Dribbler (AI)",https://cdn.sofifa.net/players/186/197/22_120.png
231340,G. Montiel,Gonzalo Ariel Montiel,"RB, RWB",78,24,175,Sevilla FC,Spain Primera Division,Argentina,South America,"Long Throw-in, Dives Into Tackles (AI)",https://cdn.sofifa.net/players/231/340/22_120.png
225659,G. Rodríguez,Guido Rodríguez,"CDM, CM",78,26,185,Real Betis Balompié,Spain Primera Division,Argentina,South America,"Dives Into Tackles (AI), Long Shot Taker (AI), Outside Foot Shot",https://cdn.sofifa.net/players/225/659/22_120.png
227055,Gelson Martins,Gelson Dany Batalha Martins,"RM, LM, RW",78,26,173,AS Monaco,French Ligue 1,Portugal,Europe,"Injury Prone, Flair, Speed Dribbler (AI), Outside Foot Shot",https://cdn.sofifa.net/players/227/055/22_120.png
203747,Héctor Bellerín,Héctor Bellerín Moruno,"RB, RWB",78,26,178,Real Betis Balompié,Spain Primera Division,Spain,Europe,Speed Dribbler (AI),https://cdn.sofifa.net/players/203/747/22_120.png
237678,I. Konaté,Ibrahima Konaté,CB,78,22,194,Liverpool,English Premier League,France,Europe,Injury Prone,https://cdn.sofifa.net/players/237/678/22_120.png
235353,I. Sarr,Ismaïla Sarr,"RW, RM, ST",78,23,185,Watford,English Premier League,Senegal,Africa,Speed Dribbler (AI),https://cdn.sofifa.net/players/235/353/22_120.png
189606,J. Baumgartlinger,Julian Baumgartlinger,"CDM, CM",78,33,181,Bayer 04 Leverkusen,German 1. Bundesliga,Austria,Europe,"Dives Into Tackles (AI), Leadership, Team Player",https://cdn.sofifa.net/players/189/606/22_120.png
224371,J. Bowen,Jarrod Bowen,"RM, ST",78,24,175,West Ham United,English Premier League,England,Europe,"Long Shot Taker (AI), Technical Dribbler (AI)",https://cdn.sofifa.net/players/224/371/22_120.png
204082,J. Brooks,John Anthony Brooks,CB,78,28,193,VfL Wolfsburg,German 1. Bundesliga,United States,North America,"Long Passer (AI), Power Header",https://cdn.sofifa.net/players/204/082/22_120.png
243630,J. David,Jonathan Christian David,ST,78,21,177,LOSC Lille,French Ligue 1,Canada,North America,"Solid Player, Outside Foot Shot",https://cdn.sofifa.net/players/243/630/22_120.png
232080,J. Harrison,Jack Harrison,"LM, RM",78,24,175,Leeds United,English Premier League,England,Europe,"Finesse Shot, Flair, Technical Dribbler (AI)",https://cdn.sofifa.net/players/232/080/22_120.png
208334,J. Hector,Jonas Hector,"CDM, LB",78,31,185,1. FC Köln,German 1. Bundesliga,Germany,Europe,"Dives Into Tackles (AI), Team Player",https://cdn.sofifa.net/players/208/334/22_120.png
210881,J. McGinn,John McGinn,"CDM, CM",78,26,178,Aston Villa,English Premier League,Scotland,Europe,"Long Passer (AI), Long Shot Taker (AI), Playmaker (AI)",https://cdn.sofifa.net/players/210/881/22_120.png
191180,J. Pastore,Javier Matías Pastore,"CAM, CM",78,32,187,Elche CF,Spain Primera Division,Argentina,South America,"Injury Prone, Flair, Technical Dribbler (AI)",https://cdn.sofifa.net/players/191/180/22_120.png
213331,J. Tah,Jonathan Tah,CB,78,25,195,Bayer 04 Leverkusen,German 1. Bundesliga,Germany,Europe,Solid Player,https://cdn.sofifa.net/players/213/331/22_120.png
202849,J. Vestergaard,Jannik Vestergaard,CB,78,28,199,Leicester City,English Premier League,Denmark,Europe,"Long Passer (AI), Power Header",https://cdn.sofifa.net/players/202/849/22_120.png
193171,Jaume Costa,Jaume Vicent Costa Jordá,"LB, RB",78,33,171,RCD Mallorca,Spain Primera Division,Spain,Europe,,https://cdn.sofifa.net/players/193/171/22_120.png
222943,Jony,Jonathan Rodríguez Menéndez,LM,78,29,179,Lazio,Italian Serie A,Spain,Europe,"Early Crosser, Speed Dribbler (AI)",https://cdn.sofifa.net/players/222/943/22_120.png
178088,Juan Mata,Juan Manuel Mata García,"CAM, RM",78,33,170,Manchester United,English Premier League,Spain,Europe,"Solid Player, Finesse Shot, Playmaker (AI), Team Player",https://cdn.sofifa.net/players/178/088/22_120.png
241184,Junior Firpo,Héctor Junior Firpo Adamés,"LB, LM",78,24,184,Leeds United,English Premier League,Spain,Europe,Early Crosser,https://cdn.sofifa.net/players/241/184/22_120.png
173909,K. Boateng,Kevin-Prince Boateng,"CAM, CM, CF",78,34,185,Hertha BSC,German 1. Bundesliga,Ghana,Africa,"Leadership, Flair, Long Shot Taker (AI), Outside Foot Shot",https://cdn.sofifa.net/players/173/909/22_120.png
225719,K. Iheanacho,Kelechi Promise Iheanacho,"ST, CF",78,24,185,Leicester City,English Premier League,Nigeria,Africa,"Finesse Shot, Flair, Long Shot Taker (AI), Team Player",https://cdn.sofifa.net/players/225/719/22_120.png
224069,K. Toko Ekambi,Karl Brillant Toko Ekambi,"LW, ST",78,28,185,Olympique Lyonnais,French Ligue 1,Cameroon,Africa,Speed Dribbler (AI),https://cdn.sofifa.net/players/224/069/22_120.png
192678,Kike García,Enrique García Martínez,ST,78,31,186,CA Osasuna,Spain Primera Division,Spain,Europe,,https://cdn.sofifa.net/players/192/678/22_120.png
219733,L. Ajorque,Ludovic Ajorque,ST,78,27,197,RC Strasbourg Alsace,French Ligue 1,France,Europe,Power Header,https://cdn.sofifa.net/players/219/733/22_120.png
215353,L. Alario,Lucas Nicolás Alario,ST,78,28,184,Bayer 04 Leverkusen,German 1. Bundesliga,Argentina,South America,Power Header,https://cdn.sofifa.net/players/215/353/22_120.png
216643,L. Dubois,Léo Dubois,RB,78,26,178,Olympique Lyonnais,French Ligue 1,France,Europe,,https://cdn.sofifa.net/players/216/643/22_120.png
199915,L. Dunk,Lewis Dunk,CB,78,29,192,Brighton & Hove Albion,English Premier League,England,Europe,"Power Free-Kick, Solid Player, Dives Into Tackles (AI), Leadership, Long Passer (AI), Power Header, Team Player",https://cdn.sofifa.net/players/199/915/22_120.png
165229,L. Koscielny,Laurent Koscielny,CB,78,35,186,FC Girondins de Bordeaux,French Ligue 1,France,Europe,"Injury Prone, Leadership, Power Header",https://cdn.sofifa.net/players/165/229/22_120.png
194222,Laguardia,Víctor Laguardia Cisneros,CB,78,31,185,Deportivo Alavés,Spain Primera Division,Spain,Europe,,https://cdn.sofifa.net/players/194/222/22_120.png
242201,Luis Milla,Luis Milla Manzanares,"CDM, CM, CAM",78,26,175,Granada CF,Spain Primera Division,Spain,Europe,"Finesse Shot, Playmaker (AI)",https://cdn.sofifa.net/players/242/201/22_120.png
236355,Luiz Felipe,Luiz Felipe Ramos Marchi,CB,78,24,187,Lazio,Italian Serie A,Brazil,South America,"Long Throw-in, Dives Into Tackles (AI)",https://cdn.sofifa.net/players/236/355/22_120.png
246646,M. Caqueret,Maxence Caqueret,"CM, CDM",78,21,174,Olympique Lyonnais,French Ligue 1,France,Europe,Outside Foot Shot,https://cdn.sofifa.net/players/246/646/22_120.png
227174,M. Cash,Matty Cash,RB,78,23,179,Aston Villa,English Premier League,England,Europe,"Long Throw-in, Dives Into Tackles (AI), Speed Dribbler (AI)",https://cdn.sofifa.net/players/227/174/22_120.png
184392,M. Darmian,Matteo Darmian,"RWB, LWB, RB",78,31,182,Inter,Italian Serie A,Italy,Europe,,https://cdn.sofifa.net/players/184/392/22_120.png
211591,M. Dembélé,Moussa Dembélé,ST,78,24,183,Olympique Lyonnais,French Ligue 1,France,Europe,Flair,https://cdn.sofifa.net/players/211/591/22_120.png
201417,M. Doherty,Matthew James Doherty,"RB, RWB",78,29,182,Tottenham Hotspur,English Premier League,Republic of Ireland,Europe,"Solid Player, Early Crosser",https://cdn.sofifa.net/players/201/417/22_120.png
222493,M. Friedrich,Marvin Friedrich,CB,78,25,192,1. FC Union Berlin,German 1. Bundesliga,Germany,Europe,Long Passer (AI),https://cdn.sofifa.net/players/222/493/22_120.png
246147,M. Greenwood,Mason Greenwood,"RM, ST",78,19,181,Manchester United,English Premier League,England,Europe,"Finesse Shot, Flair, Long Shot Taker (AI), Outside Foot Shot, Technical Dribbler (AI)",https://cdn.sofifa.net/players/246/147/22_120.png
210665,M. Halstenberg,Marcel Halstenberg,"CB, LB",78,29,188,RB Leipzig,German 1. Bundesliga,Germany,Europe,Long Shot Taker (AI),https://cdn.sofifa.net/players/210/665/22_120.png
190243,M. Hitz,Marwin Hitz,GK,78,33,194,Borussia Dortmund,German 1. Bundesliga,Switzerland,Europe,Team Player,https://cdn.sofifa.net/players/190/243/22_120.png
223273,M. Pašalić,Mario Pašalić,"CM, CAM",78,26,188,Atalanta,Italian Serie A,Croatia,Europe,Long Passer (AI),https://cdn.sofifa.net/players/223/273/22_120.png
239613,M. Pessina,Matteo Pessina,"CAM, CM, CF",78,24,183,Atalanta,Italian Serie A,Italy,Europe,,https://cdn.sofifa.net/players/239/613/22_120.png
183394,M. Sissoko,Moussa Sissoko,"CDM, CM",78,31,187,Watford,English Premier League,France,Europe,Solid Player,https://cdn.sofifa.net/players/183/394/22_120.png
219985,M. Vecino,Matías Vecino Falero,"CM, CDM",78,29,187,Inter,Italian Serie A,Uruguay,South America,,https://cdn.sofifa.net/players/219/985/22_120.png
180334,Marcelo,Marcelo Antônio Guedes Filho,CB,78,34,191,Olympique Lyonnais,French Ligue 1,Brazil,South America,"Solid Player, Long Passer (AI), Power Header",https://cdn.sofifa.net/players/180/334/22_120.png
178007,Miguel Veloso,Miguel Luís Pinto Veloso,"CM, CDM",78,35,180,Hellas Verona,Italian Serie A,Portugal,Europe,"Injury Prone, Leadership, Long Passer (AI)",https://cdn.sofifa.net/players/178/007/22_120.png
206590,Moi Gómez,Moisés Gómez Bordonado,"LM, RM, CM",78,27,176,Villarreal CF,Spain Primera Division,Spain,Europe,"Finesse Shot, Long Passer (AI)",https://cdn.sofifa.net/players/206/590/22_120.png
204614,Mário Rui,Mário Rui Silva Duarte,LB,78,30,170,Napoli,Italian Serie A,Portugal,Europe,Speed Dribbler (AI),https://cdn.sofifa.net/players/204/614/22_120.png
208920,N. Aké,Nathan Aké,CB,78,26,180,Manchester City,English Premier League,Netherlands,Europe,,https://cdn.sofifa.net/players/208/920/22_120.png
238067,N. Zaniolo,Nicolò Zaniolo,"CAM, RM",78,21,190,Roma,Italian Serie A,Italy,Europe,"Injury Prone, Flair, Speed Dribbler (AI)",https://cdn.sofifa.net/players/238/067/22_120.png
146439,Negredo,Álvaro Negredo Sánchez,ST,78,35,186,Cádiz CF,Spain Primera Division,Spain,Europe,Power Header,https://cdn.sofifa.net/players/146/439/22_120.png
252145,Nuno Mendes,Nuno Alexandre Tavares Mendes,"LWB, LB, LM",78,19,176,Paris Saint-Germain,French Ligue 1,Portugal,Europe,Speed Dribbler (AI),https://cdn.sofifa.net/players/252/145/22_120.png
221697,O. Watkins,Ollie Watkins,ST,78,25,180,Aston Villa,English Premier League,England,Europe,"Solid Player, Speed Dribbler (AI)",https://cdn.sofifa.net/players/221/697/22_120.png
199576,Oriol Romeu,Oriol Romeu Vidal,"CDM, CM",78,29,183,Southampton,English Premier League,Spain,Europe,,https://cdn.sofifa.net/players/199/576/22_120.png
206534,P. Bamford,Patrick Bamford,ST,78,27,185,Leeds United,English Premier League,England,Europe,Flair,https://cdn.sofifa.net/players/206/534/22_120.png
203605,P. Kadeřábek,Pavel Kadeřábek,"RWB, RB, RM",78,29,182,TSG Hoffenheim,German 1. Bundesliga,Czech Republic,Europe,Speed Dribbler (AI),https://cdn.sofifa.net/players/203/605/22_120.png
241727,P. Rajković,Predrag Rajković,GK,78,25,191,Stade de Reims,French Ligue 1,Serbia,Europe,Long Passer (AI),https://cdn.sofifa.net/players/241/727/22_120.png
189505,Pedro,Pedro Eliezer Rodríguez Ledesma,"CF, RW",78,33,169,Lazio,Italian Serie A,Spain,Europe,"Finesse Shot, Long Shot Taker (AI), Outside Foot Shot",https://cdn.sofifa.net/players/189/505/22_120.png
238616,Pedro Neto,Pedro Lomba Neto,"LW, RW",78,21,172,Wolverhampton Wanderers,English Premier League,Portugal,Europe,Speed Dribbler (AI),https://cdn.sofifa.net/players/238/616/22_120.png
24630,Pepe Reina,José Manuel Reina Páez,GK,78,38,188,Lazio,Italian Serie A,Spain,Europe,"GK Long Throw, Rushes Out Of Goal",https://cdn.sofifa.net/players/024/630/22_120.png
244622,Puado,Javier Puado Díaz,"LM, ST, CAM",78,23,177,RCD Espanyol de Barcelona,Spain Primera Division,Spain,Europe,"Long Shot Taker (AI), Speed Dribbler (AI)",https://cdn.sofifa.net/players/244/622/22_120.png
213577,Puertas,Antonio José Rodríguez Díaz,"RM, LM",78,29,183,Granada CF,Spain Primera Division,Spain,Europe,"Long Shot Taker (AI), Speed Dribbler (AI)",https://cdn.sofifa.net/players/213/577/22_120.png
199189,R. Barkley,Ross Barkley,"CAM, CM",78,27,189,Chelsea,English Premier League,England,Europe,"Injury Prone, Long Shot Taker (AI)",https://cdn.sofifa.net/players/199/189/22_120.png
227535,R. Bentancur,Rodrigo Bentancur Colmán,CM,78,24,187,Juventus,Italian Serie A,Uruguay,South America,,https://cdn.sofifa.net/players/227/535/22_120.png
220883,R. Borré,Rafael Santos Borré Maury,ST,78,25,174,Eintracht Frankfurt,German 1. Bundesliga,Colombia,South America,"Solid Player, Finesse Shot, Speed Dribbler (AI), Outside Foot Shot",https://cdn.sofifa.net/players/220/883/22_120.png
222558,R. Karsdorp,Rick Karsdorp,"RM, RB",78,26,184,Roma,Italian Serie A,Netherlands,Europe,"Long Throw-in, Injury Prone, Early Crosser, Speed Dribbler (AI)",https://cdn.sofifa.net/players/222/558/22_120.png
233486,R. Le Normand,Robin Le Normand,CB,78,24,187,Real Sociedad,Spain Primera Division,France,Europe,"Solid Player, Dives Into Tackles (AI), Power Header",https://cdn.sofifa.net/players/233/486/22_120.png
208295,R. Saïss,Romain Saïss,"CB, CM",78,31,188,Wolverhampton Wanderers,English Premier League,Morocco,Africa,"Dives Into Tackles (AI), Long Passer (AI)",https://cdn.sofifa.net/players/208/295/22_120.png
193361,R. Soriano,Roberto Soriano,"CAM, CM",78,30,182,Bologna,Italian Serie A,Italy,Europe,"Playmaker (AI), Technical Dribbler (AI)",https://cdn.sofifa.net/players/193/361/22_120.png
210537,R. Steffen,Renato Steffen,"LM, RM",78,29,170,VfL Wolfsburg,German 1. Bundesliga,Switzerland,Europe,"Speed Dribbler (AI), Outside Foot Shot",https://cdn.sofifa.net/players/210/537/22_120.png
236045,Reinildo,Reinildo Isnard Mandava,LB,78,27,180,LOSC Lille,French Ligue 1,Mozambique,Africa,,https://cdn.sofifa.net/players/236/045/22_120.png
206651,Roberto Torres,Roberto Torres Morales,"RM, LM, CM",78,32,178,CA Osasuna,Spain Primera Division,Spain,Europe,"Leadership, Finesse Shot, Long Shot Taker (AI), Team Player",https://cdn.sofifa.net/players/206/651/22_120.png
180216,S. Coleman,Séamus Coleman,RB,78,32,177,Everton,English Premier League,Republic of Ireland,Europe,"Leadership, Team Player",https://cdn.sofifa.net/players/180/216/22_120.png
216320,S. Fofana,Seko Fofana,CM,78,26,185,Racing Club de Lens,French Ligue 1,Côte d'Ivoire,Africa,"Long Shot Taker (AI), Speed Dribbler (AI)",https://cdn.sofifa.net/players/216/320/22_120.png
187936,S. Nzonzi,Steven N'Kemboanza Mike Christopher Nzonzi,"CDM, CM",78,32,196,Roma,Italian Serie A,France,Europe,Long Passer (AI),https://cdn.sofifa.net/players/187/936/22_120.png
200159,S. Ortega,Stefan Ortega Moreno,GK,78,28,185,DSC Arminia Bielefeld,German 1. Bundesliga,Germany,Europe,"Leadership, Rushes Out Of Goal, Saves with Feet",https://cdn.sofifa.net/players/200/159/22_120.png
224003,Sergio Herrera,Sergio Herrera Pirón,GK,78,28,192,CA Osasuna,Spain Primera Division,Spain,Europe,Comes For Crosses,https://cdn.sofifa.net/players/224/003/22_120.png
231352,T. Abraham,Tammy Bakumo-Abraham,ST,78,23,196,Roma,Italian Serie A,England,Europe,,https://cdn.sofifa.net/players/231/352/22_120.png
212419,T. Mings,Tyrone Mings,CB,78,28,196,Aston Villa,English Premier League,England,Europe,"Leadership, Long Passer (AI)",https://cdn.sofifa.net/players/212/419/22_120.png
213874,Thiago Mendes,Thiago Henrique Mendes Ribeiro,"CDM, CM",78,29,177,Olympique Lyonnais,French Ligue 1,Brazil,South America,"Long Shot Taker (AI), Outside Foot Shot",https://cdn.sofifa.net/players/213/874/22_120.png
244253,U. Račić,Uroš Račić,"CM, CDM",78,23,193,Valencia CF,Spain Primera Division,Serbia,Europe,,https://cdn.sofifa.net/players/244/253/22_120.png
199715,Vitolo,Víctor Machín Pérez,"LM, RM",78,31,185,Getafe CF,Spain Primera Division,Spain,Europe,,https://cdn.sofifa.net/players/199/715/22_120.png
193469,Víctor Ruiz,Víctor Ruíz Torre,CB,78,32,185,Real Betis Balompié,Spain Primera Division,Spain,Europe,Long Passer (AI),https://cdn.sofifa.net/players/193/469/22_120.png
232487,W. Endo,遠藤 航,"CDM, CM",78,28,178,VfB Stuttgart,German 1. Bundesliga,Japan,Asia,Long Passer (AI),https://cdn.sofifa.net/players/232/487/22_120.png
248695,W. Fofana,Wesley Fofana,CB,78,20,190,Leicester City,English Premier League,France,Europe,,https://cdn.sofifa.net/players/248/695/22_120.png
207566,William Carvalho,William Silva de Carvalho,"CDM, CM",78,29,187,Real Betis Balompié,Spain Primera Division,Portugal,Europe,"Long Passer (AI), Playmaker (AI)",https://cdn.sofifa.net/players/207/566/22_120.png
245630,Y. Fofana,Youssouf Fofana,"CM, CDM",78,22,176,AS Monaco,French Ligue 1,France,Europe,Team Player,https://cdn.sofifa.net/players/245/630/22_120.png
234060,Y. Herrera,Yangel Clemente Herrera Ravelo,"CM, CDM, CAM",78,23,184,RCD Espanyol de Barcelona,Spain Primera Division,Venezuela,South America,Long Shot Taker (AI),https://cdn.sofifa.net/players/234/060/22_120.png
231887,Y. Yazıcı,Yusuf Yazıcı,"CF, ST, CAM",78,24,185,LOSC Lille,French Ligue 1,Turkey,Europe,"Finesse Shot, Flair, Long Shot Taker (AI), Outside Foot Shot, Technical Dribbler (AI)",https://cdn.sofifa.net/players/231/887/22_120.png
217036,Álex Moreno,Alexandre Moreno Lopera,"LB, LWB, LM",78,28,179,Real Betis Balompié,Spain Primera Division,Spain,Europe,"Long Shot Taker (AI), Speed Dribbler (AI)",https://cdn.sofifa.net/players/217/036/22_120.png
177633,Ángel,Ángel Luís Rodríguez Díaz,ST,78,34,172,RCD Mallorca,Spain Primera Division,Spain,Europe,Finesse Shot,https://cdn.sofifa.net/players/177/633/22_120.png
236477,A. Claude-Maurice,Alexis Claude-Maurice,"CAM, CM",77,23,175,OGC Nice,French Ligue 1,France,Europe,"Long Shot Taker (AI), Playmaker (AI), Outside Foot Shot, Technical Dribbler (AI)",https://cdn.sofifa.net/players/236/477/22_120.png
229942,A. Disasi,Axel Arthur Disasi,CB,77,23,190,AS Monaco,French Ligue 1,France,Europe,Leadership,https://cdn.sofifa.net/players/229/942/22_120.png
213655,A. Iwobi,Alex Iwobi,"RM, LW",77,25,185,Everton,English Premier League,Nigeria,Africa,"Flair, Technical Dribbler (AI)",https://cdn.sofifa.net/players/213/655/22_120.png
230899,A. Lookman,Ademola Lookman,"LM, CAM, ST",77,23,174,Leicester City,English Premier League,England,Europe,"Flair, Technical Dribbler (AI)",https://cdn.sofifa.net/players/230/899/22_120.png
212491,A. Masuaku,Arthur Masuaku,"LWB, LB",77,27,179,West Ham United,English Premier League,Congo DR,Africa,"Injury Prone, Flair, Technical Dribbler (AI)",https://cdn.sofifa.net/players/212/491/22_120.png
244263,A. Rrahmani,Amir Rrahmani,CB,77,27,192,Napoli,Italian Serie A,Kosovo,Europe,Long Throw-in,https://cdn.sofifa.net/players/244/263/22_120.png
202789,A. Schwolow,Alexander Schwolow,GK,77,29,190,Hertha BSC,German 1. Bundesliga,Germany,Europe,,https://cdn.sofifa.net/players/202/789/22_120.png
194932,A. Townsend,Andros Townsend,"RM, RW",77,29,178,Everton,English Premier League,England,Europe,"Long Shot Taker (AI), Speed Dribbler (AI)",https://cdn.sofifa.net/players/194/932/22_120.png
202493,Aleix Vidal,Aleix Vidal Parreu,"RB, RM, LM",77,31,177,RCD Espanyol de Barcelona,Spain Primera Division,Spain,Europe,Speed Dribbler (AI),https://cdn.sofifa.net/players/202/493/22_120.png
211575,André Gomes,André Filipe Tavares Gomes,"CM, CDM",77,27,188,Everton,English Premier League,Portugal,Europe,,https://cdn.sofifa.net/players/211/575/22_120.png
189472,Aridane,Aridane Hernández Umpiérrez,CB,77,32,186,CA Osasuna,Spain Primera Division,Spain,Europe,"Injury Prone, Power Header",https://cdn.sofifa.net/players/189/472/22_120.png
246242,B. Dia,Boulaye Dia,ST,77,24,180,Villarreal CF,Spain Primera Division,Senegal,Africa,Injury Prone,https://cdn.sofifa.net/players/246/242/22_120.png
215502,B. Drągowski,Bartłomiej Drągowski,GK,77,23,188,Fiorentina,Italian Serie A,Poland,Europe,,https://cdn.sofifa.net/players/215/502/22_120.png
222357,B. Embolo,Breel-Donald Embolo,"ST, CAM",77,24,187,Borussia Mönchengladbach,German 1. Bundesliga,Switzerland,Europe,"Injury Prone, Flair, Speed Dribbler (AI)",https://cdn.sofifa.net/players/222/357/22_120.png
225793,B. Godfrey,Ben Godfrey,"CB, LB",77,23,183,Everton,English Premier League,England,Europe,Dives Into Tackles (AI),https://cdn.sofifa.net/players/225/793/22_120.png
243388,B. Sosa,Borna Sosa,"LWB, LM",77,23,187,VfB Stuttgart,German 1. Bundesliga,Croatia,Europe,"Injury Prone, Early Crosser, Speed Dribbler (AI)",https://cdn.sofifa.net/players/243/388/22_120.png
207948,B. Traoré,Bertrand Isidore Traoré,"RM, RW",77,25,181,Aston Villa,English Premier League,Burkina Faso,Africa,"Finesse Shot, Flair, Speed Dribbler (AI), Outside Foot Shot, Technical Dribbler (AI)",https://cdn.sofifa.net/players/207/948/22_120.png
207664,C. Bacca,Carlos Arturo Bacca Ahumada,ST,77,34,181,Granada CF,Spain Primera Division,Colombia,South America,Outside Foot Shot,https://cdn.sofifa.net/players/207/664/22_120.png
194806,C. Dawson,Craig Dawson,CB,77,31,188,West Ham United,English Premier League,England,Europe,"Solid Player, Power Header",https://cdn.sofifa.net/players/194/806/22_120.png
240740,C. Hudson-Odoi,Callum Hudson-Odoi,"RW, LW",77,20,178,Chelsea,English Premier League,England,Europe,"Speed Dribbler (AI), Technical Dribbler (AI)",https://cdn.sofifa.net/players/240/740/22_120.png
236593,C. Stengs,Calvin Stengs,"RM, CAM",77,22,187,OGC Nice,French Ligue 1,Netherlands,Europe,"Flair, Playmaker (AI), Outside Foot Shot, Technical Dribbler (AI)",https://cdn.sofifa.net/players/236/593/22_120.png
193254,C. Trimmel,Christopher Trimmel,"RWB, RM, RB",77,34,189,1. FC Union Berlin,German 1. Bundesliga,Austria,Europe,"Long Throw-in, Early Crosser, Team Player",https://cdn.sofifa.net/players/193/254/22_120.png
201325,C. Tătărușanu,Anton Ciprian Tătărușanu,GK,77,35,198,AC Milan,Italian Serie A,Romania,Europe,Cautious With Crosses,https://cdn.sofifa.net/players/201/325/22_120.png
235889,C. Ünder,Cengiz Ünder,"RM, RW",77,23,173,Olympique de Marseille,French Ligue 1,Turkey,Europe,"Flair, Long Shot Taker (AI), Technical Dribbler (AI)",https://cdn.sofifa.net/players/235/889/22_120.png
232440,Caio Henrique,Caio Henrique Oliveira Silva,"LB, LM",77,23,179,AS Monaco,French Ligue 1,Brazil,South America,,https://cdn.sofifa.net/players/232/440/22_120.png
204876,Clerc,Carlos Clerc Martínez,LB,77,29,182,Levante Unión Deportiva,Spain Primera Division,Spain,Europe,Speed Dribbler (AI),https://cdn.sofifa.net/players/204/876/22_120.png
190143,Cote,José Ángel Valdés Díaz,LB,77,31,182,CA Osasuna,Spain Primera Division,Spain,Europe,"Early Crosser, Long Passer (AI)",https://cdn.sofifa.net/players/190/143/22_120.png
197083,D. Caligiuri,Daniel Caligiuri,"RM, RWB, CM",77,33,182,FC Augsburg,German 1. Bundesliga,Italy,Europe,"Solid Player, Dives Into Tackles (AI), Long Shot Taker (AI)",https://cdn.sofifa.net/players/197/083/22_120.png
179789,D. Da Silva,Damien Da Silva,CB,77,33,184,Olympique Lyonnais,French Ligue 1,France,Europe,Long Passer (AI),https://cdn.sofifa.net/players/179/789/22_120.png
203177,D. Foulquier,Dimitri Foulquier,"RB, RM, LB",77,28,183,Valencia CF,Spain Primera Division,France,Europe,,https://cdn.sofifa.net/players/203/177/22_120.png
232104,D. James,Daniel James,"RM, LM",77,23,171,Leeds United,English Premier League,Wales,Europe,"Solid Player, Long Shot Taker (AI), Speed Dribbler (AI)",https://cdn.sofifa.net/players/232/104/22_120.png
243282,D. McNeil,Dwight McNeil,LM,77,21,183,Burnley,English Premier League,England,Europe,"Long Shot Taker (AI), Technical Dribbler (AI)",https://cdn.sofifa.net/players/243/282/22_120.png
211320,D. Rugani,Daniele Rugani,CB,77,26,190,Juventus,Italian Serie A,Italy,Europe,"Solid Player, Power Header",https://cdn.sofifa.net/players/211/320/22_120.png
229752,D. Sow,Djibril Sow,"CM, CDM",77,24,184,Eintracht Frankfurt,German 1. Bundesliga,Switzerland,Europe,,https://cdn.sofifa.net/players/229/752/22_120.png
236772,D. Szoboszlai,Dominik Szoboszlai,"CAM, LM",77,20,186,RB Leipzig,German 1. Bundesliga,Hungary,Europe,"Early Crosser, Flair, Long Passer (AI), Long Shot Taker (AI), Playmaker (AI), Outside Foot Shot, Technical Dribbler (AI)",https://cdn.sofifa.net/players/236/772/22_120.png
222509,Dani Ceballos,Daniel Ceballos Fernández,"CM, CDM",77,24,179,Real Madrid CF,Spain Primera Division,Spain,Europe,"Flair, Technical Dribbler (AI)",https://cdn.sofifa.net/players/222/509/22_120.png
201505,David López,David López Silva,"CB, CDM",77,31,183,RCD Espanyol de Barcelona,Spain Primera Division,Spain,Europe,"Dives Into Tackles (AI), Leadership, Long Passer (AI)",https://cdn.sofifa.net/players/201/505/22_120.png
190149,De Marcos,Óscar de Marcos Arana,"RB, RM, RW",77,32,182,Athletic Club de Bilbao,Spain Primera Division,Spain,Europe,"Injury Prone, Speed Dribbler (AI), Team Player",https://cdn.sofifa.net/players/190/149/22_120.png
212602,Diego Llorente,Diego Javier Llorente Ríos,CB,77,27,186,Leeds United,English Premier League,Spain,Europe,Injury Prone,https://cdn.sofifa.net/players/212/602/22_120.png
146748,Diego López,Diego López Rodríguez,GK,77,39,196,RCD Espanyol de Barcelona,Spain Primera Division,Spain,Europe,"Leadership, Team Player, Cautious With Crosses",https://cdn.sofifa.net/players/146/748/22_120.png
236499,Douglas Luiz,Douglas Luiz Soares de Paulo,"CDM, CM",77,23,175,Aston Villa,English Premier League,Brazil,South America,"Finesse Shot, Long Shot Taker (AI)",https://cdn.sofifa.net/players/236/499/22_120.png
235794,E. Eze,Eberechi Eze,"LM, CAM",77,23,178,Crystal Palace,English Premier League,England,Europe,"Flair, Long Shot Taker (AI), Outside Foot Shot, Technical Dribbler (AI)",https://cdn.sofifa.net/players/235/794/22_120.png
210864,E. Hysaj,Elseid Hysaj,"LB, RB",77,27,182,Lazio,Italian Serie A,Albania,Europe,,https://cdn.sofifa.net/players/210/864/22_120.png
236403,E. Ndicka,Obite Evan N'Dicka,"CB, LB",77,21,192,Eintracht Frankfurt,German 1. Bundesliga,France,Europe,,https://cdn.sofifa.net/players/236/403/22_120.png
231521,E. Palacios,Exequiel Alejandro Palacios,"CM, CDM, CAM",77,22,177,Bayer 04 Leverkusen,German 1. Bundesliga,Argentina,South America,"Dives Into Tackles (AI), Long Passer (AI), Long Shot Taker (AI)",https://cdn.sofifa.net/players/231/521/22_120.png
225126,E. Skhiri,Ellyes Joris Skhiri,"CDM, CM",77,26,185,1. FC Köln,German 1. Bundesliga,Tunisia,Africa,Dives Into Tackles (AI),https://cdn.sofifa.net/players/225/126/22_120.png
245037,Eric García,Eric García Martret,CB,77,20,182,FC Barcelona,Spain Primera Division,Spain,Europe,,https://cdn.sofifa.net/players/245/037/22_120.png
229971,F. Centonze,Fabien Centonze,"RWB, RB",77,25,182,FC Metz,French Ligue 1,France,Europe,Speed Dribbler (AI),https://cdn.sofifa.net/players/229/971/22_120.png
201454,F. Ghoulam,Faouzi Ghoulam,LB,77,30,184,Napoli,Italian Serie A,Algeria,Africa,"Power Free-Kick, Giant Throw-in",https://cdn.sofifa.net/players/201/454/22_120.png
197948,F. Lejeune,Florian Lejeune,CB,77,30,189,Deportivo Alavés,Spain Primera Division,France,Europe,Long Passer (AI),https://cdn.sofifa.net/players/197/948/22_120.png
234833,F. Müller,Florian Müller,GK,77,23,190,VfB Stuttgart,German 1. Bundesliga,Germany,Europe,Cautious With Crosses,https://cdn.sofifa.net/players/234/833/22_120.png
232144,F. Uduokhai,Ohis Felix Uduokhai,CB,77,23,193,FC Augsburg,German 1. Bundesliga,Germany,Europe,,https://cdn.sofifa.net/players/232/144/22_120.png
225014,G. Castrovilli,Gaetano Castrovilli,CM,77,24,179,Fiorentina,Italian Serie A,Italy,Europe,"Flair, Long Passer (AI), Outside Foot Shot, Technical Dribbler (AI)",https://cdn.sofifa.net/players/225/014/22_120.png
202851,G. Defrel,Gregoire Defrel,"CAM, ST, LW",77,30,179,U.S. Sassuolo Calcio,Italian Serie A,France,Europe,"Injury Prone, Speed Dribbler (AI)",https://cdn.sofifa.net/players/202/851/22_120.png
219391,G. Escalante,Gonzalo Escalante,"CDM, CM",77,28,182,Lazio,Italian Serie A,Argentina,South America,Dives Into Tackles (AI),https://cdn.sofifa.net/players/219/391/22_120.png
219145,G. Maripán,Guillermo Alfonso Maripán Loaysa,CB,77,27,193,AS Monaco,French Ligue 1,Chile,South America,Power Header,https://cdn.sofifa.net/players/219/145/22_120.png
193601,G. Pezzella,Germán Alejandro Pezzella,CB,77,30,186,Real Betis Balompié,Spain Primera Division,Argentina,South America,Power Header,https://cdn.sofifa.net/players/193/601/22_120.png
245541,G. Reyna,Giovanni Alejandro Reyna,"CAM, LM, RM",77,18,185,Borussia Dortmund,German 1. Bundesliga,United States,North America,Technical Dribbler (AI),https://cdn.sofifa.net/players/245/541/22_120.png
241049,Gorosabel,Andoni Gorosabel Espinosa,RB,77,24,174,Real Sociedad,Spain Primera Division,Spain,Europe,Early Crosser,https://cdn.sofifa.net/players/241/049/22_120.png
220421,H. Kamara,Hassane Kamara,LB,77,27,168,OGC Nice,French Ligue 1,Côte d'Ivoire,Africa,"Solid Player, Speed Dribbler (AI)",https://cdn.sofifa.net/players/220/421/22_120.png
222400,H. Winks,Harry Winks,"CDM, CM",77,25,176,Tottenham Hotspur,English Premier League,England,Europe,"Injury Prone, Team Player",https://cdn.sofifa.net/players/222/400/22_120.png
194229,Hugo Mallo,Hugo Mallo Novegil,"RB, RWB",77,30,173,RC Celta de Vigo,Spain Primera Division,Spain,Europe,"Leadership, Team Player",https://cdn.sofifa.net/players/194/229/22_120.png
216258,I. Bebou,Ihlas Bebou,"ST, RM",77,27,185,TSG Hoffenheim,German 1. Bundesliga,Togo,Africa,Speed Dribbler (AI),https://cdn.sofifa.net/players/216/258/22_120.png
231633,I. Diop,Issa Diop,CB,77,24,194,West Ham United,English Premier League,France,Europe,,https://cdn.sofifa.net/players/231/633/22_120.png
215057,I. Marcone,Iván José Marcone,"CDM, CM",77,31,182,Elche CF,Spain Primera Division,Argentina,South America,Solid Player,https://cdn.sofifa.net/players/215/057/22_120.png
242656,I. Meslier,Illan Meslier,GK,77,21,196,Leeds United,English Premier League,France,Europe,"Long Passer (AI), GK Long Throw, Comes For Crosses, Saves with Feet",https://cdn.sofifa.net/players/242/656/22_120.png
247257,Ibañez,Roger Ibañez Da Silva,CB,77,22,185,Roma,Italian Serie A,Brazil,South America,Dives Into Tackles (AI),https://cdn.sofifa.net/players/247/257/22_120.png
219681,J. Amavi,Jordan Kévin Amavi,LB,77,27,176,Olympique de Marseille,French Ligue 1,France,Europe,"Injury Prone, Speed Dribbler (AI)",https://cdn.sofifa.net/players/219/681/22_120.png
224221,J. Andersen,Joachim Christian Andersen,CB,77,25,192,Crystal Palace,English Premier League,Denmark,Europe,Long Passer (AI),https://cdn.sofifa.net/players/224/221/22_120.png
224422,J. Boga,Jérémie Boga,"LW, LM",77,24,174,U.S. Sassuolo Calcio,Italian Serie A,Côte d'Ivoire,Africa,"Finesse Shot, Speed Dribbler (AI)",https://cdn.sofifa.net/players/224/422/22_120.png
239093,J. Clauss,Jonathan Clauss,"RWB, RW",77,28,178,Racing Club de Lens,French Ligue 1,France,Europe,Early Crosser,https://cdn.sofifa.net/players/239/093/22_120.png
246420,J. Doku,Jérémy Doku,"RW, RM",77,19,171,Stade Rennais FC,French Ligue 1,Belgium,Europe,"Flair, Speed Dribbler (AI)",https://cdn.sofifa.net/players/246/420/22_120.png
214947,J. Gbamin,Jean-Philippe Gbamin,"CDM, CM",77,25,186,Everton,English Premier League,Côte d'Ivoire,Africa,"Injury Prone, Long Shot Taker (AI)",https://cdn.sofifa.net/players/214/947/22_120.png
198118,J. Guilavogui,Josuha Guilavogui,"CDM, CM, CB",77,30,188,VfL Wolfsburg,German 1. Bundesliga,France,Europe,,https://cdn.sofifa.net/players/198/118/22_120.png
231554,J. Justin,James Justin,"LWB, LB",77,23,183,Leicester City,English Premier League,England,Europe,,https://cdn.sofifa.net/players/231/554/22_120.png
190875,J. Kucka,Juraj Kucka,"CM, CDM",77,34,186,Watford,English Premier League,Slovakia,Europe,Long Shot Taker (AI),https://cdn.sofifa.net/players/190/875/22_120.png
203487,J. Lascelles,Jamaal Lascelles,CB,77,27,188,Newcastle United,English Premier League,England,Europe,"Leadership, Power Header",https://cdn.sofifa.net/players/203/487/22_120.png
219522,J. Ledesma,Jeremías Conan Ledesma,GK,77,28,186,Cádiz CF,Spain Primera Division,Argentina,South America,,https://cdn.sofifa.net/players/219/522/22_120.png
201377,J. Murillo,Jeison Fabián Murillo Cerón,CB,77,29,184,RC Celta de Vigo,Spain Primera Division,Colombia,South America,"Dives Into Tackles (AI), Power Header",https://cdn.sofifa.net/players/201/377/22_120.png
234678,J. Mæhle,Joakim Mæhle Pedersen,"RWB, RB, RM",77,24,185,Atalanta,Italian Serie A,Denmark,Europe,Speed Dribbler (AI),https://cdn.sofifa.net/players/234/678/22_120.png
223550,J. Omlin,Jonas Omlin,GK,77,27,189,Montpellier Hérault SC,French Ligue 1,Switzerland,Europe,"Rushes Out Of Goal, Saves with Feet",https://cdn.sofifa.net/players/223/550/22_120.png
217196,J. Palomino,José Luis Palomino,CB,77,31,188,Atalanta,Italian Serie A,Argentina,South America,,https://cdn.sofifa.net/players/217/196/22_120.png
202562,J. Roussillon,Jérôme Roussillon,"LB, LM",77,28,175,VfL Wolfsburg,German 1. Bundesliga,France,Europe,"Speed Dribbler (AI), Team Player",https://cdn.sofifa.net/players/202/562/22_120.png
208004,J. Veltman,Joël Ivo Veltman,"CB, RB, RWB",77,29,184,Brighton & Hove Albion,English Premier League,Netherlands,Europe,,https://cdn.sofifa.net/players/208/004/22_120.png
154472,Jorge Molina,Jorge Molina Vidal,ST,77,39,188,Granada CF,Spain Primera Division,Spain,Europe,Power Header,https://cdn.sofifa.net/players/154/472/22_120.png
173608,Joselu,José Luis Sanmartín Mato,ST,77,31,192,Deportivo Alavés,Spain Primera Division,Spain,Europe,,https://cdn.sofifa.net/players/173/608/22_120.png
176600,K. Gameiro,Kévin Gameiro,ST,77,34,172,RC Strasbourg Alsace,French Ligue 1,France,Europe,Outside Foot Shot,https://cdn.sofifa.net/players/176/600/22_120.png
227927,K. Walker-Peters,Kyle Walker-Peters,RB,77,24,174,Southampton,English Premier League,England,Europe,,https://cdn.sofifa.net/players/227/927/22_120.png
231102,L. Blas,Ludovic Blas,"CAM, RM",77,23,180,FC Nantes,French Ligue 1,France,Europe,"Flair, Technical Dribbler (AI)",https://cdn.sofifa.net/players/231/102/22_120.png
192816,L. Cabrera,Leandro Daniel Cabrera Sasía,"CB, LB",77,30,190,RCD Espanyol de Barcelona,Spain Primera Division,Uruguay,South America,"Long Throw-in, Dives Into Tackles (AI), Leadership, Power Header",https://cdn.sofifa.net/players/192/816/22_120.png
212501,L. Dendoncker,Leander Dendoncker,"CM, CB",77,26,189,Wolverhampton Wanderers,English Premier League,Belgium,Europe,"Solid Player, Long Shot Taker (AI)",https://cdn.sofifa.net/players/212/501/22_120.png
245158,L. Suárez,Luis Javier Suárez Charris,"ST, LM, CAM",77,23,185,Granada CF,Spain Primera Division,Colombia,South America,"Speed Dribbler (AI), Chip Shot (AI)",https://cdn.sofifa.net/players/245/158/22_120.png
207421,L. Trossard,Leandro Trossard,"LM, LW, ST",77,26,172,Brighton & Hove Albion,English Premier League,Belgium,Europe,"Flair, Long Shot Taker (AI), Outside Foot Shot, Technical Dribbler (AI)",https://cdn.sofifa.net/players/207/421/22_120.png
220085,L. Waldschmidt,Gian-Luca Waldschmidt,"CF, ST",77,25,181,VfL Wolfsburg,German 1. Bundesliga,Germany,Europe,"Finesse Shot, Long Shot Taker (AI)",https://cdn.sofifa.net/players/220/085/22_120.png
230977,M. Almirón,Miguel Ángel Almirón Rejala,"CAM, CM, RM",77,27,174,Newcastle United,English Premier League,Paraguay,South America,"Long Shot Taker (AI), Speed Dribbler (AI)",https://cdn.sofifa.net/players/230/977/22_120.png
200110,M. Bizot,Marco Bizot,GK,77,30,193,Stade Brestois 29,French Ligue 1,Netherlands,Europe,"Solid Player, GK Long Throw, Saves with Feet",https://cdn.sofifa.net/players/200/110/22_120.png
193290,M. Braithwaite,Martin Braithwaite Christensen,"ST, LW",77,30,177,FC Barcelona,Spain Primera Division,Denmark,Europe,"Flair, Speed Dribbler (AI)",https://cdn.sofifa.net/players/193/290/22_120.png
241508,M. Damsgaard,Mikkel Krogh Damsgaard,"LM, LW",77,20,180,U.C. Sampdoria,Italian Serie A,Denmark,Europe,"Flair, Long Shot Taker (AI), Speed Dribbler (AI), Technical Dribbler (AI)",https://cdn.sofifa.net/players/241/508/22_120.png
238160,M. Demiral,Merih Demiral,CB,77,23,190,Atalanta,Italian Serie A,Turkey,Europe,,https://cdn.sofifa.net/players/238/160/22_120.png
211454,M. Elneny,Mohamed Naser Elsayed Elneny,"CDM, CM",77,28,181,Arsenal,English Premier League,Egypt,Africa,Solid Player,https://cdn.sofifa.net/players/211/454/22_120.png
195272,M. Faraoni,Marco Davide Faraoni,"RWB, RB, RM",77,29,180,Hellas Verona,Italian Serie A,Italy,Europe,Long Throw-in,https://cdn.sofifa.net/players/195/272/22_120.png
236496,M. Guendouzi,Mattéo Elias Kenzo Guendouzi Olié,"CDM, CM",77,22,185,Olympique de Marseille,French Ligue 1,France,Europe,,https://cdn.sofifa.net/players/236/496/22_120.png
181098,M. Hasebe,長谷 部誠,"CDM, CB",77,37,180,Eintracht Frankfurt,German 1. Bundesliga,Japan,Asia,"Leadership, Long Passer (AI), Team Player",https://cdn.sofifa.net/players/181/098/22_120.png
225024,M. Holgate,Mason Holgate,"CB, RB",77,24,184,Everton,English Premier League,England,Europe,Long Passer (AI),https://cdn.sofifa.net/players/225/024/22_120.png
188988,M. Lanzini,Manuel Lanzini,"CAM, CM, LM",77,28,167,West Ham United,English Premier League,Argentina,South America,"Injury Prone, Flair, Long Shot Taker (AI), Playmaker (AI)",https://cdn.sofifa.net/players/188/988/22_120.png
216497,M. Philipp,Maximilian Philipp,"CF, CAM, LM",77,27,183,VfL Wolfsburg,German 1. Bundesliga,Germany,Europe,"Long Shot Taker (AI), Technical Dribbler (AI)",https://cdn.sofifa.net/players/216/497/22_120.png
229167,M. Rashica,Milot Rashica,"CF, LM, RM",77,25,177,Norwich City,English Premier League,Kosovo,Europe,"Power Free-Kick, Long Shot Taker (AI), Speed Dribbler (AI), Outside Foot Shot",https://cdn.sofifa.net/players/229/167/22_120.png
199005,M. Ryan,Mathew David Ryan,GK,77,29,184,Real Sociedad,Spain Primera Division,Australia,Oceania,"GK Long Throw, Rushes Out Of Goal",https://cdn.sofifa.net/players/199/005/22_120.png
199641,M. Sels,Matz Sels,GK,77,29,190,RC Strasbourg Alsace,French Ligue 1,Belgium,Europe,Injury Prone,https://cdn.sofifa.net/players/199/641/22_120.png
218659,M. Targett,Matt Targett,LB,77,25,183,Aston Villa,English Premier League,England,Europe,Early Crosser,https://cdn.sofifa.net/players/218/659/22_120.png
236786,M. Terrier,Martin Terrier,"ST, LW",77,24,184,Stade Rennais FC,French Ligue 1,France,Europe,Finesse Shot,https://cdn.sofifa.net/players/236/786/22_120.png
220502,M. Zaccagni,Mattia Zaccagni,"CF, ST",77,26,177,Lazio,Italian Serie A,Italy,Europe,Flair,https://cdn.sofifa.net/players/220/502/22_120.png
235945,Marc Roca,Marc Roca Junqué,"CDM, CM",77,24,184,FC Bayern München,German 1. Bundesliga,Spain,Europe,Long Passer (AI),https://cdn.sofifa.net/players/235/945/22_120.png
227508,Melero,Gonzalo Julián Melero Manzanares,"CM, ST, LM",77,27,183,Levante Unión Deportiva,Spain Primera Division,Spain,Europe,,https://cdn.sofifa.net/players/227/508/22_120.png
225309,N. Amiri,Nadiem Amiri,"CAM, CM",77,24,180,Bayer 04 Leverkusen,German 1. Bundesliga,Germany,Europe,"Long Shot Taker (AI), Outside Foot Shot, Technical Dribbler (AI)",https://cdn.sofifa.net/players/225/309/22_120.png
240690,N. González,Nicolás Iván González,"ST, LW",77,23,180,Fiorentina,Italian Serie A,Argentina,South America,"Injury Prone, Speed Dribbler (AI), Technical Dribbler (AI)",https://cdn.sofifa.net/players/240/690/22_120.png
211784,N. Maupay,Neal Maupay,ST,77,24,173,Brighton & Hove Albion,English Premier League,France,Europe,,https://cdn.sofifa.net/players/211/784/22_120.png
230965,N. Nández,Nahitan Michel Nández Acosta,"CM, CDM, RM",77,25,172,Cagliari,Italian Serie A,Uruguay,South America,Outside Foot Shot,https://cdn.sofifa.net/players/230/965/22_120.png
200536,N. Schulz,Nico Schulz,"LB, LM, LWB",77,28,181,Borussia Dortmund,German 1. Bundesliga,Germany,Europe,"Injury Prone, Speed Dribbler (AI)",https://cdn.sofifa.net/players/200/536/22_120.png
190432,Oier,Oier Sanjurjo Maté,"CDM, CM",77,35,178,CA Osasuna,Spain Primera Division,Spain,Europe,Team Player,https://cdn.sofifa.net/players/190/432/22_120.png
223898,P. Bernardoni,Paul Jean François Bernardoni,GK,77,24,190,Angers SCO,French Ligue 1,France,Europe,"Comes For Crosses, Saves with Feet",https://cdn.sofifa.net/players/223/898/22_120.png
241202,P. Daka,Patson Daka,ST,77,22,183,Leicester City,English Premier League,Zambia,Africa,Speed Dribbler (AI),https://cdn.sofifa.net/players/241/202/22_120.png
183899,P. Piatti,Pablo Daniel Piatti,"RM, LM, LW",77,32,163,Elche CF,Spain Primera Division,Argentina,South America,Technical Dribbler (AI),https://cdn.sofifa.net/players/183/899/22_120.png
228302,Pedraza,Alfonso Pedraza Sag,"LB, LM, LWB",77,25,184,Villarreal CF,Spain Primera Division,Spain,Europe,Speed Dribbler (AI),https://cdn.sofifa.net/players/228/302/22_120.png
253163,R. Araujo,Ronald Federico Araújo da Silva,CB,77,22,192,FC Barcelona,Spain Primera Division,Uruguay,South America,Injury Prone,https://cdn.sofifa.net/players/253/163/22_120.png
212153,R. Gagliardini,Roberto Gagliardini,"CDM, CM",77,27,188,Inter,Italian Serie A,Italy,Europe,,https://cdn.sofifa.net/players/212/153/22_120.png
228295,R. Holding,Rob Holding,CB,77,25,189,Arsenal,English Premier League,England,Europe,Injury Prone,https://cdn.sofifa.net/players/228/295/22_120.png
236532,R. Koch,Robin Koch,"CB, CDM",77,24,191,Leeds United,English Premier League,Germany,Europe,Long Passer (AI),https://cdn.sofifa.net/players/236/532/22_120.png
231318,R. Perraud,Romain Perraud,LB,77,23,173,Southampton,English Premier League,France,Europe,"Power Free-Kick, Long Shot Taker (AI)",https://cdn.sofifa.net/players/231/318/22_120.png
231628,Rafa Mir,Rafael Mir Vicente,ST,77,24,191,Sevilla FC,Spain Primera Division,Spain,Europe,Speed Dribbler (AI),https://cdn.sofifa.net/players/231/628/22_120.png
241721,Rafael Leão,Rafael Alexandre Conceição Leão,"LW, ST, LM",77,22,188,AC Milan,Italian Serie A,Portugal,Europe,"Flair, Technical Dribbler (AI)",https://cdn.sofifa.net/players/241/721/22_120.png
188103,Rochina,Rubén Rochina Naixes,"RM, CM, CAM",77,30,182,Granada CF,Spain Primera Division,Spain,Europe,"Injury Prone, Flair, Long Passer (AI), Long Shot Taker (AI)",https://cdn.sofifa.net/players/188/103/22_120.png
226637,Rubén Duarte,Rubén Duarte Sánchez,"LB, CB",77,25,180,Deportivo Alavés,Spain Primera Division,Spain,Europe,Long Passer (AI),https://cdn.sofifa.net/players/226/637/22_120.png
202282,S. Armstrong,Stuart Armstrong,"RM, CM",77,29,183,Southampton,English Premier League,Scotland,Europe,Long Shot Taker (AI),https://cdn.sofifa.net/players/202/282/22_120.png
220621,S. Benrahma,Mohamed Saïd Benrahma,"CAM, LM, LW",77,25,172,West Ham United,English Premier League,Algeria,Africa,"Flair, Long Shot Taker (AI), Outside Foot Shot, Technical Dribbler (AI)",https://cdn.sofifa.net/players/220/621/22_120.png
246172,S. Chukwueze,Samuel Chimerenka Chukwueze,"RM, RW, CF",77,22,172,Villarreal CF,Spain Primera Division,Nigeria,Africa,"Flair, Speed Dribbler (AI)",https://cdn.sofifa.net/players/246/172/22_120.png
244892,S. Diop,Sofiane Diop,"LM, RM, CF",77,21,175,AS Monaco,French Ligue 1,France,Europe,"Flair, Technical Dribbler (AI)",https://cdn.sofifa.net/players/244/892/22_120.png
215441,S. Guirassy,Serhou Yadaly Guirassy,ST,77,25,187,Stade Rennais FC,French Ligue 1,France,Europe,Injury Prone,https://cdn.sofifa.net/players/215/441/22_120.png
181820,S. Jovetić,Stevan Jovetić,"ST, CAM",77,31,183,Hertha BSC,German 1. Bundesliga,Montenegro,Europe,"Injury Prone, Flair, Long Shot Taker (AI), Technical Dribbler (AI)",https://cdn.sofifa.net/players/181/820/22_120.png
239901,S. Kalajdžić,Saša Kalajdžić,ST,77,23,200,VfB Stuttgart,German 1. Bundesliga,Austria,Europe,"Injury Prone, Power Header, Technical Dribbler (AI)",https://cdn.sofifa.net/players/239/901/22_120.png
216435,S. Lobotka,Stanislav Lobotka,"CM, CDM",77,26,170,Napoli,Italian Serie A,Slovakia,Europe,,https://cdn.sofifa.net/players/216/435/22_120.png
200215,S. Rode,Sebastian Rode,"CDM, CM",77,30,179,Eintracht Frankfurt,German 1. Bundesliga,Germany,Europe,Injury Prone,https://cdn.sofifa.net/players/200/215/22_120.png
189250,S. Rondón,José Salomón Rondón Giménez,ST,77,31,186,Everton,English Premier League,Venezuela,South America,Power Free-Kick,https://cdn.sofifa.net/players/189/250/22_120.png
241096,S. Tonali,Sandro Tonali,"CDM, CM",77,21,181,AC Milan,Italian Serie A,Italy,Europe,"Long Passer (AI), Team Player",https://cdn.sofifa.net/players/241/096/22_120.png
234772,Salvi Sánchez,Salvador Sánchez Ponce,RM,77,30,175,Cádiz CF,Spain Primera Division,Spain,Europe,"Speed Dribbler (AI), Playmaker (AI), Chip Shot (AI)",https://cdn.sofifa.net/players/234/772/22_120.png
210617,Samu Castillejo,Samuel Castillejo Azuaga,"RW, RM",77,26,182,AC Milan,Italian Serie A,Spain,Europe,Speed Dribbler (AI),https://cdn.sofifa.net/players/210/617/22_120.png
212623,Santi Mina,Santiago Mina Lorenzo,"ST, RW",77,25,181,RC Celta de Vigo,Spain Primera Division,Spain,Europe,Speed Dribbler (AI),https://cdn.sofifa.net/players/212/623/22_120.png
206652,Sergio Rico,Sergio Rico González,GK,77,27,196,Paris Saint-Germain,French Ligue 1,Spain,Europe,Cautious With Crosses,https://cdn.sofifa.net/players/206/652/22_120.png
146758,Soldado,Roberto Soldado Rillo,ST,77,36,180,Levante Unión Deportiva,Spain Primera Division,Spain,Europe,"Power Header, Outside Foot Shot",https://cdn.sofifa.net/players/146/758/22_120.png
232999,T. Adams,Tyler Shaan Adams,"CDM, RWB",77,22,175,RB Leipzig,German 1. Bundesliga,United States,North America,Injury Prone,https://cdn.sofifa.net/players/232/999/22_120.png
230717,T. Kadewere,Philana Tinotenda Kadewere,"RW, ST",77,25,183,Olympique Lyonnais,French Ligue 1,Zimbabwe,Africa,Flair,https://cdn.sofifa.net/players/230/717/22_120.png
170597,T. Krul,Tim Krul,GK,77,33,188,Norwich City,English Premier League,Netherlands,Europe,Comes For Crosses,https://cdn.sofifa.net/players/170/597/22_120.png
202371,T. Meunier,Thomas Meunier,"RB, RM",77,29,191,Borussia Dortmund,German 1. Bundesliga,Belgium,Europe,Outside Foot Shot,https://cdn.sofifa.net/players/202/371/22_120.png
222390,Unai López,Unai López Cabrera,"CM, CDM",77,25,170,Rayo Vallecano,Spain Primera Division,Spain,Europe,"Power Free-Kick, Long Passer (AI), Playmaker (AI), Outside Foot Shot",https://cdn.sofifa.net/players/222/390/22_120.png
223874,V. Rongier,Valentin Rongier,"CM, CDM",77,26,172,Olympique de Marseille,French Ligue 1,France,Europe,Playmaker (AI),https://cdn.sofifa.net/players/223/874/22_120.png
183353,Víctor Díaz,Víctor David Díaz Miguel,"RB, CB",77,33,184,Granada CF,Spain Primera Division,Spain,Europe,"Long Throw-in, Power Header",https://cdn.sofifa.net/players/183/353/22_120.png
238744,W. McKennie,Weston James Earl McKennie,"CM, RM, LM",77,22,183,Juventus,Italian Serie A,United States,North America,Giant Throw-in,https://cdn.sofifa.net/players/238/744/22_120.png
195093,Willian José,Willian José da Silva,ST,77,29,189,Real Betis Balompié,Spain Primera Division,Brazil,South America,"Long Shot Taker (AI), Power Header, Outside Foot Shot",https://cdn.sofifa.net/players/195/093/22_120.png
236639,Xeka,Miguel Ângelo da Silva Rocha,"CDM, CM",77,26,186,LOSC Lille,French Ligue 1,Portugal,Europe,"Flair, Outside Foot Shot",https://cdn.sofifa.net/players/236/639/22_120.png
206493,Y. Abdelhamid,Yunis Abdelhamid,CB,77,33,190,Stade de Reims,French Ligue 1,Morocco,Africa,"Solid Player, Long Passer (AI), Team Player",https://cdn.sofifa.net/players/206/493/22_120.png
212245,Y. Gerhardt,Yannick Gerhardt,CM,77,27,184,VfL Wolfsburg,German 1. Bundesliga,Germany,Europe,,https://cdn.sofifa.net/players/212/245/22_120.png
207791,Y. Poulsen,Yussuf Yurary Poulsen,ST,77,27,192,RB Leipzig,German 1. Bundesliga,Denmark,Europe,"Leadership, Team Player",https://cdn.sofifa.net/players/207/791/22_120.png
234777,Z. Steffen,Zack Thomas Steffen,GK,77,26,191,Manchester City,English Premier League,United States,North America,"Rushes Out Of Goal, Saves with Feet",https://cdn.sofifa.net/players/234/777/22_120.png
220132,Zaldúa,Joseba Zaldúa Bengoetxea,RB,77,29,176,Real Sociedad,Spain Primera Division,Spain,Europe,"Long Throw-in, Injury Prone, Early Crosser",https://cdn.sofifa.net/players/220/132/22_120.png
208777,Óliver Torres,Óliver Torres Muñoz,"CM, LW",77,26,175,Sevilla FC,Spain Primera Division,Spain,Europe,"Long Passer (AI), Playmaker (AI), Technical Dribbler (AI)",https://cdn.sofifa.net/players/208/777/22_120.png
165109,Ș. Radu,Ştefan Daniel Radu,CB,77,34,183,Lazio,Italian Serie A,Romania,Europe,"Injury Prone, Early Crosser",https://cdn.sofifa.net/players/165/109/22_120.png
221841,A. Armstrong,Adam Armstrong,"ST, LW",76,24,172,Southampton,English Premier League,England,Europe,"Finesse Shot, Long Shot Taker (AI), Speed Dribbler (AI)",https://cdn.sofifa.net/players/221/841/22_120.png
172723,A. Begović,Asmir Begović,GK,76,34,199,Everton,English Premier League,Bosnia and Herzegovina,Europe,"Rushes Out Of Goal, Comes For Crosses, Saves with Feet",https://cdn.sofifa.net/players/172/723/22_120.png
223329,A. Conti,Andrea Conti,"RB, RM",76,27,184,AC Milan,Italian Serie A,Italy,Europe,,https://cdn.sofifa.net/players/223/329/22_120.png
236276,A. Danjuma,Arnaut Danjuma Groeneveld,"LW, LM, ST",76,24,178,Villarreal CF,Spain Primera Division,Netherlands,Europe,"Flair, Long Shot Taker (AI), Speed Dribbler (AI)",https://cdn.sofifa.net/players/236/276/22_120.png
230613,A. Diawara,Amadou Diawara,"CDM, CM",76,23,183,Roma,Italian Serie A,Guinea,Africa,Playmaker (AI),https://cdn.sofifa.net/players/230/613/22_120.png
212219,A. Djiku,Alexander Djiku,CB,76,26,182,RC Strasbourg Alsace,French Ligue 1,Ghana,Africa,,https://cdn.sofifa.net/players/212/219/22_120.png
181318,A. Ekdal,Albin Ekdal,"CM, CDM",76,31,186,U.C. Sampdoria,Italian Serie A,Sweden,Europe,"Injury Prone, Playmaker (AI)",https://cdn.sofifa.net/players/181/318/22_120.png
216433,A. El Ghazi,Anwar El Ghazi,"LM, RW, LW",76,26,188,Aston Villa,English Premier League,Netherlands,Europe,"Finesse Shot, Flair, Long Shot Taker (AI), Technical Dribbler (AI)",https://cdn.sofifa.net/players/216/433/22_120.png
201976,A. Gomis,Alfred Benjamin Gomis,GK,76,27,196,Stade Rennais FC,French Ligue 1,Senegal,Africa,Long Passer (AI),https://cdn.sofifa.net/players/201/976/22_120.png
192665,A. Luthe,Andreas Luthe,GK,76,34,195,1. FC Union Berlin,German 1. Bundesliga,Germany,Europe,,https://cdn.sofifa.net/players/192/665/22_120.png
233631,A. Ndiaye,Amath Ndiaye Diedhiou,"LM, ST, RM",76,24,173,RCD Mallorca,Spain Primera Division,Senegal,Africa,"Flair, Speed Dribbler (AI), Technical Dribbler (AI)",https://cdn.sofifa.net/players/233/631/22_120.png
215689,A. Petagna,Andrea Petagna,ST,76,26,190,Napoli,Italian Serie A,Italy,Europe,,https://cdn.sofifa.net/players/215/689/22_120.png
242664,A. Saelemaekers,Alexis Saelemaekers,"RW, RM",76,22,180,AC Milan,Italian Serie A,Belgium,Europe,Outside Foot Shot,https://cdn.sofifa.net/players/242/664/22_120.png
216549,A. Sørloth,Alexander Sørloth,ST,76,25,194,Real Sociedad,Spain Primera Division,Norway,Europe,"Flair, Speed Dribbler (AI), Outside Foot Shot",https://cdn.sofifa.net/players/216/549/22_120.png
208787,A. Thomasson,Adrien Thomasson,"CAM, CM",76,27,177,RC Strasbourg Alsace,French Ligue 1,France,Europe,Playmaker (AI),https://cdn.sofifa.net/players/208/787/22_120.png
194794,A. Yarmolenko,Andriy Yarmolenko,"RM, RW, ST",76,31,190,West Ham United,English Premier League,Ukraine,Europe,"Injury Prone, Flair, Long Shot Taker (AI), Outside Foot Shot",https://cdn.sofifa.net/players/194/794/22_120.png
227236,A. Zambo Anguissa,André-Franck Zambo Anguissa,"CM, CDM",76,25,184,Napoli,Italian Serie A,Cameroon,Africa,"Flair, Technical Dribbler (AI)",https://cdn.sofifa.net/players/227/236/22_120.png
184826,Adrien Silva,Adrien Sebastian Perruchet Silva,"CM, CDM",76,32,175,U.C. Sampdoria,Italian Serie A,Portugal,Europe,Flair,https://cdn.sofifa.net/players/184/826/22_120.png
205566,Alberto Moreno,Alberto Moreno Pérez,"LB, LM",76,28,171,Villarreal CF,Spain Primera Division,Spain,Europe,"Injury Prone, Dives Into Tackles (AI), Speed Dribbler (AI)",https://cdn.sofifa.net/players/205/566/22_120.png
240458,Ander Guevara,Ander Guevara Lajo,"CM, CDM",76,23,180,Real Sociedad,Spain Primera Division,Spain,Europe,Long Passer (AI),https://cdn.sofifa.net/players/240/458/22_120.png
253004,Ansu Fati,Anssumane Fati,LW,76,18,178,FC Barcelona,Spain Primera Division,Spain,Europe,"Speed Dribbler (AI), Outside Foot Shot, Technical Dribbler (AI)",https://cdn.sofifa.net/players/253/004/22_120.png
242578,B. Badiashile,Benoît Badiashile Mukinayi,CB,76,20,194,AS Monaco,French Ligue 1,France,Europe,Long Passer (AI),https://cdn.sofifa.net/players/242/578/22_120.png
228579,B. Henrichs,Benjamin Henrichs,"RB, LB, RM",76,24,183,RB Leipzig,German 1. Bundesliga,Germany,Europe,,https://cdn.sofifa.net/players/228/579/22_120.png
231936,B. White,Benjamin White,"CB, CM",76,23,185,Arsenal,English Premier League,England,Europe,Long Passer (AI),https://cdn.sofifa.net/players/231/936/22_120.png
228635,Borja Mayoral,Borja Mayoral Moya,ST,76,24,182,Roma,Italian Serie A,Spain,Europe,Outside Foot Shot,https://cdn.sofifa.net/players/228/635/22_120.png
235944,Brais Méndez,Brais Méndez Portela,"RM, CM, ST",76,24,187,RC Celta de Vigo,Spain Primera Division,Spain,Europe,"Finesse Shot, Long Shot Taker (AI), Playmaker (AI), Technical Dribbler (AI)",https://cdn.sofifa.net/players/235/944/22_120.png
239580,Bremer,Gleison Bremer Silva Nascimento,CB,76,24,188,Torino F.C.,Italian Serie A,Brazil,South America,,https://cdn.sofifa.net/players/239/580/22_120.png
246785,Bryan Gil,Bryan Gil Salvatierra,"LM, RM, CAM",76,20,175,Tottenham Hotspur,English Premier League,Spain,Europe,"Flair, Technical Dribbler (AI)",https://cdn.sofifa.net/players/246/785/22_120.png
226093,C. Adams,Ché Adams,ST,76,24,178,Southampton,English Premier League,Scotland,Europe,,https://cdn.sofifa.net/players/226/093/22_120.png
201389,C. Biraghi,Cristiano Biraghi,"LWB, LB, LM",76,28,185,Fiorentina,Italian Serie A,Italy,Europe,Early Crosser,https://cdn.sofifa.net/players/201/389/22_120.png
241497,C. Dagba,Colin Dagba,RB,76,22,170,Paris Saint-Germain,French Ligue 1,France,Europe,,https://cdn.sofifa.net/players/241/497/22_120.png
204760,C. Taylor,Charlie Taylor,LB,76,27,185,Burnley,English Premier League,England,Europe,Dives Into Tackles (AI),https://cdn.sofifa.net/players/204/760/22_120.png
162895,Cesc Fàbregas,Francesc Fàbregas i Soler,"CM, CAM, CDM",76,34,179,AS Monaco,French Ligue 1,Spain,Europe,"Leadership, Long Passer (AI), Playmaker (AI)",https://cdn.sofifa.net/players/162/895/22_120.png
201118,Cédric,Cédric Ricardo Alves Soares,"RB, RWB, LB",76,29,172,Arsenal,English Premier League,Portugal,Europe,Early Crosser,https://cdn.sofifa.net/players/201/118/22_120.png
212883,D. Amartey,Daniel Amartey,"CB, RB, CDM",76,26,186,Leicester City,English Premier League,Ghana,Africa,"Injury Prone, Team Player",https://cdn.sofifa.net/players/212/883/22_120.png
205407,D. Baselli,Daniele Baselli,CM,76,29,182,Torino F.C.,Italian Serie A,Italy,Europe,"Injury Prone, Long Shot Taker (AI), Playmaker (AI)",https://cdn.sofifa.net/players/205/407/22_120.png
225951,D. Bouanga,Denis Athanase Bouanga,"LM, ST, RM",76,26,180,AS Saint-Étienne,French Ligue 1,Gabon,Africa,"Flair, Long Shot Taker (AI), Outside Foot Shot, Technical Dribbler (AI)",https://cdn.sofifa.net/players/225/951/22_120.png
236221,D. Brašanac,Darko Brašanac,"CM, CDM, RM",76,29,178,CA Osasuna,Spain Primera Division,Serbia,Europe,Dives Into Tackles (AI),https://cdn.sofifa.net/players/236/221/22_120.png
206225,D. Cheryshev,Denis Cheryshev,LM,76,30,179,Valencia CF,Spain Primera Division,Russia,Europe,"Injury Prone, Finesse Shot, Speed Dribbler (AI)",https://cdn.sofifa.net/players/206/225/22_120.png
173208,D. Criscito,Domenico Criscito,"CB, LB, LM",76,34,183,Genoa,Italian Serie A,Italy,Europe,"Solid Player, Leadership, Long Passer (AI)",https://cdn.sofifa.net/players/173/208/22_120.png
212127,D. Lazović,Darko Lazović,"LM, RM",76,30,181,Hellas Verona,Italian Serie A,Serbia,Europe,"Speed Dribbler (AI), Outside Foot Shot",https://cdn.sofifa.net/players/212/127/22_120.png
231416,D. Lukébakio,Dodi Lukébakio,"RM, ST",76,23,187,VfL Wolfsburg,German 1. Bundesliga,Belgium,Europe,"Flair, Technical Dribbler (AI)",https://cdn.sofifa.net/players/231/416/22_120.png
213135,D. Origi,Divock Okoth Origi,"ST, LW",76,26,189,Liverpool,English Premier League,Belgium,Europe,"Flair, Team Player, Technical Dribbler (AI)",https://cdn.sofifa.net/players/213/135/22_120.png
235424,D. Samassékou,Diadié Samassékou,"CDM, CM",76,25,175,TSG Hoffenheim,German 1. Bundesliga,Mali,Africa,,https://cdn.sofifa.net/players/235/424/22_120.png
202429,D. da Costa,Danny Vieira da Costa,"RWB, RM",76,27,187,Eintracht Frankfurt,German 1. Bundesliga,Germany,Europe,,https://cdn.sofifa.net/players/202/429/22_120.png
158625,Dante,Dante Bonfim da Costa Santos,CB,76,37,189,OGC Nice,French Ligue 1,Brazil,South America,"Leadership, Team Player",https://cdn.sofifa.net/players/158/625/22_120.png
234574,Diogo Dalot,José Diogo Dalot Teixeira,"RB, LB",76,22,184,Manchester United,English Premier League,Portugal,Europe,"Injury Prone, Technical Dribbler (AI)",https://cdn.sofifa.net/players/234/574/22_120.png
183569,E. Choupo-Moting,Jean-Eric Maxim Choupo-Moting,"ST, LW",76,32,191,FC Bayern München,German 1. Bundesliga,Cameroon,Africa,"Flair, Team Player, Technical Dribbler (AI)",https://cdn.sofifa.net/players/183/569/22_120.png
240273,E. Smith Rowe,Emile Smith Rowe,CAM,76,20,182,Arsenal,English Premier League,England,Europe,Technical Dribbler (AI),https://cdn.sofifa.net/players/240/273/22_120.png
210438,F. Boulaya,Farid Boulaya,"CAM, RW",76,28,179,FC Metz,French Ligue 1,Algeria,Africa,"Flair, Outside Foot Shot, Technical Dribbler (AI)",https://cdn.sofifa.net/players/210/438/22_120.png
226268,F. Dimarco,Federico Dimarco,"LWB, LB, CB",76,23,175,Inter,Italian Serie A,Italy,Europe,Early Crosser,https://cdn.sofifa.net/players/226/268/22_120.png
227222,F. Guilbert,Frédéric Guilbert,"RB, RWB",76,26,178,RC Strasbourg Alsace,French Ligue 1,France,Europe,"Long Throw-in, Dives Into Tackles (AI)",https://cdn.sofifa.net/players/227/222/22_120.png
210047,F. Schär,Fabian Lukas Schär,CB,76,29,188,Newcastle United,English Premier League,Switzerland,Europe,"Long Passer (AI), Long Shot Taker (AI)",https://cdn.sofifa.net/players/210/047/22_120.png
213388,F. Tait,Flavien Tait,"LM, LW, CM",76,28,175,Stade Rennais FC,French Ligue 1,France,Europe,Long Shot Taker (AI),https://cdn.sofifa.net/players/213/388/22_120.png
193881,F. Đuričić,Filip Đuričić,"CAM, LW",76,29,181,U.S. Sassuolo Calcio,Italian Serie A,Serbia,Europe,"Finesse Shot, Flair, Chip Shot (AI), Technical Dribbler (AI)",https://cdn.sofifa.net/players/193/881/22_120.png
230727,G. Larsonneur,Gautier Larsonneur,GK,76,24,181,Stade Brestois 29,French Ligue 1,France,Europe,"Solid Player, Leadership, Team Player, Saves with Feet",https://cdn.sofifa.net/players/230/727/22_120.png
251566,Gabriel Martinelli,Gabriel Teodoro Martinelli Silva,"LM, LW",76,20,179,Arsenal,English Premier League,Brazil,South America,"Finesse Shot, Outside Foot Shot, Technical Dribbler (AI)",https://cdn.sofifa.net/players/251/566/22_120.png
244393,Gonzalo Villar,Gonzalo Villar del Fraile,"CM, CDM",76,23,181,Roma,Italian Serie A,Spain,Europe,"Playmaker (AI), Technical Dribbler (AI)",https://cdn.sofifa.net/players/244/393/22_120.png
212260,Hwang Ui Jo,황의조 Ui Jo Hwang,"ST, LM",76,28,185,FC Girondins de Bordeaux,French Ligue 1,Korea Republic,Asia,"Finesse Shot, Long Shot Taker (AI), Outside Foot Shot",https://cdn.sofifa.net/players/212/260/22_120.png
206115,I. Hayden,Isaac Hayden,"CDM, CM, CB",76,26,185,Newcastle United,English Premier League,England,Europe,"Dives Into Tackles (AI), Team Player",https://cdn.sofifa.net/players/206/115/22_120.png
217699,I. Slimani,Islam Slimani,ST,76,33,188,Olympique Lyonnais,French Ligue 1,Algeria,Africa,Power Header,https://cdn.sofifa.net/players/217/699/22_120.png
212228,I. Toney,Ivan Toney,ST,76,25,187,Brentford,English Premier League,England,Europe,"Leadership, Power Header",https://cdn.sofifa.net/players/212/228/22_120.png
232498,Isi,Isaac Palazón Camacho,"RM, LM, CAM",76,26,169,Rayo Vallecano,Spain Primera Division,Spain,Europe,"Speed Dribbler (AI), Team Player",https://cdn.sofifa.net/players/232/498/22_120.png
220570,J. Bednarek,Jan Bednarek,CB,76,25,189,Southampton,English Premier League,Poland,Europe,Dives Into Tackles (AI),https://cdn.sofifa.net/players/220/570/22_120.png
234711,J. Brekalo,Josip Brekalo,"LM, CF",76,23,175,Torino F.C.,Italian Serie A,Croatia,Europe,,https://cdn.sofifa.net/players/234/711/22_120.png
220659,J. Brownhill,Josh Brownhill,"CM, RM",76,25,180,Burnley,English Premier League,England,Europe,"Long Throw-in, Power Free-Kick, Long Shot Taker (AI)",https://cdn.sofifa.net/players/220/659/22_120.png
169706,J. Cork,Jack Cork,"CDM, CM",76,32,184,Burnley,English Premier League,England,Europe,,https://cdn.sofifa.net/players/169/706/22_120.png
206306,J. Ferri,Jordan Ferri,"CDM, CM",76,29,173,Montpellier Hérault SC,French Ligue 1,France,Europe,"Solid Player, Long Passer (AI)",https://cdn.sofifa.net/players/206/306/22_120.png
202201,J. Gouweleeuw,Jeffrey Gouweleeuw,CB,76,29,188,FC Augsburg,German 1. Bundesliga,Netherlands,Europe,"Leadership, Long Passer (AI), Team Player",https://cdn.sofifa.net/players/202/201/22_120.png
233848,J. Hauge,Jens Petter Hauge,LM,76,21,184,Eintracht Frankfurt,German 1. Bundesliga,Norway,Europe,"Finesse Shot, Flair, Long Shot Taker (AI), Outside Foot Shot, Technical Dribbler (AI)",https://cdn.sofifa.net/players/233/848/22_120.png
236920,J. Kluivert,Justin Kluivert,"LM, RM",76,22,172,OGC Nice,French Ligue 1,Netherlands,Europe,"Flair, Speed Dribbler (AI), Outside Foot Shot",https://cdn.sofifa.net/players/236/920/22_120.png
201982,J. Schmid,Jonathan Schmid,"RB, RM, RWB",76,31,179,Sport-Club Freiburg,German 1. Bundesliga,France,Europe,,https://cdn.sofifa.net/players/201/982/22_120.png
235149,J. Schouten,Jerdy Schouten,"CDM, CM",76,24,185,Bologna,Italian Serie A,Netherlands,Europe,,https://cdn.sofifa.net/players/235/149/22_120.png
226853,J. St. Juste,Jeremiah St. Juste,"CB, RB",76,24,184,1. FSV Mainz 05,German 1. Bundesliga,Netherlands,Europe,Injury Prone,https://cdn.sofifa.net/players/226/853/22_120.png
245388,J. Todibo,Jean-Clair Dimitri Roger Todibo,CB,76,21,190,OGC Nice,French Ligue 1,France,Europe,Long Passer (AI),https://cdn.sofifa.net/players/245/388/22_120.png
195668,Joel Robles,Joel Robles Blázquez,GK,76,31,195,Real Betis Balompié,Spain Primera Division,Spain,Europe,,https://cdn.sofifa.net/players/195/668/22_120.png
215785,K. Baldé,Keita Baldé Diao,"ST, LM",76,26,184,Cagliari,Italian Serie A,Senegal,Africa,"Finesse Shot, Flair, Speed Dribbler (AI)",https://cdn.sofifa.net/players/215/785/22_120.png
237184,K. Bare,Keidi Bare,"CDM, CM",76,23,174,RCD Espanyol de Barcelona,Spain Primera Division,Albania,Europe,"Dives Into Tackles (AI), Leadership, Long Passer (AI)",https://cdn.sofifa.net/players/237/184/22_120.png
193331,K. Darlow,Karl Darlow,GK,76,30,190,Newcastle United,English Premier League,England,Europe,"GK Long Throw, Comes For Crosses",https://cdn.sofifa.net/players/193/331/22_120.png
238227,K. Diatta,Krépin Diatta,RM,76,22,175,AS Monaco,French Ligue 1,Senegal,Africa,Speed Dribbler (AI),https://cdn.sofifa.net/players/238/227/22_120.png
223113,K. Piątek,Krzysztof Piątek,ST,76,26,183,Hertha BSC,German 1. Bundesliga,Poland,Europe,,https://cdn.sofifa.net/players/223/113/22_120.png
189712,K. Strootman,Kevin Strootman,"CM, CDM",76,31,186,Cagliari,Italian Serie A,Netherlands,Europe,,https://cdn.sofifa.net/players/189/712/22_120.png
192641,K. Vogt,Kevin Vogt,"CB, CDM",76,29,194,TSG Hoffenheim,German 1. Bundesliga,Germany,Europe,Long Passer (AI),https://cdn.sofifa.net/players/192/641/22_120.png
212678,L. Augustinsson,Hans Carl Ludwig Augustinsson,"LB, LM",76,27,181,Sevilla FC,Spain Primera Division,Sweden,Europe,,https://cdn.sofifa.net/players/212/678/22_120.png
186156,L. Ayling,Luke Ayling,"RB, CB",76,29,185,Leeds United,English Premier League,England,Europe,"Leadership, Long Passer (AI), Team Player",https://cdn.sofifa.net/players/186/156/22_120.png
170320,L. De Silvestri,Lorenzo De Silvestri,"RB, RM",76,33,186,Bologna,Italian Serie A,Italy,Europe,Long Throw-in,https://cdn.sofifa.net/players/170/320/22_120.png
201510,L. Kurzawa,Layvin Kurzawa,LB,76,28,182,Paris Saint-Germain,French Ligue 1,France,Europe,"Injury Prone, Speed Dribbler (AI)",https://cdn.sofifa.net/players/201/510/22_120.png
244261,L. Majer,Lovro Majer,"CAM, CM, RM",76,23,179,Stade Rennais FC,French Ligue 1,Croatia,Europe,"Flair, Playmaker (AI), Technical Dribbler (AI)",https://cdn.sofifa.net/players/244/261/22_120.png
228708,L. Martínez Quarta,Lucas Martínez Quarta,CB,76,25,183,Fiorentina,Italian Serie A,Argentina,South America,Long Passer (AI),https://cdn.sofifa.net/players/228/708/22_120.png
206304,L. Milivojević,Luka Milivojević,"CDM, CM",76,30,186,Crystal Palace,English Premier League,Serbia,Europe,"Long Passer (AI), Long Shot Taker (AI)",https://cdn.sofifa.net/players/206/304/22_120.png
227234,L. Tousart,Lucas Simon Pierre Tousart,"CDM, CM",76,24,185,Hertha BSC,German 1. Bundesliga,France,Europe,Solid Player,https://cdn.sofifa.net/players/227/234/22_120.png
242348,Loren,Lorenzo Jesús Morón García,ST,76,27,188,RCD Espanyol de Barcelona,Spain Primera Division,Spain,Europe,Long Shot Taker (AI),https://cdn.sofifa.net/players/242/348/22_120.png
244316,Luís Maximiano,Luís Manuel Arantes Maximiano,GK,76,22,190,Granada CF,Spain Primera Division,Portugal,Europe,Cautious With Crosses,https://cdn.sofifa.net/players/244/316/22_120.png
183130,M. Albrighton,Marc Albrighton,"RM, RWB",76,31,175,Leicester City,English Premier League,England,Europe,"Early Crosser, Long Passer (AI), Team Player",https://cdn.sofifa.net/players/183/130/22_120.png
201144,M. Badelj,Milan Badelj,"CDM, CM",76,32,186,Genoa,Italian Serie A,Croatia,Europe,"Long Passer (AI), Long Shot Taker (AI), Playmaker (AI)",https://cdn.sofifa.net/players/201/144/22_120.png
242374,M. Barrow,Musa Barrow,"CAM, ST",76,22,183,Bologna,Italian Serie A,Gambia,Africa,Speed Dribbler (AI),https://cdn.sofifa.net/players/242/374/22_120.png
239956,M. Boadu,Myron Boadu,ST,76,20,183,AS Monaco,French Ligue 1,Netherlands,Europe,"Speed Dribbler (AI), Outside Foot Shot",https://cdn.sofifa.net/players/239/956/22_120.png
220477,M. Caldara,Mattia Caldara,CB,76,27,187,Venezia FC,Italian Serie A,Italy,Europe,Injury Prone,https://cdn.sofifa.net/players/220/477/22_120.png
182495,M. Cáceres,José Martín Cáceres Silva,"CB, RB",76,34,180,Cagliari,Italian Serie A,Uruguay,South America,"Long Throw-in, Injury Prone, Dives Into Tackles (AI), Early Crosser, Power Header",https://cdn.sofifa.net/players/182/495/22_120.png
208498,M. Dabbur,Munas Dabbur,ST,76,29,183,TSG Hoffenheim,German 1. Bundesliga,Israel,Europe,"Flair, Chip Shot (AI), Technical Dribbler (AI)",https://cdn.sofifa.net/players/208/498/22_120.png
206058,M. De Sciglio,Mattia De Sciglio,"RB, LB",76,28,182,Juventus,Italian Serie A,Italy,Europe,Early Crosser,https://cdn.sofifa.net/players/206/058/22_120.png
193116,M. Gonalons,Maxime Gonalons,"CDM, CM",76,32,187,Granada CF,Spain Primera Division,France,Europe,"Injury Prone, Long Passer (AI)",https://cdn.sofifa.net/players/193/116/22_120.png
210719,M. Kempf,Marc-Oliver Kempf,CB,76,26,186,VfB Stuttgart,German 1. Bundesliga,Germany,Europe,,https://cdn.sofifa.net/players/210/719/22_120.png
199633,M. Lowton,Matthew Lowton,RB,76,32,181,Burnley,English Premier League,England,Europe,"Long Throw-in, Early Crosser, Long Passer (AI)",https://cdn.sofifa.net/players/199/633/22_120.png
220831,M. Malsa,Mickaël Ramon Malsa,"CM, CDM",76,25,178,Levante Unión Deportiva,Spain Primera Division,France,Europe,Long Passer (AI),https://cdn.sofifa.net/players/220/831/22_120.png
225859,M. Niakhaté,Moussa Niakhaté,CB,76,25,190,1. FSV Mainz 05,German 1. Bundesliga,France,Europe,"Long Throw-in, Solid Player, Leadership",https://cdn.sofifa.net/players/225/859/22_120.png
204077,M. Niang,M'Baye Babacar Niang,ST,76,26,188,Stade Rennais FC,French Ligue 1,Senegal,Africa,"Flair, Speed Dribbler (AI)",https://cdn.sofifa.net/players/204/077/22_120.png
222404,M. Normann,Mathias Antonsen Normann,"CDM, CM",76,25,179,Norwich City,English Premier League,Norway,Europe,"Long Passer (AI), Playmaker (AI)",https://cdn.sofifa.net/players/222/404/22_120.png
240716,M. Olivera,Mathías Olivera Miramontes,"LB, LM",76,23,184,Getafe CF,Spain Primera Division,Uruguay,South America,,https://cdn.sofifa.net/players/240/716/22_120.png
244915,M. Salisu,Mohamed Salisu Abdul Karim,CB,76,22,191,Southampton,English Premier League,Ghana,Africa,,https://cdn.sofifa.net/players/244/915/22_120.png
210896,M. Sanson,Morgan Sanson,CM,76,26,180,Aston Villa,English Premier League,France,Europe,Outside Foot Shot,https://cdn.sofifa.net/players/210/896/22_120.png
216065,M. Sportiello,Marco Sportiello,GK,76,29,192,Atalanta,Italian Serie A,Italy,Europe,,https://cdn.sofifa.net/players/216/065/22_120.png
253290,M. Viña,Matías Viña,LB,76,23,181,Roma,Italian Serie A,Uruguay,South America,Speed Dribbler (AI),https://cdn.sofifa.net/players/253/290/22_120.png
236679,Melendo,Óscar Melendo Jiménez,"CAM, RM, ST",76,23,167,RCD Espanyol de Barcelona,Spain Primera Division,Spain,Europe,"Flair, Playmaker (AI), Technical Dribbler (AI)",https://cdn.sofifa.net/players/236/679/22_120.png
240915,Miranda,Juan Miranda González,"LB, LWB",76,21,185,Real Betis Balompié,Spain Primera Division,Spain,Europe,"Early Crosser, Long Shot Taker (AI)",https://cdn.sofifa.net/players/240/915/22_120.png
244749,N. Aguerd,Nayef Aguerd,CB,76,25,188,Stade Rennais FC,French Ligue 1,Morocco,Africa,Long Passer (AI),https://cdn.sofifa.net/players/244/749/22_120.png
192041,N. Araújo,Néstor Alejandro Araújo Razo,CB,76,29,188,RC Celta de Vigo,Spain Primera Division,Mexico,North America,Dives Into Tackles (AI),https://cdn.sofifa.net/players/192/041/22_120.png
238095,N. Milenković,Nikola Milenković,"CB, RB",76,23,195,Fiorentina,Italian Serie A,Serbia,Europe,Solid Player,https://cdn.sofifa.net/players/238/095/22_120.png
199393,N. Pallois,Nicolas Pallois,CB,76,33,189,FC Nantes,French Ligue 1,France,Europe,"Dives Into Tackles (AI), Power Header, Team Player",https://cdn.sofifa.net/players/199/393/22_120.png
198719,N. Redmond,Nathan Redmond,LM,76,27,173,Southampton,English Premier League,England,Europe,"Flair, Long Shot Taker (AI), Speed Dribbler (AI)",https://cdn.sofifa.net/players/198/719/22_120.png
201858,N. Sansone,Nicola Domenico Sansone,"CAM, LW, ST",76,29,173,Bologna,Italian Serie A,Italy,Europe,Speed Dribbler (AI),https://cdn.sofifa.net/players/201/858/22_120.png
212977,N. Stark,Niklas Stark,"CB, CDM",76,26,190,Hertha BSC,German 1. Bundesliga,Germany,Europe,,https://cdn.sofifa.net/players/212/977/22_120.png
199561,Nolito,Manuel Agudo Durán,"LM, LW, CM",76,34,175,RC Celta de Vigo,Spain Primera Division,Spain,Europe,"Finesse Shot, Technical Dribbler (AI)",https://cdn.sofifa.net/players/199/561/22_120.png
228747,O. Idrissi,Oussama Idrissi,LW,76,25,175,Sevilla FC,Spain Primera Division,Morocco,Africa,"Flair, Long Shot Taker (AI), Outside Foot Shot, Technical Dribbler (AI)",https://cdn.sofifa.net/players/228/747/22_120.png
239890,O. Kabak,Ozan Muhammed Kabak,CB,76,21,186,Norwich City,English Premier League,Turkey,Europe,"Dives Into Tackles (AI), Power Header",https://cdn.sofifa.net/players/239/890/22_120.png
234078,O. Mangala,Orel Mangala,"CM, CDM",76,23,178,VfB Stuttgart,German 1. Bundesliga,Belgium,Europe,"Injury Prone, Technical Dribbler (AI)",https://cdn.sofifa.net/players/234/078/22_120.png
223154,O. Tufan,Ozan Tufan,"CM, CDM, CAM",76,26,179,Watford,English Premier League,Turkey,Europe,"Long Passer (AI), Long Shot Taker (AI)",https://cdn.sofifa.net/players/223/154/22_120.png
205201,O. Yokuşlu,Okay Yokuşlu,"CDM, CM",76,27,191,RC Celta de Vigo,Spain Primera Division,Turkey,Europe,Power Header,https://cdn.sofifa.net/players/205/201/22_120.png
222715,Otávio,Otávio Henrique Passos Santos,"CDM, CM",76,27,173,FC Girondins de Bordeaux,French Ligue 1,Brazil,South America,"Leadership, Team Player",https://cdn.sofifa.net/players/222/715/22_120.png
190765,P. Groß,Pascal Groß,"CM, RM, CAM",76,30,181,Brighton & Hove Albion,English Premier League,Germany,Europe,"Solid Player, Early Crosser, Playmaker (AI)",https://cdn.sofifa.net/players/190/765/22_120.png
241707,P. Gueye,Pape Alassane Gueye,"CDM, CM",76,22,187,Olympique de Marseille,French Ligue 1,France,Europe,Team Player,https://cdn.sofifa.net/players/241/707/22_120.png
230020,P. Lees-Melou,Pierre Lees-Melou,CM,76,28,186,Norwich City,English Premier League,France,Europe,"Long Shot Taker (AI), Playmaker (AI), Outside Foot Shot, Team Player",https://cdn.sofifa.net/players/230/020/22_120.png
231366,P. Lienhart,Philipp Lienhart,CB,76,24,189,Sport-Club Freiburg,German 1. Bundesliga,Austria,Europe,,https://cdn.sofifa.net/players/231/366/22_120.png
206654,Pablo Marí,Pablo Marí Villar,CB,76,27,193,Arsenal,English Premier League,Spain,Europe,"Long Passer (AI), Power Header",https://cdn.sofifa.net/players/206/654/22_120.png
208001,Paulo Otávio,Paulo Otávio Rosa da Silva,"LB, LM",76,26,174,VfL Wolfsburg,German 1. Bundesliga,Brazil,South America,,https://cdn.sofifa.net/players/208/001/22_120.png
200677,Pedro Mendes,Pedro Filipe Teodósio Mendes,CB,76,30,186,Montpellier Hérault SC,French Ligue 1,Portugal,Europe,Long Passer (AI),https://cdn.sofifa.net/players/200/677/22_120.png
235875,Pol Lirola,Pol Mikel Lirola Kosok,"RWB, RM, RB",76,23,183,Olympique de Marseille,French Ligue 1,Spain,Europe,,https://cdn.sofifa.net/players/235/875/22_120.png
212242,R. Andrich,Robert Andrich,"CM, CDM",76,26,187,Bayer 04 Leverkusen,German 1. Bundesliga,Germany,Europe,"Playmaker (AI), Outside Foot Shot",https://cdn.sofifa.net/players/212/242/22_120.png
169705,R. Bertrand,Ryan Bertrand,LB,76,31,179,Leicester City,English Premier League,England,Europe,Dives Into Tackles (AI),https://cdn.sofifa.net/players/169/705/22_120.png
205346,R. Fredericks,Ryan Fredericks,"RB, RWB",76,28,181,West Ham United,English Premier League,England,Europe,"Injury Prone, Speed Dribbler (AI)",https://cdn.sofifa.net/players/205/346/22_120.png
210384,R. Haps,Ridgeciano Delano Haps,"LB, LW",76,28,175,Venezia FC,Italian Serie A,Suriname,South America,"Injury Prone, Early Crosser, Speed Dribbler (AI)",https://cdn.sofifa.net/players/210/384/22_120.png
104389,R. Jarstein,Rune Almenning Jarstein,GK,76,36,190,Hertha BSC,German 1. Bundesliga,Norway,Europe,Comes For Crosses,https://cdn.sofifa.net/players/104/389/22_120.png
203030,R. Knoche,Robin Knoche,CB,76,29,190,1. FC Union Berlin,German 1. Bundesliga,Germany,Europe,,https://cdn.sofifa.net/players/203/030/22_120.png
233556,R. Orsolini,Riccardo Orsolini,"CAM, RW",76,24,183,Bologna,Italian Serie A,Italy,Europe,"Flair, Long Shot Taker (AI), Technical Dribbler (AI)",https://cdn.sofifa.net/players/233/556/22_120.png
193352,R. Rodríguez,Ricardo Iván Rodríguez Araya,LB,76,28,182,Torino F.C.,Italian Serie A,Switzerland,Europe,"Long Throw-in, Early Crosser",https://cdn.sofifa.net/players/193/352/22_120.png
234171,R. Sallai,Roland Sallai,"RM, CF",76,24,183,Sport-Club Freiburg,German 1. Bundesliga,Hungary,Europe,,https://cdn.sofifa.net/players/234/171/22_120.png
184190,R. Thomas,Romain Thomas,CB,76,33,193,Angers SCO,French Ligue 1,France,Europe,"Leadership, Long Passer (AI), Power Header, Team Player",https://cdn.sofifa.net/players/184/190/22_120.png
242816,Riqui Puig,Ricard Puig Martí,CM,76,21,169,FC Barcelona,Spain Primera Division,Spain,Europe,"Flair, Playmaker (AI)",https://cdn.sofifa.net/players/242/816/22_120.png
228789,Robert Sanchéz,Robert Lynch Sanchéz,GK,76,23,197,Brighton & Hove Albion,English Premier League,Spain,Europe,Comes For Crosses,https://cdn.sofifa.net/players/228/789/22_120.png
215399,Rúben Vezo,Rúben Miguel Nunes Vezo,"CB, RB",76,27,183,Levante Unión Deportiva,Spain Primera Division,Portugal,Europe,,https://cdn.sofifa.net/players/215/399/22_120.png
224158,S. Amrabat,Sofyan Amrabat,"CDM, CM",76,24,185,Fiorentina,Italian Serie A,Morocco,Africa,,https://cdn.sofifa.net/players/224/158/22_120.png
242663,S. Bornauw,Sebastiaan Bornauw,CB,76,22,191,VfL Wolfsburg,German 1. Bundesliga,Belgium,Europe,"Long Passer (AI), Power Header",https://cdn.sofifa.net/players/242/663/22_120.png
251804,S. Dest,Sergiño Gianni Dest,"RB, RM",76,20,175,FC Barcelona,Spain Primera Division,United States,North America,Flair,https://cdn.sofifa.net/players/251/804/22_120.png
225783,S. Mavididi,Stephy Alvaro Mavididi,"LM, ST",76,23,182,Montpellier Hérault SC,French Ligue 1,England,Europe,Speed Dribbler (AI),https://cdn.sofifa.net/players/225/783/22_120.png
189251,S. Rudy,Sebastian Rudy,"CM, CDM, RB",76,31,180,TSG Hoffenheim,German 1. Bundesliga,Germany,Europe,"Early Crosser, Long Passer (AI), Playmaker (AI)",https://cdn.sofifa.net/players/189/251/22_120.png
230065,S. Serdar,Suat Serdar,"CM, CDM",76,24,184,Hertha BSC,German 1. Bundesliga,Germany,Europe,"Injury Prone, Dives Into Tackles (AI), Finesse Shot, Technical Dribbler (AI)",https://cdn.sofifa.net/players/230/065/22_120.png
202685,S. Zaza,Simone Zaza,ST,76,30,186,Torino F.C.,Italian Serie A,Italy,Europe,"Dives Into Tackles (AI), Flair",https://cdn.sofifa.net/players/202/685/22_120.png
199577,Sergi Gómez,Sergi Gómez Solà,CB,76,29,185,RCD Espanyol de Barcelona,Spain Primera Division,Spain,Europe,Team Player,https://cdn.sofifa.net/players/199/577/22_120.png
203741,T. Delaine,Thomas Delaine,"LWB, LB, RB",76,29,180,FC Metz,French Ligue 1,France,Europe,"Dives Into Tackles (AI), Early Crosser, Speed Dribbler (AI)",https://cdn.sofifa.net/players/203/741/22_120.png
208509,T. Foket,Thomas Foket,"RB, LB",76,26,177,Stade de Reims,French Ligue 1,Belgium,Europe,Solid Player,https://cdn.sofifa.net/players/208/509/22_120.png
163264,T. Heaton,Tom Heaton,GK,76,35,188,Manchester United,English Premier League,England,Europe,"GK Long Throw, Team Player",https://cdn.sofifa.net/players/163/264/22_120.png
200316,T. Horn,Timo Horn,GK,76,28,192,1. FC Köln,German 1. Bundesliga,Germany,Europe,Cautious With Crosses,https://cdn.sofifa.net/players/200/316/22_120.png
226229,T. Kehrer,Jan Thilo Kehrer,"CB, RB",76,24,186,Paris Saint-Germain,French Ligue 1,Germany,Europe,,https://cdn.sofifa.net/players/226/229/22_120.png
190362,T. Pukki,Teemu Pukki,ST,76,31,180,Norwich City,English Premier League,Finland,Europe,Finesse Shot,https://cdn.sofifa.net/players/190/362/22_120.png
164859,T. Walcott,Theo Walcott,RM,76,32,176,Southampton,English Premier League,England,Europe,"Injury Prone, Speed Dribbler (AI)",https://cdn.sofifa.net/players/164/859/22_120.png
198368,Tomás Pina,Tomás Pina Isla,"CM, CDM",76,33,184,Deportivo Alavés,Spain Primera Division,Spain,Europe,,https://cdn.sofifa.net/players/198/368/22_120.png
244778,Trincão,Francisco António Machado Mota Castro Trincão,"RW, RM",76,21,183,Wolverhampton Wanderers,English Premier League,Portugal,Europe,"Flair, Outside Foot Shot, Technical Dribbler (AI)",https://cdn.sofifa.net/players/244/778/22_120.png
201262,V. Darida,Vladimír Darida,"CM, CAM, CDM",76,30,172,Hertha BSC,German 1. Bundesliga,Czech Republic,Europe,"Long Shot Taker (AI), Team Player",https://cdn.sofifa.net/players/201/262/22_120.png
206516,W. Hughes,Will Hughes,"CM, CDM",76,26,185,Crystal Palace,English Premier League,England,Europe,Playmaker (AI),https://cdn.sofifa.net/players/206/516/22_120.png
194845,W. Khazri,Wahbi Khazri,"ST, CAM",76,30,176,AS Saint-Étienne,French Ligue 1,Tunisia,Africa,"Long Shot Taker (AI), Playmaker (AI)",https://cdn.sofifa.net/players/194/845/22_120.png
193683,X. Chavalerin,Xavier Chavalerin,"CDM, CM",76,30,178,ESTAC Troyes,French Ligue 1,France,Europe,,https://cdn.sofifa.net/players/193/683/22_120.png
240754,Y. Atal,Youcef Atal,"RB, RM",76,25,175,OGC Nice,French Ligue 1,Algeria,Africa,"Injury Prone, Speed Dribbler (AI), Outside Foot Shot, Technical Dribbler (AI)",https://cdn.sofifa.net/players/240/754/22_120.png
215699,Y. Sabaly,Youssouf Sabaly,"RB, RM",76,28,173,Real Betis Balompié,Spain Primera Division,Senegal,Africa,Early Crosser,https://cdn.sofifa.net/players/215/699/22_120.png
186905,A. Barnes,Ashley Luke Barnes,ST,75,31,186,Burnley,English Premier League,England,Europe,,https://cdn.sofifa.net/players/186/905/22_120.png
236245,A. Elis,Alberth Josué Elis Martínez,"ST, RW",75,25,180,FC Girondins de Bordeaux,French Ligue 1,Honduras,North America,"Flair, Speed Dribbler (AI), Technical Dribbler (AI)",https://cdn.sofifa.net/players/236/245/22_120.png
211862,A. Hahn,André Hahn,"ST, RM",75,30,185,FC Augsburg,German 1. Bundesliga,Germany,Europe,Long Shot Taker (AI),https://cdn.sofifa.net/players/211/862/22_120.png
232097,A. Harit,Amine Harit,"LM, CAM, CM",75,24,180,Olympique de Marseille,French Ligue 1,Morocco,Africa,"Flair, Playmaker (AI), Outside Foot Shot, Technical Dribbler (AI)",https://cdn.sofifa.net/players/232/097/22_120.png
192086,A. Kokorin,Aleksandr Kokorin,"ST, RW",75,30,184,Fiorentina,Italian Serie A,Russia,Europe,"Finesse Shot, Flair, Speed Dribbler (AI)",https://cdn.sofifa.net/players/192/086/22_120.png
247028,A. Král,Alex Král,"CDM, CM",75,23,186,West Ham United,English Premier League,Czech Republic,Europe,,https://cdn.sofifa.net/players/247/028/22_120.png
180819,A. Lallana,Adam David Lallana,"CM, CAM, RW",75,33,178,Brighton & Hove Albion,English Premier League,England,Europe,"Injury Prone, Flair, Playmaker (AI), Technical Dribbler (AI)",https://cdn.sofifa.net/players/180/819/22_120.png
239837,A. Mac Allister,Alexis Mac Allister,"CAM, CM",75,22,174,Brighton & Hove Albion,English Premier League,Argentina,South America,Playmaker (AI),https://cdn.sofifa.net/players/239/837/22_120.png
225782,A. Maitland-Niles,Ainsley Maitland-Niles,"CDM, RB, RWB",75,23,177,Arsenal,English Premier League,England,Europe,Speed Dribbler (AI),https://cdn.sofifa.net/players/225/782/22_120.png
189324,A. McCarthy,Alex McCarthy,GK,75,31,193,Southampton,English Premier League,England,Europe,,https://cdn.sofifa.net/players/189/324/22_120.png
192667,A. Nyom,Allan-Roméo Nyom,"RM, LB, RB",75,33,189,Getafe CF,Spain Primera Division,Cameroon,Africa,Solid Player,https://cdn.sofifa.net/players/192/667/22_120.png
223885,A. Nübel,Alexander Nübel,GK,75,24,193,AS Monaco,French Ligue 1,Germany,Europe,Saves with Feet,https://cdn.sofifa.net/players/223/885/22_120.png
246836,A. Pieper,Amos Pieper,CB,75,23,191,DSC Arminia Bielefeld,German 1. Bundesliga,Germany,Europe,,https://cdn.sofifa.net/players/246/836/22_120.png
200353,A. Soumaoro,Bakary Adama Soumaoro,CB,75,29,187,Bologna,Italian Serie A,France,Europe,Injury Prone,https://cdn.sofifa.net/players/200/353/22_120.png
213242,A. Tameze,Adrien Tameze,"CDM, CM",75,27,180,Hellas Verona,Italian Serie A,France,Europe,Solid Player,https://cdn.sofifa.net/players/213/242/22_120.png
256769,A. Truffert,Adrien Truffert,"LB, LW",75,19,173,Stade Rennais FC,French Ligue 1,France,Europe,,https://cdn.sofifa.net/players/256/769/22_120.png
207616,A. Webster,Adam Webster,CB,75,26,191,Brighton & Hove Albion,English Premier League,England,Europe,"Leadership, Long Passer (AI)",https://cdn.sofifa.net/players/207/616/22_120.png
221919,A. Zeneli,Arbër Zeneli,"LM, LW",75,26,176,Stade de Reims,French Ligue 1,Kosovo,Europe,"Finesse Shot, Flair, Long Shot Taker (AI), Technical Dribbler (AI)",https://cdn.sofifa.net/players/221/919/22_120.png
246113,Adrià Pedrosa,Adrià Giner Pedrosa,"LB, LWB",75,23,176,RCD Espanyol de Barcelona,Spain Primera Division,Spain,Europe,Speed Dribbler (AI),https://cdn.sofifa.net/players/246/113/22_120.png
226515,Andrei Girotto,Andrei Girotto,"CB, CDM",75,29,186,FC Nantes,French Ligue 1,Brazil,South America,"Power Free-Kick, Long Shot Taker (AI)",https://cdn.sofifa.net/players/226/515/22_120.png
189433,B. Hübner,Benjamin Hübner,CB,75,31,193,TSG Hoffenheim,German 1. Bundesliga,Germany,Europe,"Injury Prone, Long Passer (AI)",https://cdn.sofifa.net/players/189/433/22_120.png
219466,B. Meling,Birger Solberg Meling,LB,75,26,174,Stade Rennais FC,French Ligue 1,Norway,Europe,,https://cdn.sofifa.net/players/219/466/22_120.png
204472,B. Sarr,Bouna Sarr,"RB, RM",75,29,177,FC Bayern München,German 1. Bundesliga,France,Europe,"Speed Dribbler (AI), Team Player",https://cdn.sofifa.net/players/204/472/22_120.png
243414,B. Williams,Brandon Williams,"RB, LB",75,20,182,Norwich City,English Premier League,England,Europe,"Dives Into Tackles (AI), Speed Dribbler (AI)",https://cdn.sofifa.net/players/243/414/22_120.png
190223,Balenziaga,Mikel Balenziaga Oruesagasti,"LB, CB",75,33,177,Athletic Club de Bilbao,Spain Primera Division,Spain,Europe,"Early Crosser, Team Player",https://cdn.sofifa.net/players/190/223/22_120.png
184111,C. Benteke,Christian Benteke Liolo,ST,75,30,190,Crystal Palace,English Premier League,Belgium,Europe,"Injury Prone, Power Header",https://cdn.sofifa.net/players/184/111/22_120.png
205989,C. Chambers,Calum Chambers,"RB, CB",75,26,182,Arsenal,English Premier League,England,Europe,,https://cdn.sofifa.net/players/205/989/22_120.png
183129,C. Clark,Ciaran Clark,CB,75,31,185,Newcastle United,English Premier League,Republic of Ireland,Europe,,https://cdn.sofifa.net/players/183/129/22_120.png
242619,C. Doucouré,Cheick Oumar Doucouré,CM,75,21,180,Racing Club de Lens,French Ligue 1,Mali,Africa,,https://cdn.sofifa.net/players/242/619/22_120.png
239795,C. Ekuban,Caleb Ansah Ekuban,"RM, CAM, ST",75,27,182,Genoa,Italian Serie A,Ghana,Africa,Speed Dribbler (AI),https://cdn.sofifa.net/players/239/795/22_120.png
190324,C. Kabasele,Christian Kabasele,CB,75,30,188,Watford,English Premier League,Belgium,Europe,Dives Into Tackles (AI),https://cdn.sofifa.net/players/190/324/22_120.png
201939,C. Piccini,Cristiano Piccini,"RB, RWB",75,28,189,Valencia CF,Spain Primera Division,Italy,Europe,Injury Prone,https://cdn.sofifa.net/players/201/939/22_120.png
225147,C. Roberts,Connor Roberts,"RWB, RB",75,25,175,Burnley,English Premier League,Wales,Europe,Long Throw-in,https://cdn.sofifa.net/players/225/147/22_120.png
240289,Calero,Fernando Calero Villa,CB,75,25,183,RCD Espanyol de Barcelona,Spain Primera Division,Spain,Europe,Long Passer (AI),https://cdn.sofifa.net/players/240/289/22_120.png
240654,Carles Pérez,Carles Pérez Sayol,"RW, CF",75,23,173,Roma,Italian Serie A,Spain,Europe,"Long Shot Taker (AI), Speed Dribbler (AI)",https://cdn.sofifa.net/players/240/654/22_120.png
221014,Carlos Fernández,Carlos Fernández Luna,"ST, CAM",75,25,186,Real Sociedad,Spain Primera Division,Spain,Europe,"Finesse Shot, Outside Foot Shot",https://cdn.sofifa.net/players/221/014/22_120.png
215061,D. Benedetto,Darío Ismael Benedetto,ST,75,31,177,Elche CF,Spain Primera Division,Argentina,South America,"Long Shot Taker (AI), Outside Foot Shot",https://cdn.sofifa.net/players/215/061/22_120.png
252000,D. Bradarić,Domagoj Bradarić,LB,75,21,178,LOSC Lille,French Ligue 1,Croatia,Europe,,https://cdn.sofifa.net/players/252/000/22_120.png
235565,D. Bronn,Dylan Daniel Mahmoud Bronn,"CB, RB",75,26,185,FC Metz,French Ligue 1,Tunisia,Africa,Long Passer (AI),https://cdn.sofifa.net/players/235/565/22_120.png
198032,D. Burn,Dan Burn,"CB, LB",75,29,198,Brighton & Hove Albion,English Premier League,England,Europe,Power Header,https://cdn.sofifa.net/players/198/032/22_120.png
220633,D. Gray,Demarai Gray,"LW, RW, CAM",75,25,183,Everton,English Premier League,England,Europe,"Flair, Long Shot Taker (AI), Speed Dribbler (AI)",https://cdn.sofifa.net/players/220/633/22_120.png
212212,D. Kohr,Dominik Kohr,"CDM, CM",75,27,183,1. FSV Mainz 05,German 1. Bundesliga,Germany,Europe,Dives Into Tackles (AI),https://cdn.sofifa.net/players/212/212/22_120.png
169697,D. Randolph,Darren Randolph,GK,75,34,188,West Ham United,English Premier League,Republic of Ireland,Europe,Comes For Crosses,https://cdn.sofifa.net/players/169/697/22_120.png
169595,D. Rose,Danny Rose,LB,75,30,174,Watford,English Premier League,England,Europe,Dives Into Tackles (AI),https://cdn.sofifa.net/players/169/595/22_120.png
216380,D. Sinkgraven,Daley Sinkgraven,"LB, CM",75,25,179,Bayer 04 Leverkusen,German 1. Bundesliga,Netherlands,Europe,"Injury Prone, Flair",https://cdn.sofifa.net/players/216/380/22_120.png
198451,Dani Rodríguez,Daniel José Rodríguez Vázquez,"CAM, LM, ST",75,33,178,RCD Mallorca,Spain Primera Division,Spain,Europe,Speed Dribbler (AI),https://cdn.sofifa.net/players/198/451/22_120.png
216283,Danilo,Danilo Teodoro Soares,LB,75,29,170,VfL Bochum 1848,German 1. Bundesliga,Brazil,South America,Technical Dribbler (AI),https://cdn.sofifa.net/players/216/283/22_120.png
189485,Diego Farías,Diego Farías da Silva,"LW, CF, ST",75,31,173,Cagliari,Italian Serie A,Brazil,South America,"Flair, Technical Dribbler (AI)",https://cdn.sofifa.net/players/189/485/22_120.png
189296,E. Berisha,Etrit Berisha,GK,75,32,194,Torino F.C.,Italian Serie A,Albania,Europe,Comes For Crosses,https://cdn.sofifa.net/players/189/296/22_120.png
201860,E. Bičakčić,Ermin Bičakčić,CB,75,31,185,TSG Hoffenheim,German 1. Bundesliga,Bosnia and Herzegovina,Europe,Dives Into Tackles (AI),https://cdn.sofifa.net/players/201/860/22_120.png
243231,E. Mwepu,Enock Mwepu,"CM, CDM, CAM",75,23,184,Brighton & Hove Albion,English Premier League,Zambia,Africa,"Long Passer (AI), Long Shot Taker (AI)",https://cdn.sofifa.net/players/243/231/22_120.png
213629,E. Pulgar,Erick Antonio Pulgar Farfán,"CDM, CM",75,27,187,Fiorentina,Italian Serie A,Chile,South America,,https://cdn.sofifa.net/players/213/629/22_120.png
223197,E. Ünal,Enes Ünal,ST,75,24,187,Getafe CF,Spain Primera Division,Turkey,Europe,,https://cdn.sofifa.net/players/223/197/22_120.png
223061,F. Cervi,Franco Emanuel Cervi,LM,75,27,165,RC Celta de Vigo,Spain Primera Division,Argentina,South America,"Flair, Technical Dribbler (AI)",https://cdn.sofifa.net/players/223/061/22_120.png
183427,F. Delph,Fabian Delph,"CDM, CM, LB",75,31,174,Everton,English Premier League,England,Europe,"Injury Prone, Long Shot Taker (AI)",https://cdn.sofifa.net/players/183/427/22_120.png
213814,F. Di Francesco,Federico Di Francesco,"CF, LW, ST",75,27,171,Empoli,Italian Serie A,Italy,Europe,Speed Dribbler (AI),https://cdn.sofifa.net/players/213/814/22_120.png
179847,F. Fazio,Federico Julián Fazio,CB,75,34,195,Roma,Italian Serie A,Argentina,South America,Power Header,https://cdn.sofifa.net/players/179/847/22_120.png
201988,F. Fernández,Federico Fernández,CB,75,32,190,Newcastle United,English Premier League,Argentina,South America,Long Passer (AI),https://cdn.sofifa.net/players/201/988/22_120.png
172203,F. Forster,Fraser Forster,GK,75,33,201,Southampton,English Premier League,England,Europe,,https://cdn.sofifa.net/players/172/203/22_120.png
220876,F. Honorat,Franck Honorat,"RM, LM",75,24,180,Stade Brestois 29,French Ligue 1,France,Europe,"Outside Foot Shot, Technical Dribbler (AI)",https://cdn.sofifa.net/players/220/876/22_120.png
195038,F. Kainz,Florian Kainz,"LM, RM",75,28,176,1. FC Köln,German 1. Bundesliga,Austria,Europe,Technical Dribbler (AI),https://cdn.sofifa.net/players/195/038/22_120.png
149185,F. Magnanelli,Francesco Magnanelli,CDM,75,36,181,U.S. Sassuolo Calcio,Italian Serie A,Italy,Europe,"Leadership, Long Passer (AI), Team Player",https://cdn.sofifa.net/players/149/185/22_120.png
236804,F. Medina,Facundo Axel Medina,CB,75,22,184,Racing Club de Lens,French Ligue 1,Argentina,South America,"Dives Into Tackles (AI), Long Passer (AI)",https://cdn.sofifa.net/players/236/804/22_120.png
211899,F. Niederlechner,Florian Niederlechner,ST,75,30,187,FC Augsburg,German 1. Bundesliga,Germany,Europe,,https://cdn.sofifa.net/players/211/899/22_120.png
239529,F. Onyeka,Frank Ogochukwu Onyeka,"CDM, CM",75,23,183,Brentford,English Premier League,Nigeria,Africa,Solid Player,https://cdn.sofifa.net/players/239/529/22_120.png
229628,Fali,Rafael Jiménez Jarque,"CB, CDM",75,27,186,Cádiz CF,Spain Primera Division,Spain,Europe,Power Free-Kick,https://cdn.sofifa.net/players/229/628/22_120.png
235997,Fran Beltrán,Francisco José Beltrán Peinado,"CM, CDM, CAM",75,22,165,RC Celta de Vigo,Spain Primera Division,Spain,Europe,,https://cdn.sofifa.net/players/235/997/22_120.png
202848,G. Caprari,Gianluca Caprari,"CF, ST",75,27,176,Hellas Verona,Italian Serie A,Italy,Europe,"Flair, Technical Dribbler (AI)",https://cdn.sofifa.net/players/202/848/22_120.png
198904,G. Hanley,Grant Hanley,CB,75,29,187,Norwich City,English Premier League,Scotland,Europe,"Leadership, Power Header",https://cdn.sofifa.net/players/198/904/22_120.png
235634,G. Konan,Ghislain Konan,LB,75,25,176,Stade de Reims,French Ligue 1,Côte d'Ivoire,Africa,,https://cdn.sofifa.net/players/235/634/22_120.png
242392,G. Magnani,Giangiacomo Magnani,CB,75,25,191,Hellas Verona,Italian Serie A,Italy,Europe,Injury Prone,https://cdn.sofifa.net/players/242/392/22_120.png
262621,G. Mamardashvili,Giorgi Mamardashvili,GK,75,20,199,Valencia CF,Spain Primera Division,Georgia,Europe,Comes For Crosses,https://cdn.sofifa.net/players/262/621/22_120.png
216816,G. Simeone,Giovanni Pablo Simeone,ST,75,25,181,Hellas Verona,Italian Serie A,Argentina,South America,"Solid Player, Power Header",https://cdn.sofifa.net/players/216/816/22_120.png
216452,Gonçalo Paciência,Gonçalo Mendes Paciência,ST,75,26,184,Eintracht Frankfurt,German 1. Bundesliga,Portugal,Europe,"Flair, Power Header",https://cdn.sofifa.net/players/216/452/22_120.png
224444,H. Belkebla,Haris Belkebla,"CDM, CM",75,27,177,Stade Brestois 29,French Ligue 1,Algeria,Africa,,https://cdn.sofifa.net/players/224/444/22_120.png
253157,H. Boudaoui,Hicham Boudaoui,"CM, CDM",75,21,175,OGC Nice,French Ligue 1,Algeria,Africa,"Injury Prone, Outside Foot Shot, Technical Dribbler (AI)",https://cdn.sofifa.net/players/253/157/22_120.png
225293,H. Diallo,Habibou Mouhamadou Diallo,"ST, RM",75,26,186,RC Strasbourg Alsace,French Ligue 1,Senegal,Africa,Power Header,https://cdn.sofifa.net/players/225/293/22_120.png
236817,H. Maïga,Digbo G'nampa Habib Maïga,"CDM, CM",75,25,181,FC Metz,French Ligue 1,Côte d'Ivoire,Africa,"Leadership, Long Passer (AI), Team Player",https://cdn.sofifa.net/players/236/817/22_120.png
228732,H. Moukoudi,Harold Moukoudi,CB,75,23,191,AS Saint-Étienne,French Ligue 1,Cameroon,Africa,Power Header,https://cdn.sofifa.net/players/228/732/22_120.png
225475,Hernani,Hernani Azevedo Júnior,"CDM, CM",75,27,188,Genoa,Italian Serie A,Brazil,South America,"Long Shot Taker (AI), Playmaker (AI), Technical Dribbler (AI)",https://cdn.sofifa.net/players/225/475/22_120.png
226380,Hwang Hee Chan,황희찬 黄喜灿,ST,75,25,177,Wolverhampton Wanderers,English Premier League,Korea Republic,Asia,Technical Dribbler (AI),https://cdn.sofifa.net/players/226/380/22_120.png
211382,I. Amadou,Ibrahim Amadou,"CDM, CB, CM",75,28,183,Sevilla FC,Spain Primera Division,France,Europe,Solid Player,https://cdn.sofifa.net/players/211/382/22_120.png
242794,I. Louza,Imran Louza,"CM, CAM, CDM",75,22,178,Watford,English Premier League,France,Europe,"Long Shot Taker (AI), Playmaker (AI)",https://cdn.sofifa.net/players/242/794/22_120.png
234102,I. Radu,Ionuț Andrei Radu,GK,75,24,188,Inter,Italian Serie A,Romania,Europe,Comes For Crosses,https://cdn.sofifa.net/players/234/102/22_120.png
184873,I. Traoré,Ismaël Traoré,CB,75,34,184,Angers SCO,French Ligue 1,Côte d'Ivoire,Africa,"Leadership, Team Player",https://cdn.sofifa.net/players/184/873/22_120.png
251182,Iago,Iago Amaral Borduchi,"LB, LM",75,24,181,FC Augsburg,German 1. Bundesliga,Brazil,South America,,https://cdn.sofifa.net/players/251/182/22_120.png
231280,Iván Alejo,Iván Alejo Peralta,"RM, LM",75,26,184,Cádiz CF,Spain Primera Division,Spain,Europe,"Early Crosser, Technical Dribbler (AI)",https://cdn.sofifa.net/players/231/280/22_120.png
220905,J. Aholou,Jean-Eudès Aholou,"CDM, CM",75,27,186,RC Strasbourg Alsace,French Ligue 1,Côte d'Ivoire,Africa,Injury Prone,https://cdn.sofifa.net/players/220/905/22_120.png
205343,J. Akpa Akpro,Jean-Daniel Dave Lewis Akpa Akpro,CM,75,28,180,Lazio,Italian Serie A,Côte d'Ivoire,Africa,"Dives Into Tackles (AI), Speed Dribbler (AI)",https://cdn.sofifa.net/players/205/343/22_120.png
197756,J. Ayew,Jordan Pierre Ayew,"ST, RM",75,29,182,Crystal Palace,English Premier League,Ghana,Africa,"Flair, Technical Dribbler (AI)",https://cdn.sofifa.net/players/197/756/22_120.png
205402,J. Boëtius,Jean-Paul Boëtius,"CAM, CM",75,27,178,1. FSV Mainz 05,German 1. Bundesliga,Netherlands,Europe,"Finesse Shot, Flair, Technical Dribbler (AI)",https://cdn.sofifa.net/players/205/402/22_120.png
237221,J. Foyth,Juan Marcos Foyth,"CB, RB, CDM",75,23,187,Villarreal CF,Spain Primera Division,Argentina,South America,Dives Into Tackles (AI),https://cdn.sofifa.net/players/237/221/22_120.png
221284,J. Gradit,Jonathan Gradit,"CB, RB",75,28,180,Racing Club de Lens,French Ligue 1,France,Europe,,https://cdn.sofifa.net/players/221/284/22_120.png
191076,J. Guðmundsson,Johann Berg Guðmunds­son,"RM, LM",75,30,179,Burnley,English Premier League,Iceland,Europe,"Injury Prone, Flair, Long Shot Taker (AI)",https://cdn.sofifa.net/players/191/076/22_120.png
251517,J. Gvardiol,Joško Gvardiol,"CB, LB",75,19,185,RB Leipzig,German 1. Bundesliga,Croatia,Europe,Power Header,https://cdn.sofifa.net/players/251/517/22_120.png
237034,J. Hernández,Juan Camilo Hernández Suárez,"ST, RM, LM",75,22,176,Watford,English Premier League,Colombia,South America,Long Shot Taker (AI),https://cdn.sofifa.net/players/237/034/22_120.png
185422,J. King,Joshua Christian Kojo King,"ST, LM",75,29,184,Watford,English Premier League,Norway,Europe,"Flair, Speed Dribbler (AI)",https://cdn.sofifa.net/players/185/422/22_120.png
193133,J. Larsen,Jens Stryger Larsen,RM,75,30,180,Udinese Calcio,Italian Serie A,Denmark,Europe,Solid Player,https://cdn.sofifa.net/players/193/133/22_120.png
153275,J. Leca,Jean-Louis Leca,GK,75,35,180,Racing Club de Lens,French Ligue 1,France,Europe,"Leadership, Team Player, Cautious With Crosses",https://cdn.sofifa.net/players/153/275/22_120.png
239592,J. Macías,José Juan Macías Guzmán,ST,75,21,177,Getafe CF,Spain Primera Division,Mexico,North America,,https://cdn.sofifa.net/players/239/592/22_120.png
236461,J. Mateta,Jean-Philippe Mateta,ST,75,24,192,Crystal Palace,English Premier League,France,Europe,Flair,https://cdn.sofifa.net/players/236/461/22_120.png
171972,J. McArthur,James McArthur,"CM, CDM",75,33,178,Crystal Palace,English Premier League,Scotland,Europe,,https://cdn.sofifa.net/players/171/972/22_120.png
256790,J. Musiala,Jamal Musiala,"CAM, LM",75,18,180,FC Bayern München,German 1. Bundesliga,Germany,Europe,Technical Dribbler (AI),https://cdn.sofifa.net/players/256/790/22_120.png
228509,J. Reine-Adélaïde,Jeff Reine-Adélaïde,"CM, CAM, RW",75,23,184,Olympique Lyonnais,French Ligue 1,France,Europe,"Injury Prone, Technical Dribbler (AI)",https://cdn.sofifa.net/players/228/509/22_120.png
221269,J. Riedewald,Jaïro Riedewald,"CDM, CB",75,24,182,Crystal Palace,English Premier League,Netherlands,Europe,,https://cdn.sofifa.net/players/221/269/22_120.png
223570,J. Sambia,Salomon Junior Sambia,RB,75,24,185,Montpellier Hérault SC,French Ligue 1,France,Europe,Power Free-Kick,https://cdn.sofifa.net/players/223/570/22_120.png
200759,J. Schlupp,Jeffrey Schlupp,"LM, CM",75,28,178,Crystal Palace,English Premier League,Ghana,Africa,Speed Dribbler (AI),https://cdn.sofifa.net/players/200/759/22_120.png
189165,J. Shelvey,Jonjo Shelvey,"CM, CDM",75,29,184,Newcastle United,English Premier League,England,Europe,"Dives Into Tackles (AI), Long Passer (AI), Long Shot Taker (AI), Outside Foot Shot",https://cdn.sofifa.net/players/189/165/22_120.png
173546,J. Tomkins,James Tomkins,CB,75,32,192,Crystal Palace,English Premier League,England,Europe,,https://cdn.sofifa.net/players/173/546/22_120.png
237329,J. Willock,Joseph Willock,"CAM, CM",75,21,186,Newcastle United,English Premier League,England,Europe,,https://cdn.sofifa.net/players/237/329/22_120.png
190778,J. Zoet,Jeroen Zoet,GK,75,30,189,Spezia,Italian Serie A,Netherlands,Europe,Comes For Crosses,https://cdn.sofifa.net/players/190/778/22_120.png
220604,Jaume,Jaume Doménech Sánchez,GK,75,30,185,Valencia CF,Spain Primera Division,Spain,Europe,"Long Passer (AI), Team Player",https://cdn.sofifa.net/players/220/604/22_120.png
231591,Javi Galán,Javier Galán Gil,"LB, LWB",75,26,172,RC Celta de Vigo,Spain Primera Division,Spain,Europe,"Speed Dribbler (AI), Technical Dribbler (AI)",https://cdn.sofifa.net/players/231/591/22_120.png
197891,Juanmi,Juan Miguel Jiménez López,"LM, ST, LW",75,28,172,Real Betis Balompié,Spain Primera Division,Spain,Europe,,https://cdn.sofifa.net/players/197/891/22_120.png
224258,K. Ajer,Kristoffer Vassbakk Ajer,CB,75,23,196,Brentford,English Premier League,Norway,Europe,"Injury Prone, Dives Into Tackles (AI)",https://cdn.sofifa.net/players/224/258/22_120.png
207790,K. Ayhan,Kaan Ayhan,CB,75,26,184,U.S. Sassuolo Calcio,Italian Serie A,Turkey,Europe,Power Header,https://cdn.sofifa.net/players/207/790/22_120.png
204451,K. Günter,Koray Günter,CB,75,26,184,Hellas Verona,Italian Serie A,Germany,Europe,"Injury Prone, Long Passer (AI)",https://cdn.sofifa.net/players/204/451/22_120.png
210635,K. Hause,Kortney Hause,CB,75,25,191,Aston Villa,English Premier League,England,Europe,Power Header,https://cdn.sofifa.net/players/210/635/22_120.png
189860,Kiko Femenía,Francisco Femenía Far,"RB, LB",75,30,174,Watford,English Premier League,Spain,Europe,Speed Dribbler (AI),https://cdn.sofifa.net/players/189/860/22_120.png
209289,Kévin Rodrigues,Kévin Manuel Rodrigues,"LB, LM, LWB",75,27,170,Rayo Vallecano,Spain Primera Division,Portugal,Europe,,https://cdn.sofifa.net/players/209/289/22_120.png
213367,L. Abergel,Laurent Abergel,"CDM, CM",75,28,170,FC Lorient,French Ligue 1,France,Europe,Leadership,https://cdn.sofifa.net/players/213/367/22_120.png
234178,L. Abram,Luis Alfonso Abram Ugarelli,"CB, RB, LB",75,25,182,Granada CF,Spain Primera Division,Peru,South America,,https://cdn.sofifa.net/players/234/178/22_120.png
189456,L. Cooper,Liam Cooper,CB,75,29,188,Leeds United,English Premier League,Scotland,Europe,"Injury Prone, Leadership, Team Player",https://cdn.sofifa.net/players/189/456/22_120.png
191135,L. Júnior,Junior Wakalible Lago,"LM, RM",75,30,180,RCD Mallorca,Spain Primera Division,Côte d'Ivoire,Africa,,https://cdn.sofifa.net/players/191/135/22_120.png
203775,L. Karius,Loris Karius,GK,75,28,189,Liverpool,English Premier League,Germany,Europe,Rushes Out Of Goal,https://cdn.sofifa.net/players/203/775/22_120.png
205850,L. Pavoletti,Leonardo Pavoletti,ST,75,32,188,Cagliari,Italian Serie A,Italy,Europe,"Injury Prone, Power Header",https://cdn.sofifa.net/players/205/850/22_120.png
221671,Lee Jae Sung,이재성 李在成,"CM, CF, CAM",75,28,180,1. FSV Mainz 05,German 1. Bundesliga,Korea Republic,Asia,"Solid Player, Flair, Playmaker (AI), Team Player, Technical Dribbler (AI)",https://cdn.sofifa.net/players/221/671/22_120.png
240060,M. Aarons,Maximillian James Aarons,RB,75,21,178,Norwich City,English Premier League,England,Europe,Speed Dribbler (AI),https://cdn.sofifa.net/players/240/060/22_120.png
243631,M. Camara,Mahdi Camara,"CDM, CM",75,23,178,AS Saint-Étienne,French Ligue 1,France,Europe,,https://cdn.sofifa.net/players/243/631/22_120.png
215798,M. Cornet,Gnaly Maxwel Cornet,"LB, LW",75,24,179,Burnley,English Premier League,Côte d'Ivoire,Africa,"Speed Dribbler (AI), Outside Foot Shot",https://cdn.sofifa.net/players/215/798/22_120.png
207935,M. Dituro,Matías Ezequiel Dituro,GK,75,34,191,RC Celta de Vigo,Spain Primera Division,Argentina,South America,Comes For Crosses,https://cdn.sofifa.net/players/207/935/22_120.png
226168,M. Eggestein,Maximilian Eggestein,"CM, CDM",75,24,181,Sport-Club Freiburg,German 1. Bundesliga,Germany,Europe,"Solid Player, Dives Into Tackles (AI), Long Shot Taker (AI)",https://cdn.sofifa.net/players/226/168/22_120.png
203362,M. Elyounoussi,Mohamed Amine Elyounoussi,"LM, ST",75,26,178,Southampton,English Premier League,Norway,Europe,"Flair, Technical Dribbler (AI)",https://cdn.sofifa.net/players/203/362/22_120.png
211738,M. Flekken,Mark Flekken,GK,75,28,195,Sport-Club Freiburg,German 1. Bundesliga,Netherlands,Europe,,https://cdn.sofifa.net/players/211/738/22_120.png
198683,M. Gabbiadini,Manolo Gabbiadini,ST,75,29,181,U.C. Sampdoria,Italian Serie A,Italy,Europe,"Finesse Shot, Long Shot Taker (AI)",https://cdn.sofifa.net/players/198/683/22_120.png
246960,M. Ihattaren,Mohamed Amine Ihattaren,"CAM, RM, CM",75,19,183,U.C. Sampdoria,Italian Serie A,Netherlands,Europe,"Long Shot Taker (AI), Playmaker (AI), Outside Foot Shot, Technical Dribbler (AI)",https://cdn.sofifa.net/players/246/960/22_120.png
192955,M. Klich,Mateusz Andrzej Klich,CM,75,31,183,Leeds United,English Premier League,Poland,Europe,"Solid Player, Finesse Shot, Long Shot Taker (AI)",https://cdn.sofifa.net/players/192/955/22_120.png
245426,M. Kumbulla,Marash Kumbulla,CB,75,21,191,Roma,Italian Serie A,Albania,Europe,,https://cdn.sofifa.net/players/245/426/22_120.png
212811,M. Lemina,Mario René Junior Lemina,"CM, CDM",75,27,184,OGC Nice,French Ligue 1,Gabon,Africa,"Flair, Technical Dribbler (AI)",https://cdn.sofifa.net/players/212/811/22_120.png
224030,M. Lopez,Maxime Lopez,CM,75,23,167,U.S. Sassuolo Calcio,Italian Serie A,France,Europe,Playmaker (AI),https://cdn.sofifa.net/players/224/030/22_120.png
222994,M. Nakamba,Marvelous Nakamba,"CDM, CM",75,27,178,Aston Villa,English Premier League,Zimbabwe,Africa,Dives Into Tackles (AI),https://cdn.sofifa.net/players/222/994/22_120.png
152879,M. Noble,Mark Noble,"CM, CDM, CAM",75,34,177,West Ham United,English Premier League,England,Europe,"Dives Into Tackles (AI), Leadership, Long Passer (AI), Team Player",https://cdn.sofifa.net/players/152/879/22_120.png
229593,M. Pjaca,Marko Pjaca,"LW, RW, CAM",75,26,186,Torino F.C.,Italian Serie A,Croatia,Europe,"Injury Prone, Flair, Technical Dribbler (AI)",https://cdn.sofifa.net/players/229/593/22_120.png
238370,M. Pongračić,Marin Pongračić,CB,75,23,190,Borussia Dortmund,German 1. Bundesliga,Croatia,Europe,,https://cdn.sofifa.net/players/238/370/22_120.png
183285,M. Sakho,Mamadou Sakho,CB,75,31,187,Montpellier Hérault SC,French Ligue 1,France,Europe,"Injury Prone, Dives Into Tackles (AI), Leadership, Team Player",https://cdn.sofifa.net/players/183/285/22_120.png
177358,M. Schneiderlin,Morgan Schneiderlin,"CDM, CM",75,31,186,OGC Nice,French Ligue 1,France,Europe,"Dives Into Tackles (AI), Leadership",https://cdn.sofifa.net/players/177/358/22_120.png
243854,M. Simakan,Mohamed Simakan,"CB, RB",75,21,187,RB Leipzig,German 1. Bundesliga,France,Europe,"Dives Into Tackles (AI), Long Passer (AI)",https://cdn.sofifa.net/players/243/854/22_120.png
216820,M. Simon,Moses Daddy-Ajala Simon,"LM, ST, RM",75,25,168,FC Nantes,French Ligue 1,Nigeria,Africa,"Flair, Speed Dribbler (AI)",https://cdn.sofifa.net/players/216/820/22_120.png
200318,M. Uth,Mark Uth,"CAM, CF, ST",75,29,185,1. FC Köln,German 1. Bundesliga,Germany,Europe,"Finesse Shot, Long Shot Taker (AI), Playmaker (AI)",https://cdn.sofifa.net/players/200/318/22_120.png
224425,M. Wolf,Marius Wolf,"RM, RB, RWB",75,26,188,Borussia Dortmund,German 1. Bundesliga,Germany,Europe,Early Crosser,https://cdn.sofifa.net/players/224/425/22_120.png
237960,Mama Baldé,Mama Samba Baldé,"ST, RM",75,25,176,ESTAC Troyes,French Ligue 1,Guinea Bissau,Africa,Long Throw-in,https://cdn.sofifa.net/players/237/960/22_120.png
241686,Manu Vallejo,Manuel Javier Vallejo Galván,"ST, LM, CAM",75,24,167,Valencia CF,Spain Primera Division,Spain,Europe,Speed Dribbler (AI),https://cdn.sofifa.net/players/241/686/22_120.png
252084,Marcos André,Marcos André de Sousa Mendonça,"ST, LW, CAM",75,24,184,Valencia CF,Spain Primera Division,Brazil,South America,"Long Shot Taker (AI), Chip Shot (AI)",https://cdn.sofifa.net/players/252/084/22_120.png
221639,Mariano,Mariano Díaz Mejía,ST,75,27,180,Real Madrid CF,Spain Primera Division,Dominican Republic,North America,"Power Free-Kick, Injury Prone, Long Shot Taker (AI), Power Header",https://cdn.sofifa.net/players/221/639/22_120.png
241827,Martín,Martín Aguirregabiria Padilla,"RB, RM, LB",75,25,178,Deportivo Alavés,Spain Primera Division,Spain,Europe,,https://cdn.sofifa.net/players/241/827/22_120.png
207707,Marçal,Fernando Marçal de Oliveira,"LB, LWB",75,32,178,Wolverhampton Wanderers,English Premier League,Brazil,South America,Injury Prone,https://cdn.sofifa.net/players/207/707/22_120.png
254487,Matheus Henrique,Matheus Henrique de Souza,"CM, CDM",75,23,175,U.S. Sassuolo Calcio,Italian Serie A,Brazil,South America,"Long Passer (AI), Playmaker (AI)",https://cdn.sofifa.net/players/254/487/22_120.png
259694,Mingueza,Óscar Mingueza García,"CB, RB",75,22,184,FC Barcelona,Spain Primera Division,Spain,Europe,,https://cdn.sofifa.net/players/259/694/22_120.png
247495,Moncayola,Jon Moncayola Tollar,"CDM, CM",75,23,189,CA Osasuna,Spain Primera Division,Spain,Europe,Dives Into Tackles (AI),https://cdn.sofifa.net/players/247/495/22_120.png
194644,Montoya,Martín Montoya Torralbo,"RB, RWB",75,30,175,Real Betis Balompié,Spain Primera Division,Spain,Europe,,https://cdn.sofifa.net/players/194/644/22_120.png
190456,N. Clyne,Nathaniel Edwin Clyne,RB,75,30,175,Crystal Palace,English Premier League,England,Europe,,https://cdn.sofifa.net/players/190/456/22_120.png
237819,N. Domínguez,Nicolás Martín Domínguez,"CM, CDM",75,23,179,Bologna,Italian Serie A,Argentina,South America,Dives Into Tackles (AI),https://cdn.sofifa.net/players/237/819/22_120.png
231227,N. Dorsch,Niklas Bernd Dorsch,"CDM, CM",75,23,178,FC Augsburg,German 1. Bundesliga,Germany,Europe,"Dives Into Tackles (AI), Flair, Technical Dribbler (AI)",https://cdn.sofifa.net/players/231/227/22_120.png
185431,N. Kalinić,Nikola Kalinić,ST,75,33,187,Hellas Verona,Italian Serie A,Croatia,Europe,Injury Prone,https://cdn.sofifa.net/players/185/431/22_120.png
215466,N. Maksimović,Nikola Maksimović,CB,75,29,193,Genoa,Italian Serie A,Serbia,Europe,"Dives Into Tackles (AI), Power Header",https://cdn.sofifa.net/players/215/466/22_120.png
198861,N. Mendy,Nampalys Mendy,"CDM, CM",75,29,167,Leicester City,English Premier League,Senegal,Africa,,https://cdn.sofifa.net/players/198/861/22_120.png
183580,N. Petersen,Nils Petersen,ST,75,32,188,Sport-Club Freiburg,German 1. Bundesliga,Germany,Europe,"Team Player, Chip Shot (AI)",https://cdn.sofifa.net/players/183/580/22_120.png
244206,N. Pérez,Patricio Nehuen Pérez,CB,75,21,186,Udinese Calcio,Italian Serie A,Argentina,South America,Power Header,https://cdn.sofifa.net/players/244/206/22_120.png
225028,N. Radoja,Nemanja Radoja,CM,75,28,186,Levante Unión Deportiva,Spain Primera Division,Serbia,Europe,,https://cdn.sofifa.net/players/225/028/22_120.png
221016,N. Vukčević,Nikola Vukčević,"CM, CDM",75,29,184,Levante Unión Deportiva,Spain Primera Division,Montenegro,Europe,Dives Into Tackles (AI),https://cdn.sofifa.net/players/221/016/22_120.png
238305,Nacho Vidal,Ignacio Vidal Miralles,"RB, RWB",75,26,180,CA Osasuna,Spain Primera Division,Spain,Europe,,https://cdn.sofifa.net/players/238/305/22_120.png
222148,O. Duda,Ondrej Duda,"CAM, CF",75,26,181,1. FC Köln,German 1. Bundesliga,Slovakia,Europe,"Flair, Playmaker (AI), Technical Dribbler (AI)",https://cdn.sofifa.net/players/222/148/22_120.png
233866,O. Edouard,Odsonne Édouard,ST,75,23,187,Crystal Palace,English Premier League,France,Europe,"Finesse Shot, Flair, Long Shot Taker (AI), Chip Shot (AI), Technical Dribbler (AI)",https://cdn.sofifa.net/players/233/866/22_120.png
241042,O. Skipp,Oliver Skipp,"CDM, CM",75,20,178,Tottenham Hotspur,English Premier League,England,Europe,,https://cdn.sofifa.net/players/241/042/22_120.png
209781,P. Capelle,Pierrick Capelle,"RM, CM, LB",75,34,181,Angers SCO,French Ligue 1,France,Europe,Long Shot Taker (AI),https://cdn.sofifa.net/players/209/781/22_120.png
213404,P. Dawidowicz,Paweł Marek Dawidowicz,CB,75,26,189,Hellas Verona,Italian Serie A,Poland,Europe,,https://cdn.sofifa.net/players/213/404/22_120.png
194201,P. Jansson,Pontus Jansson,CB,75,30,194,Brentford,English Premier League,Sweden,Europe,Injury Prone,https://cdn.sofifa.net/players/194/201/22_120.png
235134,P. Rosario,Pablo Paulino Rosario,"CDM, CM",75,24,188,OGC Nice,French Ligue 1,Netherlands,Europe,Long Passer (AI),https://cdn.sofifa.net/players/235/134/22_120.png
221342,Pablo Maffeo,Pablo Carmine Maffeo Becerra,"RB, RWB",75,23,172,RCD Mallorca,Spain Primera Division,Spain,Europe,,https://cdn.sofifa.net/players/221/342/22_120.png
200054,Pedro Obiang,Pedro Mba Obiang Avomo,"CDM, CM",75,29,185,U.S. Sassuolo Calcio,Italian Serie A,Equatorial Guinea,Africa,Playmaker (AI),https://cdn.sofifa.net/players/200/054/22_120.png
211706,Pere Pons,Pere Pons Riera,"CM, CDM, RM",75,28,177,Deportivo Alavés,Spain Primera Division,Spain,Europe,,https://cdn.sofifa.net/players/211/706/22_120.png
214639,Postigo,Sergio Postigo Redondo,CB,75,32,185,Levante Unión Deportiva,Spain Primera Division,Spain,Europe,"Long Throw-in, Team Player",https://cdn.sofifa.net/players/214/639/22_120.png
219576,R. Battaglia,Rodrigo Andrés Battaglia,"CM, CDM",75,29,187,RCD Mallorca,Spain Primera Division,Argentina,South America,Team Player,https://cdn.sofifa.net/players/219/576/22_120.png
231612,R. Del Castillo,Romain Del Castillo,"RM, LM",75,25,172,Stade Brestois 29,French Ligue 1,France,Europe,"Flair, Outside Foot Shot",https://cdn.sofifa.net/players/231/612/22_120.png
242577,R. Faivre,Romain Faivre,"RM, LM",75,22,180,Stade Brestois 29,French Ligue 1,France,Europe,"Flair, Long Shot Taker (AI), Playmaker (AI), Outside Foot Shot, Technical Dribbler (AI)",https://cdn.sofifa.net/players/242/577/22_120.png
207807,R. Fraser,Ryan Fraser,LM,75,27,163,Newcastle United,English Premier League,Scotland,Europe,"Finesse Shot, Flair, Speed Dribbler (AI)",https://cdn.sofifa.net/players/207/807/22_120.png
192722,R. Hamouma,Romain Hamouma,"ST, RM",75,34,178,AS Saint-Étienne,French Ligue 1,France,Europe,"Injury Prone, Outside Foot Shot",https://cdn.sofifa.net/players/192/722/22_120.png
229758,R. Krunić,Rade Krunić,"CM, CAM",75,27,184,AC Milan,Italian Serie A,Bosnia and Herzegovina,Europe,,https://cdn.sofifa.net/players/229/758/22_120.png
213666,R. Loftus-Cheek,Ruben Loftus-Cheek,"RM, CAM",75,25,191,Chelsea,English Premier League,England,Europe,"Injury Prone, Playmaker (AI), Outside Foot Shot",https://cdn.sofifa.net/players/213/666/22_120.png
225439,R. Mandragora,Rolando Mandragora,"CM, CDM",75,24,183,Torino F.C.,Italian Serie A,Italy,Europe,Long Shot Taker (AI),https://cdn.sofifa.net/players/225/439/22_120.png
209430,R. Ripart,Renaud Ripart,"ST, LM, CM",75,28,181,ESTAC Troyes,French Ligue 1,France,Europe,"Solid Player, Long Shot Taker (AI), Team Player",https://cdn.sofifa.net/players/209/430/22_120.png
201046,R. Saponara,Riccardo Saponara,"CAM, CF",75,29,184,Fiorentina,Italian Serie A,Italy,Europe,"Playmaker (AI), Outside Foot Shot, Technical Dribbler (AI)",https://cdn.sofifa.net/players/201/046/22_120.png
235883,R. Sessegnon,Kouassi Ryan Sessegnon,"LWB, LM, LB",75,21,178,Tottenham Hotspur,English Premier League,England,Europe,Finesse Shot,https://cdn.sofifa.net/players/235/883/22_120.png
215449,R. Skov,Robert Skov,"RM, LWB, LB",75,25,185,TSG Hoffenheim,German 1. Bundesliga,Denmark,Europe,"Power Free-Kick, Long Shot Taker (AI)",https://cdn.sofifa.net/players/215/449/22_120.png
238581,R. Vargas,Ruben Estephan Vargas Martínez,"LM, RM",75,22,179,FC Augsburg,German 1. Bundesliga,Switzerland,Europe,,https://cdn.sofifa.net/players/238/581/22_120.png
211101,Rubén Blanco,Rubén Blanco Veiga,GK,75,25,189,RC Celta de Vigo,Spain Primera Division,Spain,Europe,Injury Prone,https://cdn.sofifa.net/players/211/101/22_120.png
203736,S. Bahoken,Stéphane Bahoken,ST,75,29,185,Angers SCO,French Ligue 1,Cameroon,Africa,Injury Prone,https://cdn.sofifa.net/players/203/736/22_120.png
203570,S. Dallas,Stuart Dallas,"CM, LB, RB",75,30,183,Leeds United,English Premier League,Northern Ireland,Europe,"Long Shot Taker (AI), Team Player",https://cdn.sofifa.net/players/203/570/22_120.png
211348,S. Dimitrievski,Stole Dimitrievski,GK,75,27,188,Rayo Vallecano,Spain Primera Division,North Macedonia,Europe,Team Player,https://cdn.sofifa.net/players/211/348/22_120.png
207993,S. Kolašinac,Sead Kolašinac,"LB, LWB, CB",75,28,183,Arsenal,English Premier League,Bosnia and Herzegovina,Europe,Dives Into Tackles (AI),https://cdn.sofifa.net/players/207/993/22_120.png
236699,S. Lukić,Saša Lukić,"CM, CDM, CAM",75,24,183,Torino F.C.,Italian Serie A,Serbia,Europe,,https://cdn.sofifa.net/players/236/699/22_120.png
206594,S. March,Solomon March,"LWB, RW, RM",75,26,180,Brighton & Hove Albion,English Premier League,England,Europe,"Injury Prone, Technical Dribbler (AI)",https://cdn.sofifa.net/players/206/594/22_120.png
223671,S. Posch,Stefan Posch,"CB, RB",75,24,189,TSG Hoffenheim,German 1. Bundesliga,Austria,Europe,,https://cdn.sofifa.net/players/223/671/22_120.png
186569,S. Ulreich,Sven Ulreich,GK,75,32,192,FC Bayern München,German 1. Bundesliga,Germany,Europe,Saves with Feet,https://cdn.sofifa.net/players/186/569/22_120.png
196889,S. Verdi,Simone Verdi,"CF, CAM",75,28,174,Torino F.C.,Italian Serie A,Italy,Europe,"Flair, Long Shot Taker (AI), Chip Shot (AI), Technical Dribbler (AI)",https://cdn.sofifa.net/players/196/889/22_120.png
216158,S. Widmer,Silvan Dominic Widmer,RB,75,28,183,1. FSV Mainz 05,German 1. Bundesliga,Switzerland,Europe,,https://cdn.sofifa.net/players/216/158/22_120.png
158144,Salva Sevilla,Salvador Sevilla López,"CDM, CM",75,37,178,RCD Mallorca,Spain Primera Division,Spain,Europe,Leadership,https://cdn.sofifa.net/players/158/144/22_120.png
245940,Silas,Silas Katompa Mvumpa,"RM, LM, ST",75,22,189,VfB Stuttgart,German 1. Bundesliga,Congo DR,Africa,"Flair, Speed Dribbler (AI), Technical Dribbler (AI)",https://cdn.sofifa.net/players/245/940/22_120.png
225748,T. Cantwell,Todd Cantwell,LM,75,23,177,Norwich City,English Premier League,England,Europe,"Flair, Technical Dribbler (AI)",https://cdn.sofifa.net/players/225/748/22_120.png
230005,T. Davies,Tom Davies,"CM, CDM",75,23,180,Everton,English Premier League,England,Europe,Dives Into Tackles (AI),https://cdn.sofifa.net/players/230/005/22_120.png
237681,T. Kubo,久保 建英,"RM, CM, CAM",75,20,173,RCD Mallorca,Spain Primera Division,Japan,Asia,"Flair, Technical Dribbler (AI)",https://cdn.sofifa.net/players/237/681/22_120.png
226627,T. Minamino,南野 拓実,"RW, ST, LM",75,26,174,Liverpool,English Premier League,Japan,Asia,Solid Player,https://cdn.sofifa.net/players/226/627/22_120.png
232938,T. Tomiyasu,冨安 健洋,"CB, RB",75,22,188,Arsenal,English Premier League,Japan,Asia,,https://cdn.sofifa.net/players/232/938/22_120.png
226078,Trezeguet,Mahmoud Ahmed Ibrahim Hassan,"RM, RW, LM",75,26,180,Aston Villa,English Premier League,Egypt,Africa,"Speed Dribbler (AI), Outside Foot Shot, Technical Dribbler (AI)",https://cdn.sofifa.net/players/226/078/22_120.png
247328,Unai Vencedor,Unai Vencedor Paris,"CM, CDM",75,20,176,Athletic Club de Bilbao,Spain Primera Division,Spain,Europe,"Power Free-Kick, Long Passer (AI)",https://cdn.sofifa.net/players/247/328/22_120.png
223710,V. Muriqi,Vedat Muriqi,ST,75,27,194,Lazio,Italian Serie A,Kosovo,Europe,"Power Header, Outside Foot Shot",https://cdn.sofifa.net/players/223/710/22_120.png
205531,V. Verre,Valerio Verre,"CAM, CF, CM",75,27,181,U.C. Sampdoria,Italian Serie A,Italy,Europe,"Finesse Shot, Flair",https://cdn.sofifa.net/players/205/531/22_120.png
225161,Vallejo,Jesús Vallejo Lázaro,CB,75,24,184,Real Madrid CF,Spain Primera Division,Spain,Europe,Injury Prone,https://cdn.sofifa.net/players/225/161/22_120.png
146947,Vesga,Mikel Vesga Arruti,CM,75,28,191,Athletic Club de Bilbao,Spain Primera Division,Spain,Europe,Solid Player,https://cdn.sofifa.net/players/146/947/22_120.png
229476,W. Anton,Waldemar Anton,"CB, CDM",75,24,189,VfB Stuttgart,German 1. Bundesliga,Germany,Europe,,https://cdn.sofifa.net/players/229/476/22_120.png
243715,W. Saliba,William Alain André Gabriel Saliba,CB,75,20,192,Olympique de Marseille,French Ligue 1,France,Europe,Power Header,https://cdn.sofifa.net/players/243/715/22_120.png
221445,Wu Lei,武磊,"ST, RM, LM",75,29,174,RCD Espanyol de Barcelona,Spain Primera Division,China PR,Asia,"Solid Player, Team Player",https://cdn.sofifa.net/players/221/445/22_120.png
243627,Y. Adli,Yacine Adli,"CM, CDM",75,20,186,FC Girondins de Bordeaux,French Ligue 1,France,Europe,Long Shot Taker (AI),https://cdn.sofifa.net/players/243/627/22_120.png
234789,Y. Eteki,Yan Brice Eteki,"CDM, CM",75,23,182,Granada CF,Spain Primera Division,Cameroon,Africa,Solid Player,https://cdn.sofifa.net/players/234/789/22_120.png
237626,Y. Neyou,Yvan Neyou Noupa,"CDM, CM, CAM",75,24,180,AS Saint-Étienne,French Ligue 1,Cameroon,Africa,,https://cdn.sofifa.net/players/237/626/22_120.png
234824,Y. Wissa,Yoane Wissa,"LM, ST, LW",75,24,176,Brentford,English Premier League,Congo DR,Africa,Speed Dribbler (AI),https://cdn.sofifa.net/players/234/824/22_120.png
199247,Álex Fernández,Alejandro Fernández Iglesias,"CAM, CDM, LM",75,28,182,Cádiz CF,Spain Primera Division,Spain,Europe,"Power Free-Kick, Dives Into Tackles (AI), Leadership, Long Shot Taker (AI), Playmaker (AI)",https://cdn.sofifa.net/players/199/247/22_120.png
216447,Álvaro García,Álvaro García Rivera,"LM, RM",75,28,167,Rayo Vallecano,Spain Primera Division,Spain,Europe,"Speed Dribbler (AI), Outside Foot Shot",https://cdn.sofifa.net/players/216/447/22_120.png
173030,Ó. Trejo,Óscar Guido Trejo,"CDM, CAM, CM",75,33,180,Rayo Vallecano,Spain Primera Division,Argentina,South America,"Flair, Long Shot Taker (AI), Technical Dribbler (AI)",https://cdn.sofifa.net/players/173/030/22_120.png
239335,Óscar,Óscar Rodríguez Arnaiz,"CAM, CM, RM",75,23,174,Sevilla FC,Spain Primera Division,Spain,Europe,Long Shot Taker (AI),https://cdn.sofifa.net/players/239/335/22_120.png
189908,Ł. Skorupski,Łukasz Skorupski,GK,75,30,187,Bologna,Italian Serie A,Poland,Europe,Comes For Crosses,https://cdn.sofifa.net/players/189/908/22_120.png
253102,A. Aouchiche,Adil Aouchiche,"LM, CAM, CM",74,18,181,AS Saint-Étienne,French Ligue 1,France,Europe,Outside Foot Shot,https://cdn.sofifa.net/players/253/102/22_120.png
236636,A. Caci,Anthony Caci,"LB, LWB, CB",74,24,186,RC Strasbourg Alsace,French Ligue 1,France,Europe,Long Passer (AI),https://cdn.sofifa.net/players/236/636/22_120.png
208535,A. Duncan,Joseph Alfred Duncan,"CM, CDM",74,28,178,Fiorentina,Italian Serie A,Ghana,Africa,Long Shot Taker (AI),https://cdn.sofifa.net/players/208/535/22_120.png
247131,A. Espino,Luis Alfonso Espino García,LB,74,29,172,Cádiz CF,Spain Primera Division,Uruguay,South America,Solid Player,https://cdn.sofifa.net/players/247/131/22_120.png
205495,A. Lozano,Anthony Rubén Lozano Colón,"ST, LM",74,28,185,Cádiz CF,Spain Primera Division,Honduras,North America,Power Header,https://cdn.sofifa.net/players/205/495/22_120.png
243952,A. Lunin,Andriy Lunin,GK,74,22,192,Real Madrid CF,Spain Primera Division,Ukraine,Europe,"Rushes Out Of Goal, Saves with Feet",https://cdn.sofifa.net/players/243/952/22_120.png
237629,A. Maier,Arne Maier,"CM, CDM",74,22,186,FC Augsburg,German 1. Bundesliga,Germany,Europe,,https://cdn.sofifa.net/players/237/629/22_120.png
225410,A. Masina,Adam Masina,LB,74,27,191,Watford,English Premier League,Morocco,Africa,Dives Into Tackles (AI),https://cdn.sofifa.net/players/225/410/22_120.png
188770,A. Mehmedi,Admir Mehmedi,"CF, LM, CAM",74,30,183,VfL Wolfsburg,German 1. Bundesliga,Switzerland,Europe,Technical Dribbler (AI),https://cdn.sofifa.net/players/188/770/22_120.png
231242,A. Ounas,Adam Ounas,"RW, RM, CAM",74,24,172,Napoli,Italian Serie A,Algeria,Africa,,https://cdn.sofifa.net/players/231/242/22_120.png
218540,A. Oyongo,Ambroise Oyongo Bitolo,LB,74,30,176,Montpellier Hérault SC,French Ligue 1,Cameroon,Africa,"Long Throw-in, Speed Dribbler (AI)",https://cdn.sofifa.net/players/218/540/22_120.png
233934,A. Ramsdale,Aaron Ramsdale,GK,74,23,188,Arsenal,English Premier League,England,Europe,"Solid Player, Comes For Crosses",https://cdn.sofifa.net/players/233/934/22_120.png
182168,A. Ranocchia,Andrea Ranocchia,CB,74,33,195,Inter,Italian Serie A,Italy,Europe,"Solid Player, Power Header",https://cdn.sofifa.net/players/182/168/22_120.png
219932,A. Sanabria,Arnaldo Antonio Sanabria Ayala,ST,74,25,181,Torino F.C.,Italian Serie A,Paraguay,South America,Speed Dribbler (AI),https://cdn.sofifa.net/players/219/932/22_120.png
193470,A. Souquet,Arnaud Souquet,RB,74,29,179,Montpellier Hérault SC,French Ligue 1,France,Europe,Long Throw-in,https://cdn.sofifa.net/players/193/470/22_120.png
227873,A. Touré,Almamy Touré,"RWB, CB, RM",74,25,183,Eintracht Frankfurt,German 1. Bundesliga,France,Europe,Injury Prone,https://cdn.sofifa.net/players/227/873/22_120.png
231485,A. Tuanzebe,Axel Tuanzebe,CB,74,23,185,Aston Villa,English Premier League,England,Europe,Injury Prone,https://cdn.sofifa.net/players/231/485/22_120.png
244274,A. Šemper,Adrian Šemper,GK,74,23,194,Genoa,Italian Serie A,Croatia,Europe,Solid Player,https://cdn.sofifa.net/players/244/274/22_120.png
236295,Aarón,Aarón Martín Caricol,"LB, LWB, LM",74,24,178,1. FSV Mainz 05,German 1. Bundesliga,Spain,Europe,"Dives Into Tackles (AI), Early Crosser",https://cdn.sofifa.net/players/236/295/22_120.png
194911,Adrián,Adrián San Miguel del Castillo,GK,74,34,190,Liverpool,English Premier League,Spain,Europe,Saves with Feet,https://cdn.sofifa.net/players/194/911/22_120.png
246748,Aihen Muñoz,Aihen Muñoz Capellán,LB,74,23,175,Real Sociedad,Spain Primera Division,Spain,Europe,,https://cdn.sofifa.net/players/246/748/22_120.png
241867,Aitor Ruibal,Aitor Ruibal García,"RM, ST, RWB",74,25,176,Real Betis Balompié,Spain Primera Division,Spain,Europe,,https://cdn.sofifa.net/players/241/867/22_120.png
190982,Alberto Perea,Alberto Perea Correoso,LM,74,30,177,Cádiz CF,Spain Primera Division,Spain,Europe,Injury Prone,https://cdn.sofifa.net/players/190/982/22_120.png
233113,Aleñá,Carles Aleñá Castillo,"CM, RM, CAM",74,23,180,Getafe CF,Spain Primera Division,Spain,Europe,"Flair, Long Shot Taker (AI), Technical Dribbler (AI)",https://cdn.sofifa.net/players/233/113/22_120.png
243014,B. Mbeumo,Bryan Mbeumo,"RW, ST, CF",74,21,171,Brentford,English Premier League,France,Europe,Speed Dribbler (AI),https://cdn.sofifa.net/players/243/014/22_120.png
193091,B. Nuytinck,Bram Nuytinck,CB,74,31,190,Udinese Calcio,Italian Serie A,Netherlands,Europe,"Leadership, Power Header",https://cdn.sofifa.net/players/193/091/22_120.png
246672,Barrenetxea,Ander Barrenetxea Muguruza,"LW, ST, RW",74,19,175,Real Sociedad,Spain Primera Division,Spain,Europe,"Outside Foot Shot, Technical Dribbler (AI)",https://cdn.sofifa.net/players/246/672/22_120.png
251892,Beto,Norberto Bercique Gomes Betuncal,ST,74,23,194,Udinese Calcio,Italian Serie A,Portugal,Europe,,https://cdn.sofifa.net/players/251/892/22_120.png
238216,C. Gallagher,Conor Gallagher,CM,74,21,182,Crystal Palace,English Premier League,England,Europe,,https://cdn.sofifa.net/players/238/216/22_120.png
192991,C. Tosun,Cenk Tosun,ST,74,30,183,Everton,English Premier League,Turkey,Europe,Power Header,https://cdn.sofifa.net/players/192/991/22_120.png
256948,C. Tzolis,Christos Tzolis,"LM, RM, ST",74,19,179,Norwich City,English Premier League,Greece,Europe,Speed Dribbler (AI),https://cdn.sofifa.net/players/256/948/22_120.png
236457,D. Giannoulis,Dimitris Giannoulis,"LB, LWB",74,25,178,Norwich City,English Premier League,Greece,Europe,"Early Crosser, Speed Dribbler (AI)",https://cdn.sofifa.net/players/236/457/22_120.png
206198,D. Heintz,Dominique Heintz,CB,74,27,190,Sport-Club Freiburg,German 1. Bundesliga,Germany,Europe,"Solid Player, Long Passer (AI)",https://cdn.sofifa.net/players/206/198/22_120.png
237995,D. Lainez,Diego Lainez Leyva,"RM, CM, CAM",74,21,168,Real Betis Balompié,Spain Primera Division,Mexico,North America,"Injury Prone, Technical Dribbler (AI)",https://cdn.sofifa.net/players/237/995/22_120.png
235042,D. Liénard,Dimitri Liénard,"CM, CDM, LM",74,33,181,RC Strasbourg Alsace,French Ligue 1,France,Europe,"Leadership, Long Shot Taker (AI), Team Player",https://cdn.sofifa.net/players/235/042/22_120.png
189484,D. Santon,Davide Santon,"RWB, RB",74,30,187,Roma,Italian Serie A,Italy,Europe,,https://cdn.sofifa.net/players/189/484/22_120.png
225844,D. Verde,Daniele Verde,"RW, LW, ST",74,25,168,Spezia,Italian Serie A,Italy,Europe,"Power Free-Kick, Flair, Long Shot Taker (AI), Technical Dribbler (AI)",https://cdn.sofifa.net/players/225/844/22_120.png
207998,D. Ward,Danny Ward,GK,74,28,191,Leicester City,English Premier League,Wales,Europe,,https://cdn.sofifa.net/players/207/998/22_120.png
235899,D. Zeefuik,Deyovaisio Zeefuik,"RB, RWB",74,23,177,Hertha BSC,German 1. Bundesliga,Netherlands,Europe,,https://cdn.sofifa.net/players/235/899/22_120.png
255687,D. Zima,David Zima,CB,74,20,190,Torino F.C.,Italian Serie A,Czech Republic,Europe,,https://cdn.sofifa.net/players/255/687/22_120.png
220901,David Raya,David Raya Martin,GK,74,25,183,Brentford,English Premier League,Spain,Europe,"Rushes Out Of Goal, Comes For Crosses",https://cdn.sofifa.net/players/220/901/22_120.png
238900,E. Demirović,Ermedin Demirović,ST,74,23,185,Sport-Club Freiburg,German 1. Bundesliga,Bosnia and Herzegovina,Europe,,https://cdn.sofifa.net/players/238/900/22_120.png
239015,E. Dennis,Emmanuel Bonaventure Dennis,"ST, RW, LW",74,23,175,Watford,English Premier League,Nigeria,Africa,Technical Dribbler (AI),https://cdn.sofifa.net/players/239/015/22_120.png
207920,E. Durm,Erik Durm,"RWB, RM",74,29,183,Eintracht Frankfurt,German 1. Bundesliga,Germany,Europe,"Injury Prone, Speed Dribbler (AI)",https://cdn.sofifa.net/players/207/920/22_120.png
236988,E. Nketiah,Edward Nketiah,ST,74,22,175,Arsenal,English Premier League,England,Europe,,https://cdn.sofifa.net/players/236/988/22_120.png
178567,E. Pieters,Erik Pieters,"LB, LM",74,32,183,Burnley,English Premier League,Netherlands,Europe,Early Crosser,https://cdn.sofifa.net/players/178/567/22_120.png
238717,E. Pinnock,Ethan Pinnock,CB,74,28,194,Brentford,English Premier League,Jamaica,North America,"Dives Into Tackles (AI), Long Passer (AI), Power Header",https://cdn.sofifa.net/players/238/717/22_120.png
210964,F. Ceccherini,Federico Ceccherini,CB,74,29,187,Hellas Verona,Italian Serie A,Italy,Europe,,https://cdn.sofifa.net/players/210/964/22_120.png
201269,F. Rønnow,Frederik Riis Rønnow,GK,74,28,190,1. FC Union Berlin,German 1. Bundesliga,Denmark,Europe,Rushes Out Of Goal,https://cdn.sofifa.net/players/201/269/22_120.png
227232,F. Sotoca,Florian Sotoca,ST,74,30,187,Racing Club de Lens,French Ligue 1,France,Europe,"Solid Player, Power Header",https://cdn.sofifa.net/players/227/232/22_120.png
222514,F. Woodman,Freddie Woodman,GK,74,24,190,Newcastle United,English Premier League,England,Europe,,https://cdn.sofifa.net/players/222/514/22_120.png
189172,Fidel,Fidel Chaves de la Torre,"LM, CM, LWB",74,31,180,Elche CF,Spain Primera Division,Spain,Europe,Technical Dribbler (AI),https://cdn.sofifa.net/players/189/172/22_120.png
234569,Florentino,Florentino Ibrain Morris Luís,"CDM, CM",74,21,184,Getafe CF,Spain Primera Division,Portugal,Europe,Dives Into Tackles (AI),https://cdn.sofifa.net/players/234/569/22_120.png
183520,Fran Mérida,Francisco Mérida Pérez,"CDM, CM, CAM",74,31,173,RCD Espanyol de Barcelona,Spain Primera Division,Spain,Europe,"Power Free-Kick, Long Shot Taker (AI)",https://cdn.sofifa.net/players/183/520/22_120.png
217648,G. Haraguchi,原口 元気,"CAM, CM, LM",74,30,179,1. FC Union Berlin,German 1. Bundesliga,Japan,Asia,Playmaker (AI),https://cdn.sofifa.net/players/217/648/22_120.png
193532,G. Medel,Gary Alexis Medel Soto,"CDM, CB",74,33,171,Bologna,Italian Serie A,Chile,South America,Dives Into Tackles (AI),https://cdn.sofifa.net/players/193/532/22_120.png
137506,G. Pandev,Goran Pandev,"ST, RW",74,37,184,Genoa,Italian Serie A,North Macedonia,Europe,"Finesse Shot, Outside Foot Shot, Technical Dribbler (AI)",https://cdn.sofifa.net/players/137/506/22_120.png
253002,G. Raspadori,Giacomo Raspadori,ST,74,21,172,U.S. Sassuolo Calcio,Italian Serie A,Italy,Europe,"Flair, Technical Dribbler (AI)",https://cdn.sofifa.net/players/253/002/22_120.png
226710,G. Scamacca,Gianluca Scamacca,ST,74,22,195,U.S. Sassuolo Calcio,Italian Serie A,Italy,Europe,Power Header,https://cdn.sofifa.net/players/226/710/22_120.png
212911,Hernâni,Hernâni Jorge Santos Fortes,"RM, LM",74,29,179,Levante Unión Deportiva,Spain Primera Division,Portugal,Europe,"Flair, Speed Dribbler (AI)",https://cdn.sofifa.net/players/212/911/22_120.png
221743,Hélder Costa,Hélder Wander Sousa Azevedo Costa,"RM, RW, LM",74,27,179,Valencia CF,Spain Primera Division,Portugal,Europe,"Finesse Shot, Flair, Speed Dribbler (AI)",https://cdn.sofifa.net/players/221/743/22_120.png
203581,I. Balliu,Iván Balliu Campeny,RB,74,29,174,Rayo Vallecano,Spain Primera Division,Albania,Europe,"Early Crosser, Speed Dribbler (AI)",https://cdn.sofifa.net/players/203/581/22_120.png
194728,I. Belfodil,Ishak Belfodil,ST,74,29,192,Hertha BSC,German 1. Bundesliga,Algeria,Africa,"Flair, Outside Foot Shot, Technical Dribbler (AI)",https://cdn.sofifa.net/players/194/728/22_120.png
241130,I. Ganago,Ignatius Kpene Ganago,"ST, RW, LW",74,22,179,Racing Club de Lens,French Ligue 1,Cameroon,Africa,Finesse Shot,https://cdn.sofifa.net/players/241/130/22_120.png
224987,I. Provedel,Ivan Provedel,GK,74,27,192,Spezia,Italian Serie A,Italy,Europe,Comes For Crosses,https://cdn.sofifa.net/players/224/987/22_120.png
219536,I. Pussetto,Ignacio Pussetto,"ST, RM",74,25,180,Udinese Calcio,Italian Serie A,Argentina,South America,Long Passer (AI),https://cdn.sofifa.net/players/219/536/22_120.png
186589,I. Radovanović,Ivan Radovanović,"CB, CDM, CM",74,32,187,Genoa,Italian Serie A,Serbia,Europe,Long Shot Taker (AI),https://cdn.sofifa.net/players/186/589/22_120.png
196942,Iñigo Pérez,Iñigo Pérez Soto,"CDM, CM, LM",74,33,178,CA Osasuna,Spain Primera Division,Spain,Europe,Long Shot Taker (AI),https://cdn.sofifa.net/players/196/942/22_120.png
230021,J. Aidoo,Joseph Aidoo,CB,74,25,184,RC Celta de Vigo,Spain Primera Division,Ghana,Africa,,https://cdn.sofifa.net/players/230/021/22_120.png
231361,J. Gnagnon,Joris Gnagnon,CB,74,24,182,Sevilla FC,Spain Primera Division,France,Europe,Power Header,https://cdn.sofifa.net/players/231/361/22_120.png
200478,J. Hendrick,Jeff Patrick Hendrick,"CM, RM",74,29,185,Newcastle United,English Premier League,Republic of Ireland,Europe,Outside Foot Shot,https://cdn.sofifa.net/players/200/478/22_120.png
226592,J. Jankto,Jakub Jankto,"LM, CM",74,25,180,Getafe CF,Spain Primera Division,Czech Republic,Europe,Speed Dribbler (AI),https://cdn.sofifa.net/players/226/592/22_120.png
224263,J. Kenny,Jonjoe Kenny,"RB, RWB",74,24,176,Everton,English Premier League,England,Europe,Dives Into Tackles (AI),https://cdn.sofifa.net/players/224/263/22_120.png
234686,J. Lotomba,Jordan Lotomba,"RB, LB",74,22,177,OGC Nice,French Ligue 1,Switzerland,Europe,,https://cdn.sofifa.net/players/234/686/22_120.png
214026,J. Mojica,Johan Andrés Mojica Palacio,"LB, LM, LWB",74,28,185,Elche CF,Spain Primera Division,Colombia,South America,Speed Dribbler (AI),https://cdn.sofifa.net/players/214/026/22_120.png
169792,J. Rodriguez,Jay Rodriguez,ST,74,31,185,Burnley,English Premier League,England,Europe,Long Shot Taker (AI),https://cdn.sofifa.net/players/169/792/22_120.png
215322,J. Silva,Jonathan Cristian Silva,"LB, LWB, CB",74,27,179,Getafe CF,Spain Primera Division,Argentina,South America,"Long Throw-in, Early Crosser",https://cdn.sofifa.net/players/215/322/22_120.png
202697,J. Stephens,Jack Stephens,CB,74,27,185,Southampton,English Premier League,England,Europe,"Solid Player, Long Passer (AI)",https://cdn.sofifa.net/players/202/697/22_120.png
236600,J. Tanganga,Japhet Tanganga,"RB, CB, LB",74,22,180,Tottenham Hotspur,English Premier League,England,Europe,"Dives Into Tackles (AI), Team Player",https://cdn.sofifa.net/players/236/600/22_120.png
186392,J. Ward,Joel Ward,RB,74,31,188,Crystal Palace,English Premier League,England,Europe,,https://cdn.sofifa.net/players/186/392/22_120.png
251217,Jean Lucas,Jean Lucas de Souza Oliveira,"CM, CDM",74,23,181,AS Monaco,French Ligue 1,Brazil,South America,Long Shot Taker (AI),https://cdn.sofifa.net/players/251/217/22_120.png
223334,Joelinton,Joelinton Cassio Apolinário de Lira,"ST, LM",74,24,186,Newcastle United,English Premier League,Brazil,South America,"Long Shot Taker (AI), Technical Dribbler (AI)",https://cdn.sofifa.net/players/223/334/22_120.png
229359,Jorge Miramón,Jorge Miramón Santagertrudis,"RB, RWB",74,32,175,Levante Unión Deportiva,Spain Primera Division,Spain,Europe,Early Crosser,https://cdn.sofifa.net/players/229/359/22_120.png
186519,Juan Cala,Juan Torres Ruiz,CB,74,31,185,Cádiz CF,Spain Primera Division,Spain,Europe,"Long Throw-in, Leadership, Long Passer (AI)",https://cdn.sofifa.net/players/186/519/22_120.png
240938,Junior Messias,Junior Walter Messias,"CAM, CF, CM",74,30,179,AC Milan,Italian Serie A,Brazil,South America,"Speed Dribbler (AI), Team Player",https://cdn.sofifa.net/players/240/938/22_120.png
211856,K. Akpoguma,Kevin John Ufuoma Akpoguma,"CB, RB",74,26,192,TSG Hoffenheim,German 1. Bundesliga,Nigeria,Africa,Dives Into Tackles (AI),https://cdn.sofifa.net/players/211/856/22_120.png
224933,K. Lasagna,Kevin Lasagna,ST,74,28,186,Hellas Verona,Italian Serie A,Italy,Europe,"Flair, Speed Dribbler (AI)",https://cdn.sofifa.net/players/224/933/22_120.png
211408,K. Linetty,Karol Linetty,CM,74,26,176,Torino F.C.,Italian Serie A,Poland,Europe,Long Shot Taker (AI),https://cdn.sofifa.net/players/211/408/22_120.png
198949,K. Malcuit,Kévin Malcuit,RB,74,29,178,Napoli,Italian Serie A,France,Europe,,https://cdn.sofifa.net/players/198/949/22_120.png
205193,K. Rekik,Karim Rekik,"CB, LB",74,26,186,Sevilla FC,Spain Primera Division,Netherlands,Europe,Dives Into Tackles (AI),https://cdn.sofifa.net/players/205/193/22_120.png
247246,K. Thuram,Khéphren Thuram-Ulien,"CDM, CM",74,20,192,OGC Nice,French Ligue 1,France,Europe,"Solid Player, Technical Dribbler (AI)",https://cdn.sofifa.net/players/247/246/22_120.png
232223,K. Tsimikas,Konstantinos Tsimikas,"LB, LWB",74,25,179,Liverpool,English Premier League,Greece,Europe,Speed Dribbler (AI),https://cdn.sofifa.net/players/232/223/22_120.png
243780,Kangin Lee,이강인 Kang-In Lee,"ST, CAM, RM",74,20,173,RCD Mallorca,Spain Primera Division,Korea Republic,Asia,"Long Shot Taker (AI), Technical Dribbler (AI)",https://cdn.sofifa.net/players/243/780/22_120.png
255106,L. Badé,Loïc Badé,CB,74,21,191,Stade Rennais FC,French Ligue 1,France,Europe,Long Passer (AI),https://cdn.sofifa.net/players/255/106/22_120.png
242835,L. Balerdi,Leonardo Julián Balerdi Rossa,CB,74,22,187,Olympique de Marseille,French Ligue 1,Argentina,South America,Power Header,https://cdn.sofifa.net/players/242/835/22_120.png
222041,L. Boyé,Lucas Ariel Boyé,"ST, LW, CAM",74,25,183,Elche CF,Spain Primera Division,Argentina,South America,Flair,https://cdn.sofifa.net/players/222/041/22_120.png
231745,L. Dimata,Landry Nany Dimata,ST,74,23,185,RCD Espanyol de Barcelona,Spain Primera Division,Belgium,Europe,Injury Prone,https://cdn.sofifa.net/players/231/745/22_120.png
215363,L. Montipò,Lorenzo Montipò,GK,74,25,191,Hellas Verona,Italian Serie A,Italy,Europe,,https://cdn.sofifa.net/players/215/363/22_120.png
230084,L. Nmecha,Lukas Nmecha,ST,74,22,185,VfL Wolfsburg,German 1. Bundesliga,Germany,Europe,"Solid Player, Flair, Outside Foot Shot, Technical Dribbler (AI)",https://cdn.sofifa.net/players/230/084/22_120.png
243237,L. Pellegrini,Luca Pellegrini,LB,74,22,178,Juventus,Italian Serie A,Italy,Europe,Long Passer (AI),https://cdn.sofifa.net/players/243/237/22_120.png
225523,Lekue,Íñigo Lekue Martínez,"RB, RM, LM",74,28,180,Athletic Club de Bilbao,Spain Primera Division,Spain,Europe,Early Crosser,https://cdn.sofifa.net/players/225/523/22_120.png
208137,Lucas Torró,Lucas Torró Marset,"CDM, CM",74,26,190,CA Osasuna,Spain Primera Division,Spain,Europe,,https://cdn.sofifa.net/players/208/137/22_120.png
256632,Luis Henrique,Luis Henrique Tomaz de Lima,"RW, LM",74,19,181,Olympique de Marseille,French Ligue 1,Brazil,South America,Speed Dribbler (AI),https://cdn.sofifa.net/players/256/632/22_120.png
226085,Léo Jardim,Leonardo César Jardim,GK,74,26,188,LOSC Lille,French Ligue 1,Brazil,South America,,https://cdn.sofifa.net/players/226/085/22_120.png
239368,M. Bakker,Mitchel Bakker,LB,74,21,185,Bayer 04 Leverkusen,German 1. Bundesliga,Netherlands,Europe,Solid Player,https://cdn.sofifa.net/players/239/368/22_120.png
231236,M. Cafaro,Mathieu Cafaro,"LM, RM, CM",74,24,178,Stade de Reims,French Ligue 1,France,Europe,"Long Shot Taker (AI), Outside Foot Shot",https://cdn.sofifa.net/players/231/236/22_120.png
193338,M. Destro,Mattia Destro,ST,74,30,182,Genoa,Italian Serie A,Italy,Europe,Injury Prone,https://cdn.sofifa.net/players/193/338/22_120.png
237560,M. Djenepo,Moussa Djenepo,"LM, RM",74,23,177,Southampton,English Premier League,Mali,Africa,"Flair, Speed Dribbler (AI), Technical Dribbler (AI)",https://cdn.sofifa.net/players/237/560/22_120.png
229723,M. Jensen,Mathias Jensen,CM,74,25,180,Brentford,English Premier League,Denmark,Europe,"Long Passer (AI), Playmaker (AI)",https://cdn.sofifa.net/players/229/723/22_120.png
184037,M. Kelly,Martin Kelly,"CB, RB",74,31,191,Crystal Palace,English Premier League,England,Europe,,https://cdn.sofifa.net/players/184/037/22_120.png
227647,M. Mittelstädt,Maximilian Mittelstädt,"LB, LM",74,24,180,Hertha BSC,German 1. Bundesliga,Germany,Europe,Early Crosser,https://cdn.sofifa.net/players/227/647/22_120.png
205362,M. Nastasić,Matija Nastasić,CB,74,28,188,Fiorentina,Italian Serie A,Serbia,Europe,Injury Prone,https://cdn.sofifa.net/players/205/362/22_120.png
233061,M. Pereira Lage,Mathias Pereira Lage,"LM, RM, CM",74,24,180,Angers SCO,French Ligue 1,Portugal,Europe,"Playmaker (AI), Technical Dribbler (AI)",https://cdn.sofifa.net/players/233/061/22_120.png
192557,M. Plattenhardt,Marvin Plattenhardt,LB,74,29,181,Hertha BSC,German 1. Bundesliga,Germany,Europe,"Long Throw-in, Early Crosser",https://cdn.sofifa.net/players/192/557/22_120.png
210475,M. Prietl,Manuel Prietl,"CDM, CM, CB",74,29,187,DSC Arminia Bielefeld,German 1. Bundesliga,Austria,Europe,Dives Into Tackles (AI),https://cdn.sofifa.net/players/210/475/22_120.png
238068,M. Richter,Marco Richter,"RM, CAM, LM",74,23,176,Hertha BSC,German 1. Bundesliga,Germany,Europe,"Long Shot Taker (AI), Speed Dribbler (AI)",https://cdn.sofifa.net/players/238/068/22_120.png
199339,M. Riemann,Manuel Riemann,GK,74,32,186,VfL Bochum 1848,German 1. Bundesliga,Germany,Europe,"Leadership, Rushes Out Of Goal, Comes For Crosses",https://cdn.sofifa.net/players/199/339/22_120.png
240223,M. Ristić,Mihailo Ristić,LB,74,25,180,Montpellier Hérault SC,French Ligue 1,Serbia,Europe,,https://cdn.sofifa.net/players/240/223/22_120.png
186395,M. Ritchie,Matt Ritchie,LWB,74,31,172,Newcastle United,English Premier League,Scotland,Europe,"Flair, Long Shot Taker (AI), Technical Dribbler (AI)",https://cdn.sofifa.net/players/186/395/22_120.png
236311,M. Rog,Marko Rog,"CM, CDM",74,25,180,Cagliari,Italian Serie A,Croatia,Europe,Speed Dribbler (AI),https://cdn.sofifa.net/players/236/311/22_120.png
240976,M. Saracchi,Marcelo Josemir Saracchi Pintos,LB,74,23,172,RB Leipzig,German 1. Bundesliga,Uruguay,South America,"Long Throw-in, Speed Dribbler (AI)",https://cdn.sofifa.net/players/240/976/22_120.png
235454,M. Sarr,Malang Sarr,"CB, LB",74,22,182,Chelsea,English Premier League,France,Europe,,https://cdn.sofifa.net/players/235/454/22_120.png
225706,M. Trauco,Miguel Ángel Trauco Saavedra,"LB, LWB",74,28,175,AS Saint-Étienne,French Ligue 1,Peru,South America,,https://cdn.sofifa.net/players/225/706/22_120.png
219585,M. Valjent,Martin Valjent,CB,74,25,187,RCD Mallorca,Spain Primera Division,Slovakia,Europe,,https://cdn.sofifa.net/players/219/585/22_120.png
198331,M. Vydra,Matěj Vydra,"CF, CAM, ST",74,29,180,Burnley,English Premier League,Czech Republic,Europe,,https://cdn.sofifa.net/players/198/331/22_120.png
210972,Manquillo,Javier Manquillo Gaitán,"RB, RWB, LB",74,27,178,Newcastle United,English Premier League,Spain,Europe,Injury Prone,https://cdn.sofifa.net/players/210/972/22_120.png
225562,Merquelanz,Martín Merquelanz Castellanos,"LM, RM, CAM",74,26,176,Rayo Vallecano,Spain Primera Division,Spain,Europe,"Finesse Shot, Long Shot Taker (AI)",https://cdn.sofifa.net/players/225/562/22_120.png
193440,N. Viergever,Nick Viergever,"CB, LB",74,31,183,SpVgg Greuther Fürth,German 1. Bundesliga,Netherlands,Europe,"Dives Into Tackles (AI), Team Player",https://cdn.sofifa.net/players/193/440/22_120.png
252837,Nico Melamed,Nicolás Melamed Ribaudo,"LM, CAM, RM",74,20,173,RCD Espanyol de Barcelona,Spain Primera Division,Spain,Europe,"Finesse Shot, Flair, Playmaker (AI), Technical Dribbler (AI)",https://cdn.sofifa.net/players/252/837/22_120.png
224656,O. Aina,Temitayo Olufisayo Olaoluwa Aina,"RB, CB",74,24,184,Torino F.C.,Italian Serie A,Nigeria,Africa,Long Throw-in,https://cdn.sofifa.net/players/224/656/22_120.png
240359,O. Alderete,Omar Federico Alderete Fernández,CB,74,24,188,Valencia CF,Spain Primera Division,Paraguay,South America,Power Header,https://cdn.sofifa.net/players/240/359/22_120.png
226536,O. Colley,Omar Colley,CB,74,28,191,U.C. Sampdoria,Italian Serie A,Gambia,Africa,,https://cdn.sofifa.net/players/226/536/22_120.png
211099,O. Nguette,Opa Nguette,"LW, RW, ST",74,26,182,FC Metz,French Ligue 1,Senegal,Africa,"Injury Prone, Technical Dribbler (AI)",https://cdn.sofifa.net/players/211/099/22_120.png
235026,O. Richards,Omar Tyrell Crawford Richards,"LB, LWB",74,23,174,FC Bayern München,German 1. Bundesliga,England,Europe,Dives Into Tackles (AI),https://cdn.sofifa.net/players/235/026/22_120.png
183141,Oier,Oier Olazábal Paredes,GK,74,31,190,RCD Espanyol de Barcelona,Spain Primera Division,Spain,Europe,,https://cdn.sofifa.net/players/183/141/22_120.png
208620,Omar Mascarell,Omar Mascarell González,"CDM, CM",74,28,181,Elche CF,Spain Primera Division,Spain,Europe,"Injury Prone, Dives Into Tackles (AI), Long Passer (AI), Team Player",https://cdn.sofifa.net/players/208/620/22_120.png
231640,Ontiveros,Javier Ontiveros Parra,"LM, LW",74,23,172,CA Osasuna,Spain Primera Division,Spain,Europe,"Finesse Shot, Flair, Long Shot Taker (AI)",https://cdn.sofifa.net/players/231/640/22_120.png
178031,P. Baysse,Paul Baysse,CB,74,33,185,FC Girondins de Bordeaux,French Ligue 1,France,Europe,"Power Header, Team Player",https://cdn.sofifa.net/players/178/031/22_120.png
204355,P. Dummett,Paul Dummett,"CB, LB",74,29,183,Newcastle United,English Premier League,Wales,Europe,"Injury Prone, Early Crosser, Long Passer (AI)",https://cdn.sofifa.net/players/204/355/22_120.png
198077,P. Herrmann,Patrick Herrmann,"RM, RW",74,30,179,Borussia Mönchengladbach,German 1. Bundesliga,Germany,Europe,"Dives Into Tackles (AI), Team Player",https://cdn.sofifa.net/players/198/077/22_120.png
194957,P. Jones,Phil Jones,CB,74,29,185,Manchester United,English Premier League,England,Europe,"Injury Prone, Dives Into Tackles (AI)",https://cdn.sofifa.net/players/194/957/22_120.png
190854,P. Pekarík,Peter Pekarík,RB,74,34,177,Hertha BSC,German 1. Bundesliga,Slovakia,Europe,"Early Crosser, Team Player",https://cdn.sofifa.net/players/190/854/22_120.png
199909,P. Pervan,Pavao Pervan,GK,74,33,194,VfL Wolfsburg,German 1. Bundesliga,Austria,Europe,,https://cdn.sofifa.net/players/199/909/22_120.png
239360,P. Struijk,Pascal Struijk,"CB, CDM",74,21,190,Leeds United,English Premier League,Netherlands,Europe,Long Passer (AI),https://cdn.sofifa.net/players/239/360/22_120.png
206098,Patric,Patricio Gabarrón Gil,"CB, RB, RM",74,28,184,Lazio,Italian Serie A,Spain,Europe,,https://cdn.sofifa.net/players/206/098/22_120.png
225926,Pere Milla,Pere Milla Peña,"ST, CAM, LM",74,28,184,Elche CF,Spain Primera Division,Spain,Europe,"Finesse Shot, Speed Dribbler (AI)",https://cdn.sofifa.net/players/225/926/22_120.png
188388,R. Boudebouz,Ryad Boudebouz,"CAM, RM",74,31,177,AS Saint-Étienne,French Ligue 1,Algeria,Africa,"Flair, Technical Dribbler (AI)",https://cdn.sofifa.net/players/188/388/22_120.png
224494,R. Henry,Rico Henry,"LB, LWB",74,23,170,Brentford,English Premier League,England,Europe,Speed Dribbler (AI),https://cdn.sofifa.net/players/224/494/22_120.png
211999,R. Khedira,Rani Khedira,"CDM, CB",74,27,188,1. FC Union Berlin,German 1. Bundesliga,Germany,Europe,Dives Into Tackles (AI),https://cdn.sofifa.net/players/211/999/22_120.png
237679,R. Kolo Muani,Randal Kolo Muani,"ST, RW, LW",74,22,187,FC Nantes,French Ligue 1,France,Europe,,https://cdn.sofifa.net/players/237/679/22_120.png
235813,R. Marin,Răzvan Gabriel Marin,CM,74,25,178,Cagliari,Italian Serie A,Romania,Europe,Long Shot Taker (AI),https://cdn.sofifa.net/players/235/813/22_120.png
233265,R. Oudin,Rémi Oudin,"RM, LM",74,24,186,FC Girondins de Bordeaux,French Ligue 1,France,Europe,"Solid Player, Finesse Shot, Long Shot Taker (AI), Outside Foot Shot",https://cdn.sofifa.net/players/233/265/22_120.png
224251,R. Zentner,Robin Zentner,GK,74,26,194,1. FSV Mainz 05,German 1. Bundesliga,Germany,Europe,"Leadership, Comes For Crosses",https://cdn.sofifa.net/players/224/251/22_120.png
238621,Rodrigo Becão,Rodrigo Nascimento França,CB,74,25,191,Udinese Calcio,Italian Serie A,Brazil,South America,"Leadership, Power Header",https://cdn.sofifa.net/players/238/621/22_120.png
208622,Rubén Sobrino,Rubén Sobrino Pozuelo,"ST, RM",74,29,185,Cádiz CF,Spain Primera Division,Spain,Europe,Speed Dribbler (AI),https://cdn.sofifa.net/players/208/622/22_120.png
218534,S. Adamyan,Sargis Adamyan,"CAM, ST, LM",74,28,184,TSG Hoffenheim,German 1. Bundesliga,Armenia,Europe,"Flair, Technical Dribbler (AI)",https://cdn.sofifa.net/players/218/534/22_120.png
207562,S. Andersson,Sebastian Andersson,ST,74,29,190,1. FC Köln,German 1. Bundesliga,Sweden,Europe,Injury Prone,https://cdn.sofifa.net/players/207/562/22_120.png
232244,S. Ascacíbar,Santiago Lionel Ascacíbar,"CDM, CM",74,24,168,Hertha BSC,German 1. Bundesliga,Argentina,South America,Dives Into Tackles (AI),https://cdn.sofifa.net/players/232/244/22_120.png
198352,S. Bell,Stefan Bell,CB,74,29,192,1. FSV Mainz 05,German 1. Bundesliga,Germany,Europe,"Long Passer (AI), Team Player",https://cdn.sofifa.net/players/198/352/22_120.png
211381,S. Boufal,Sofiane Boufal,"LM, LW",74,27,175,Angers SCO,French Ligue 1,Morocco,Africa,"Finesse Shot, Flair, Technical Dribbler (AI)",https://cdn.sofifa.net/players/211/381/22_120.png
237207,S. Kalu,Samuel Kalu Ojim,"LM, RM",74,23,177,FC Girondins de Bordeaux,French Ligue 1,Nigeria,Africa,"Speed Dribbler (AI), Technical Dribbler (AI)",https://cdn.sofifa.net/players/237/207/22_120.png
236498,S. Lammers,Sam Lammers,ST,74,24,191,Eintracht Frankfurt,German 1. Bundesliga,Netherlands,Europe,"Finesse Shot, Outside Foot Shot, Technical Dribbler (AI)",https://cdn.sofifa.net/players/236/498/22_120.png
224883,S. Mounié,Steve Michel Mounié,ST,74,26,190,Stade Brestois 29,French Ligue 1,Benin,Africa,Power Header,https://cdn.sofifa.net/players/224/883/22_120.png
219496,Simy,Simeon Tochukwu Nwankwo,ST,74,29,198,US Salernitana 1919,Italian Serie A,Nigeria,Africa,"Power Header, Team Player",https://cdn.sofifa.net/players/219/496/22_120.png
230978,T. Awoniyi,Taiwo Michael Awoniyi,"ST, RW",74,23,183,1. FC Union Berlin,German 1. Bundesliga,Nigeria,Africa,,https://cdn.sofifa.net/players/230/978/22_120.png
245275,T. Bašić,Toma Bašić,"CM, CDM",74,24,190,Lazio,Italian Serie A,Croatia,Europe,"Long Shot Taker (AI), Playmaker (AI)",https://cdn.sofifa.net/players/245/275/22_120.png
189725,T. Cleverley,Tom Cleverley,"CM, CAM",74,31,175,Watford,English Premier League,England,Europe,"Injury Prone, Leadership",https://cdn.sofifa.net/players/189/725/22_120.png
231835,T. Henry,Thomas Henry,ST,74,26,192,Venezia FC,Italian Serie A,France,Europe,"Solid Player, Power Header",https://cdn.sofifa.net/players/231/835/22_120.png
242418,T. Lamptey,Tariq Lamptey,"RWB, RB",74,20,163,Brighton & Hove Albion,English Premier League,England,Europe,Speed Dribbler (AI),https://cdn.sofifa.net/players/242/418/22_120.png
178160,T. Mangani,Thomas Mangani,"CM, CDM",74,34,183,Angers SCO,French Ligue 1,France,Europe,"Leadership, Long Shot Taker (AI), Outside Foot Shot",https://cdn.sofifa.net/players/178/160/22_120.png
255000,T. Moffi,Terem Igobor Moffi,ST,74,22,188,FC Lorient,French Ligue 1,Nigeria,Africa,Finesse Shot,https://cdn.sofifa.net/players/255/000/22_120.png
207894,T. Strobl,Tobias Strobl,"CDM, CB",74,31,188,FC Augsburg,German 1. Bundesliga,Germany,Europe,Long Passer (AI),https://cdn.sofifa.net/players/207/894/22_120.png
241496,T. Weah,Timothy Tarpeh Weah,"ST, RM",74,21,183,LOSC Lille,French Ligue 1,United States,North America,"Flair, Outside Foot Shot",https://cdn.sofifa.net/players/241/496/22_120.png
247832,Thierry Correia,Thierry Rendall Correia,"RB, RWB",74,22,176,Valencia CF,Spain Primera Division,Portugal,Europe,Speed Dribbler (AI),https://cdn.sofifa.net/players/247/832/22_120.png
252339,Tiago Djaló,Tiago Emanuel Embaló Djaló,CB,74,21,190,LOSC Lille,French Ligue 1,Portugal,Europe,,https://cdn.sofifa.net/players/252/339/22_120.png
191783,V. Berisha,Valon Berisha,"CM, CDM",74,28,176,Stade de Reims,French Ligue 1,Kosovo,Europe,"Solid Player, Long Passer (AI), Playmaker (AI)",https://cdn.sofifa.net/players/191/783/22_120.png
189946,V. Manceau,Vincent Manceau,"RB, LB, CB",74,31,176,Angers SCO,French Ligue 1,France,Europe,"Injury Prone, Early Crosser, Team Player",https://cdn.sofifa.net/players/189/946/22_120.png
170084,W. Hennessey,Wayne Robert Hennessey,GK,74,34,198,Burnley,English Premier League,Wales,Europe,"Rushes Out Of Goal, Comes For Crosses",https://cdn.sofifa.net/players/170/084/22_120.png
198023,Ximo Navarro,Joaquín Navarro Jiménez,"RB, CB",74,31,176,Deportivo Alavés,Spain Primera Division,Spain,Europe,,https://cdn.sofifa.net/players/198/023/22_120.png
167933,Y. Cahuzac,Yannick Cahuzac,"CDM, CM",74,36,178,Racing Club de Lens,French Ligue 1,France,Europe,"Leadership, Team Player",https://cdn.sofifa.net/players/167/933/22_120.png
241103,Z. Vanheusden,Zinho Vanheusden,CB,74,21,187,Genoa,Italian Serie A,Belgium,Europe,Power Header,https://cdn.sofifa.net/players/241/103/22_120.png
248148,Zubimendi,Martín Zubimendi Ibáñez,"CM, CDM, CB",74,22,181,Real Sociedad,Spain Primera Division,Spain,Europe,Outside Foot Shot,https://cdn.sofifa.net/players/248/148/22_120.png
199313,A. Bamba,Abdoulaye Bamba,"RB, RWB, LB",73,31,182,Angers SCO,French Ligue 1,Côte d'Ivoire,Africa,,https://cdn.sofifa.net/players/199/313/22_120.png
236624,A. Barkok,Aymen Barkok,"CAM, RM, CM",73,23,189,Eintracht Frankfurt,German 1. Bundesliga,Morocco,Africa,"Flair, Technical Dribbler (AI)",https://cdn.sofifa.net/players/236/624/22_120.png
195586,A. Finnbogason,Alfreð Finnbogason,ST,73,32,184,FC Augsburg,German 1. Bundesliga,Iceland,Europe,"Injury Prone, Finesse Shot",https://cdn.sofifa.net/players/195/586/22_120.png
220475,A. Grassi,Alberto Grassi,CM,73,26,183,Cagliari,Italian Serie A,Italy,Europe,,https://cdn.sofifa.net/players/220/475/22_120.png
241937,A. Harroui,Abdoulrahmane Harroui,"CDM, CM, RM",73,23,182,U.S. Sassuolo Calcio,Italian Serie A,Netherlands,Europe,"Flair, Technical Dribbler (AI)",https://cdn.sofifa.net/players/241/937/22_120.png
253444,A. Kalimuendo,Arnaud Kalimuendo-Muinga,ST,73,19,175,Racing Club de Lens,French Ligue 1,France,Europe,,https://cdn.sofifa.net/players/253/444/22_120.png
243593,A. Laurienté,Armand Laurienté,"RM, RW",73,22,171,FC Lorient,French Ligue 1,France,Europe,"Long Shot Taker (AI), Speed Dribbler (AI)",https://cdn.sofifa.net/players/243/593/22_120.png
152747,A. Lennon,Aaron Lennon,"RM, LM",73,34,165,Burnley,English Premier League,England,Europe,Speed Dribbler (AI),https://cdn.sofifa.net/players/152/747/22_120.png
169115,A. Masiello,Andrea Masiello,CB,73,35,184,Genoa,Italian Serie A,Italy,Europe,Long Passer (AI),https://cdn.sofifa.net/players/169/115/22_120.png
239356,A. Matusiwa,Azor Matusiwa,"CDM, CM",73,23,173,Stade de Reims,French Ligue 1,Netherlands,Europe,"Dives Into Tackles (AI), Long Passer (AI)",https://cdn.sofifa.net/players/239/356/22_120.png
236518,A. Nordin,Arnaud Dominique Nordin,"RM, LM, ST",73,23,170,AS Saint-Étienne,French Ligue 1,France,Europe,Long Shot Taker (AI),https://cdn.sofifa.net/players/236/518/22_120.png
241928,A. Sambi Lokonga,Albert-Mboyo Sambi Lokonga,"CM, CDM",73,21,183,Arsenal,English Premier League,Belgium,Europe,Flair,https://cdn.sofifa.net/players/241/928/22_120.png
212214,A. Solari,Augusto Jorge Mateo Solari,"RM, LM, CM",73,29,176,RC Celta de Vigo,Spain Primera Division,Argentina,South America,Speed Dribbler (AI),https://cdn.sofifa.net/players/212/214/22_120.png
223139,A. Zedadka,Akim Zedadka,RB,73,26,173,Clermont Foot 63,French Ligue 1,France,Europe,Speed Dribbler (AI),https://cdn.sofifa.net/players/223/139/22_120.png
216605,Akapo,Carlos Akapo Martínez,"RB, LB",73,28,179,Cádiz CF,Spain Primera Division,Equatorial Guinea,Africa,Injury Prone,https://cdn.sofifa.net/players/216/605/22_120.png
235522,Aleix Febas,Aleix Febas Pérez,"CM, CAM, CDM",73,25,171,RCD Mallorca,Spain Primera Division,Spain,Europe,Technical Dribbler (AI),https://cdn.sofifa.net/players/235/522/22_120.png
199763,B. Bereszyński,Bartosz Bereszyński,RB,73,28,183,U.C. Sampdoria,Italian Serie A,Poland,Europe,,https://cdn.sofifa.net/players/199/763/22_120.png
251810,B. Brobbey,Brian Ebenezer Adjei Brobbey,ST,73,19,180,RB Leipzig,German 1. Bundesliga,Netherlands,Europe,,https://cdn.sofifa.net/players/251/810/22_120.png
215410,B. Chardonnet,Brendan Chardonnet,CB,73,26,181,Stade Brestois 29,French Ligue 1,France,Europe,"Long Passer (AI), Team Player",https://cdn.sofifa.net/players/215/410/22_120.png
209504,B. Hrgota,Branimir Hrgota,"ST, RW",73,28,185,SpVgg Greuther Fürth,German 1. Bundesliga,Sweden,Europe,Chip Shot (AI),https://cdn.sofifa.net/players/209/504/22_120.png
247019,B. Kouyaté,Boubakar Kouyaté,"CB, RB",73,24,192,FC Metz,French Ligue 1,Mali,Africa,Power Header,https://cdn.sofifa.net/players/247/019/22_120.png
169426,Barragán,Antonio Barragán Fernández,"RB, RWB, CB",73,34,183,Elche CF,Spain Primera Division,Spain,Europe,Early Crosser,https://cdn.sofifa.net/players/169/426/22_120.png
166074,Bebé,Tiago Manuel Dias Correia,"LM, RM",73,30,190,Rayo Vallecano,Spain Primera Division,Portugal,Europe,"Power Free-Kick, Long Shot Taker (AI), Speed Dribbler (AI)",https://cdn.sofifa.net/players/166/074/22_120.png
241925,C. Führich,Chris Führich,"RM, ST",73,23,178,VfB Stuttgart,German 1. Bundesliga,Germany,Europe,"Outside Foot Shot, Technical Dribbler (AI)",https://cdn.sofifa.net/players/241/925/22_120.png
208449,C. Hérelle,Christophe Hérelle,CB,73,28,188,Stade Brestois 29,French Ligue 1,France,Europe,"Injury Prone, Long Passer (AI)",https://cdn.sofifa.net/players/208/449/22_120.png
242434,C. Jones,Curtis Jones,CM,73,20,185,Liverpool,English Premier League,England,Europe,Flair,https://cdn.sofifa.net/players/242/434/22_120.png
212244,C. Lenz,Christopher Lenz,"LB, LM, LWB",73,26,180,Eintracht Frankfurt,German 1. Bundesliga,Germany,Europe,Long Throw-in,https://cdn.sofifa.net/players/212/244/22_120.png
210697,C. Nørgaard,Christian Thers Nørgaard,"CDM, CM, CB",73,27,187,Brentford,English Premier League,Denmark,Europe,,https://cdn.sofifa.net/players/210/697/22_120.png
243976,Catena,Alejandro Catena Marugán,CB,73,26,194,Rayo Vallecano,Spain Primera Division,Spain,Europe,Power Header,https://cdn.sofifa.net/players/243/976/22_120.png
208144,D. Bessa,Daniel Sartori Bessa,"CAM, CM, CF",73,28,178,Hellas Verona,Italian Serie A,Italy,Europe,"Flair, Technical Dribbler (AI)",https://cdn.sofifa.net/players/208/144/22_120.png
211361,D. Cataldi,Danilo Cataldi,"CM, CDM",73,26,180,Lazio,Italian Serie A,Italy,Europe,Long Shot Taker (AI),https://cdn.sofifa.net/players/211/361/22_120.png
193886,D. Didavi,Daniel Didavi,"CAM, CF",73,31,180,VfB Stuttgart,German 1. Bundesliga,Germany,Europe,"Injury Prone, Long Shot Taker (AI), Technical Dribbler (AI)",https://cdn.sofifa.net/players/193/886/22_120.png
205670,D. Gayle,Dwight Gayle,ST,73,30,174,Newcastle United,English Premier League,England,Europe,"Long Throw-in, Injury Prone",https://cdn.sofifa.net/players/205/670/22_120.png
235526,D. Geiger,Dennis Geiger,CM,73,23,173,TSG Hoffenheim,German 1. Bundesliga,Germany,Europe,Injury Prone,https://cdn.sofifa.net/players/235/526/22_120.png
192445,D. Ginczek,Daniel Ginczek,"ST, RW",73,30,190,VfL Wolfsburg,German 1. Bundesliga,Germany,Europe,Injury Prone,https://cdn.sofifa.net/players/192/445/22_120.png
162297,D. Padelli,Daniele Padelli,GK,73,35,191,Udinese Calcio,Italian Serie A,Italy,Europe,Comes For Crosses,https://cdn.sofifa.net/players/162/297/22_120.png
236703,D. Raum,David Raum,"LB, LM",73,23,180,TSG Hoffenheim,German 1. Bundesliga,Germany,Europe,Long Passer (AI),https://cdn.sofifa.net/players/236/703/22_120.png
182184,D. Stephens,Dale Stephens,"CDM, CM",73,32,185,Burnley,English Premier League,England,Europe,Long Passer (AI),https://cdn.sofifa.net/players/182/184/22_120.png
186146,D. Welbeck,Daniel Nii Tackie Mensah Welbeck,"ST, LW, LM",73,30,185,Brighton & Hove Albion,English Premier League,England,Europe,"Injury Prone, Speed Dribbler (AI)",https://cdn.sofifa.net/players/186/146/22_120.png
243315,Dani Gómez,Daniel Gómez Alcón,ST,73,22,178,Levante Unión Deportiva,Spain Primera Division,Spain,Europe,,https://cdn.sofifa.net/players/243/315/22_120.png
241463,Dani Raba,Daniel Raba Antolín,"RM, CAM",73,25,184,Villarreal CF,Spain Primera Division,Spain,Europe,Technical Dribbler (AI),https://cdn.sofifa.net/players/241/463/22_120.png
220414,Diego Rico,Diego Rico Salguero,"LB, LWB, CB",73,28,183,Real Sociedad,Spain Primera Division,Spain,Europe,"Solid Player, Early Crosser, Long Passer (AI)",https://cdn.sofifa.net/players/220/414/22_120.png
191055,Dídac Vilà,Dídac Vilá Rosselló,LB,73,32,185,RCD Espanyol de Barcelona,Spain Primera Division,Spain,Europe,Dives Into Tackles (AI),https://cdn.sofifa.net/players/191/055/22_120.png
236331,E. Cabaco,Erick Cathriel Cabaco Almada,CB,73,26,186,Getafe CF,Spain Primera Division,Uruguay,South America,Dives Into Tackles (AI),https://cdn.sofifa.net/players/236/331/22_120.png
241390,E. Elmas,Eljif Elmas,CM,73,21,184,Napoli,Italian Serie A,North Macedonia,Europe,"Flair, Technical Dribbler (AI)",https://cdn.sofifa.net/players/241/390/22_120.png
180739,E. Kawashima,川島 永嗣,GK,73,38,185,RC Strasbourg Alsace,French Ligue 1,Japan,Asia,"Team Player, Cautious With Crosses",https://cdn.sofifa.net/players/180/739/22_120.png
207650,E. Krafth,Emil Henry Kristoffer Krafth,"RB, CB",73,26,184,Newcastle United,English Premier League,Sweden,Europe,Long Throw-in,https://cdn.sofifa.net/players/207/650/22_120.png
212225,E. Roco,Enzo Pablo Roco Roco,CB,73,28,192,Elche CF,Spain Primera Division,Chile,South America,Power Header,https://cdn.sofifa.net/players/212/225/22_120.png
219728,Edgar Méndez,Edgar Antonio Méndez Ortega,"RM, LM",73,31,187,Deportivo Alavés,Spain Primera Division,Spain,Europe,Speed Dribbler (AI),https://cdn.sofifa.net/players/219/728/22_120.png
225018,F. Andone,Florin Andone,ST,73,28,180,Cádiz CF,Spain Primera Division,Romania,Europe,"Long Shot Taker (AI), Team Player",https://cdn.sofifa.net/players/225/018/22_120.png
193786,F. Bardi,Francesco Bardi,GK,73,29,188,Bologna,Italian Serie A,Italy,Europe,Comes For Crosses,https://cdn.sofifa.net/players/193/786/22_120.png
252017,F. Daniliuc,Flavius David Daniliuc,CB,73,20,188,OGC Nice,French Ligue 1,Austria,Europe,,https://cdn.sofifa.net/players/252/017/22_120.png
192663,F. Klos,Fabian Klos,ST,73,33,194,DSC Arminia Bielefeld,German 1. Bundesliga,Germany,Europe,"Solid Player, Leadership, Power Header, Team Player",https://cdn.sofifa.net/players/192/663/22_120.png
245228,F. Krüger,Florian Krüger,"ST, LW, LM",73,22,186,DSC Arminia Bielefeld,German 1. Bundesliga,Germany,Europe,,https://cdn.sofifa.net/players/245/228/22_120.png
183287,F. Lemoine,Fabien Lemoine,"CDM, CM",73,34,175,FC Lorient,French Ligue 1,France,Europe,Leadership,https://cdn.sofifa.net/players/183/287/22_120.png
209618,F. Tardieu,Florian Tardieu,CDM,73,29,184,ESTAC Troyes,French Ligue 1,France,Europe,"Power Free-Kick, Long Shot Taker (AI)",https://cdn.sofifa.net/players/209/618/22_120.png
252590,Fer Niño,Fernando Niño Rodríguez,ST,73,20,190,RCD Mallorca,Spain Primera Division,Spain,Europe,,https://cdn.sofifa.net/players/252/590/22_120.png
224808,G. Ferrari,Gian Marco Ferrari,CB,73,29,189,U.S. Sassuolo Calcio,Italian Serie A,Italy,Europe,Long Passer (AI),https://cdn.sofifa.net/players/224/808/22_120.png
214680,G. Gallon,Gauthier Gallon,GK,73,28,186,ESTAC Troyes,French Ligue 1,France,Europe,,https://cdn.sofifa.net/players/214/680/22_120.png
236822,G. Gudmundsson,Gabriel Gudmundsson,"LB, LM",73,22,181,LOSC Lille,French Ligue 1,Sweden,Europe,"Long Throw-in, Injury Prone, Long Shot Taker (AI), Speed Dribbler (AI)",https://cdn.sofifa.net/players/236/822/22_120.png
229636,G. Pereiro,Gastón Rodrigo Pereiro López,"CAM, RW",73,26,188,Cagliari,Italian Serie A,Uruguay,South America,"Finesse Shot, Flair, Outside Foot Shot, Technical Dribbler (AI)",https://cdn.sofifa.net/players/229/636/22_120.png
238126,Guridi,Jon Guridi Aldalur,CM,73,26,179,Real Sociedad,Spain Primera Division,Spain,Europe,"Outside Foot Shot, Technical Dribbler (AI)",https://cdn.sofifa.net/players/238/126/22_120.png
228332,H. Choudhury,Hamza Choudhury,"CDM, CM",73,23,178,Leicester City,English Premier League,England,Europe,Dives Into Tackles (AI),https://cdn.sofifa.net/players/228/332/22_120.png
246174,H. Elliott,Harvey Elliott,"RW, CM",73,18,170,Liverpool,English Premier League,England,Europe,"Finesse Shot, Flair, Outside Foot Shot",https://cdn.sofifa.net/players/246/174/22_120.png
182888,H. Nordtveit,Håvard Nordtveit,"CB, CDM",73,31,188,TSG Hoffenheim,German 1. Bundesliga,Norway,Europe,Long Passer (AI),https://cdn.sofifa.net/players/182/888/22_120.png
218981,H. Palacios,Helibelton Palacios Zapata,"RB, CB, RM",73,28,181,Elche CF,Spain Primera Division,Colombia,South America,,https://cdn.sofifa.net/players/218/981/22_120.png
236935,H. Wolf,Hannes Wolf,CAM,73,22,179,Borussia Mönchengladbach,German 1. Bundesliga,Austria,Europe,"Flair, Technical Dribbler (AI)",https://cdn.sofifa.net/players/236/935/22_120.png
246352,Hugo Guillamón,Hugo Guillamón Sammartín,"CB, CDM, CM",73,21,178,Valencia CF,Spain Primera Division,Spain,Europe,,https://cdn.sofifa.net/players/246/352/22_120.png
214462,I. Arboleda,Iván Mauricio Arboleda,GK,73,25,182,Rayo Vallecano,Spain Primera Division,Colombia,South America,"GK Long Throw, Rushes Out Of Goal, Saves with Feet",https://cdn.sofifa.net/players/214/462/22_120.png
245598,I. Baba,Iddrisu Baba Mohammed,"CDM, CM",73,25,185,RCD Mallorca,Spain Primera Division,Ghana,Africa,,https://cdn.sofifa.net/players/245/598/22_120.png
235888,I. Cardona,Irvin Cardona,ST,73,23,185,Stade Brestois 29,French Ligue 1,France,Europe,Finesse Shot,https://cdn.sofifa.net/players/235/888/22_120.png
239452,I. Diallo,Ibrahima Diallo,"CDM, CM",73,22,179,Southampton,English Premier League,France,Europe,,https://cdn.sofifa.net/players/239/452/22_120.png
258390,I. Grbić,Ivo Grbić,GK,73,25,195,LOSC Lille,French Ligue 1,Croatia,Europe,,https://cdn.sofifa.net/players/258/390/22_120.png
259233,I. Moriba,Moriba Kourouma Kourouma,CM,73,18,185,RB Leipzig,German 1. Bundesliga,Spain,Europe,,https://cdn.sofifa.net/players/259/233/22_120.png
239025,I. Niane,Ibrahima Niane,"ST, LW, RW",73,22,187,FC Metz,French Ligue 1,Senegal,Africa,"Flair, Long Shot Taker (AI), Speed Dribbler (AI)",https://cdn.sofifa.net/players/239/025/22_120.png
220348,Iza Carcelén,Isaac Carcelén Valencia,"RB, RM",73,28,174,Cádiz CF,Spain Primera Division,Spain,Europe,"Dives Into Tackles (AI), Long Shot Taker (AI), Speed Dribbler (AI)",https://cdn.sofifa.net/players/220/348/22_120.png
235456,J. Bellegarde,Jean-Ricner Bellegarde,"CM, RM, CDM",73,23,172,RC Strasbourg Alsace,French Ligue 1,France,Europe,,https://cdn.sofifa.net/players/235/456/22_120.png
227503,J. Bruun Larsen,Jacob Bruun Larsen,"LM, LW, ST",73,22,183,TSG Hoffenheim,German 1. Bundesliga,Denmark,Europe,Speed Dribbler (AI),https://cdn.sofifa.net/players/227/503/22_120.png
203042,J. Butland,Jack Butland,GK,73,28,196,Crystal Palace,English Premier League,England,Europe,,https://cdn.sofifa.net/players/203/042/22_120.png
213868,J. Castelletto,Jean-Charles Castelletto,CB,73,26,185,FC Nantes,French Ligue 1,Cameroon,Africa,,https://cdn.sofifa.net/players/213/868/22_120.png
231445,J. Dasilva,Pelenda Joshua Tunga Dasilva,"CM, CAM, CDM",73,22,184,Brentford,English Premier League,England,Europe,"Injury Prone, Finesse Shot, Flair, Long Passer (AI), Long Shot Taker (AI), Playmaker (AI)",https://cdn.sofifa.net/players/231/445/22_120.png
224949,J. Dilrosun,Javairô Dilrosun,LM,73,23,174,FC Girondins de Bordeaux,French Ligue 1,Netherlands,Europe,"Injury Prone, Speed Dribbler (AI)",https://cdn.sofifa.net/players/224/949/22_120.png
218311,J. Dossou,Jodel Dossou,RM,73,29,180,Clermont Foot 63,French Ligue 1,Benin,Africa,"Flair, Speed Dribbler (AI)",https://cdn.sofifa.net/players/218/311/22_120.png
253149,J. Frimpong,Jeremie Agyekum Frimpong,"RB, RWB",73,20,171,Bayer 04 Leverkusen,German 1. Bundesliga,Netherlands,Europe,"Flair, Speed Dribbler (AI)",https://cdn.sofifa.net/players/253/149/22_120.png
208861,J. Gastien,Johan Gastien,CDM,73,33,179,Clermont Foot 63,French Ligue 1,France,Europe,Dives Into Tackles (AI),https://cdn.sofifa.net/players/208/861/22_120.png
199602,J. Guidetti,John Guidetti,ST,73,29,185,Deportivo Alavés,Spain Primera Division,Sweden,Europe,Outside Foot Shot,https://cdn.sofifa.net/players/199/602/22_120.png
211879,J. Haberer,Janik Haberer,"CM, CF, RM",73,27,186,Sport-Club Freiburg,German 1. Bundesliga,Germany,Europe,Dives Into Tackles (AI),https://cdn.sofifa.net/players/211/879/22_120.png
204152,J. Jønsson,Jens Jønsson,CDM,73,28,182,Cádiz CF,Spain Primera Division,Denmark,Europe,,https://cdn.sofifa.net/players/204/152/22_120.png
231292,J. Lewis,Jamal Lewis,"LB, LWB",73,23,178,Newcastle United,English Premier League,Northern Ireland,Europe,Early Crosser,https://cdn.sofifa.net/players/231/292/22_120.png
207537,J. Lukaku,Jordan Zacharie Lukaku Menama Mokelenge,"LM, LB, LWB",73,26,177,Lazio,Italian Serie A,Belgium,Europe,"Injury Prone, Early Crosser, Speed Dribbler (AI)",https://cdn.sofifa.net/players/207/537/22_120.png
210802,J. Nilsson,Jörgen Joakim Nilsson,CB,73,27,185,DSC Arminia Bielefeld,German 1. Bundesliga,Sweden,Europe,,https://cdn.sofifa.net/players/210/802/22_120.png
214622,J. Toljan,Jeremy Toljan,"RB, LB",73,26,182,U.S. Sassuolo Calcio,Italian Serie A,Germany,Europe,,https://cdn.sofifa.net/players/214/622/22_120.png
236947,J. Torunarigha,Jordan Torunarigha,"CB, LB",73,23,191,Hertha BSC,German 1. Bundesliga,Germany,Europe,"Injury Prone, Long Passer (AI)",https://cdn.sofifa.net/players/236/947/22_120.png
207593,J. Uronen,Jere Juhani Uronen,LB,73,26,177,Stade Brestois 29,French Ligue 1,Finland,Europe,"Power Free-Kick, Early Crosser",https://cdn.sofifa.net/players/207/593/22_120.png
205995,J. Willems,Jetro Willems,"LB, LM",73,27,177,SpVgg Greuther Fürth,German 1. Bundesliga,Netherlands,Europe,"Early Crosser, Flair, Giant Throw-in",https://cdn.sofifa.net/players/205/995/22_120.png
215616,Jason,David Jason Remeseiro Salgueiro,"RM, RW",73,26,178,Valencia CF,Spain Primera Division,Spain,Europe,Flair,https://cdn.sofifa.net/players/215/616/22_120.png
258602,Jon Morcillo,Jon Morcillo Conesa,"LM, LW",73,22,183,Athletic Club de Bilbao,Spain Primera Division,Spain,Europe,Long Shot Taker (AI),https://cdn.sofifa.net/players/258/602/22_120.png
229667,Josan,José Antonio Ferrández Pomares,"RM, RWB",73,31,175,Elche CF,Spain Primera Division,Spain,Europe,Technical Dribbler (AI),https://cdn.sofifa.net/players/229/667/22_120.png
206219,Juan Cruz,Juan Cruz Álvaro Armada,"LB, LWB",73,28,180,CA Osasuna,Spain Primera Division,Spain,Europe,,https://cdn.sofifa.net/players/206/219/22_120.png
200752,Juan Jesus,Juan Guilherme Nunes Jesus,"CB, LB",73,30,185,Napoli,Italian Serie A,Brazil,South America,,https://cdn.sofifa.net/players/200/752/22_120.png
231235,K. Amian,Kelvin Amian Adou,"CB, RB",73,23,180,Spezia,Italian Serie A,France,Europe,,https://cdn.sofifa.net/players/231/235/22_120.png
235290,K. Bonifazi,Kevin Bonifazi,CB,73,25,187,Bologna,Italian Serie A,Italy,Europe,,https://cdn.sofifa.net/players/235/290/22_120.png
237985,K. Danso,Kevin Danso,CB,73,22,190,Racing Club de Lens,French Ligue 1,Austria,Europe,"Long Throw-in, Long Passer (AI)",https://cdn.sofifa.net/players/237/985/22_120.png
257889,K. Jakić,Kristijan Jakić,"CDM, CM",73,24,181,Eintracht Frankfurt,German 1. Bundesliga,Croatia,Europe,,https://cdn.sofifa.net/players/257/889/22_120.png
242000,K. Mavropanos,Konstantinos Mavropanos,"CB, RB",73,23,194,VfB Stuttgart,German 1. Bundesliga,Greece,Europe,"Injury Prone, Dives Into Tackles (AI)",https://cdn.sofifa.net/players/242/000/22_120.png
201368,K. McLean,Kenny McLean,"CM, CDM",73,29,183,Norwich City,English Premier League,Scotland,Europe,Long Passer (AI),https://cdn.sofifa.net/players/201/368/22_120.png
211818,K. Möhwald,Kevin Möhwald,"CM, CAM",73,27,183,1. FC Union Berlin,German 1. Bundesliga,Germany,Europe,"Power Free-Kick, Long Shot Taker (AI)",https://cdn.sofifa.net/players/211/818/22_120.png
229071,K. Onisiwo,Karim Onisiwo,"ST, RM, LM",73,29,188,1. FSV Mainz 05,German 1. Bundesliga,Austria,Europe,,https://cdn.sofifa.net/players/229/071/22_120.png
213750,K. Sema,Ken Nlata Sema,"LW, LM, LWB",73,27,180,Watford,English Premier League,Sweden,Europe,Speed Dribbler (AI),https://cdn.sofifa.net/players/213/750/22_120.png
204497,K. Stöger,Kevin Stöger,CM,73,27,175,1. FSV Mainz 05,German 1. Bundesliga,Austria,Europe,"Dives Into Tackles (AI), Flair, Long Passer (AI), Long Shot Taker (AI), Playmaker (AI)",https://cdn.sofifa.net/players/204/497/22_120.png
225200,Kike Barja,Enrique Barja Afonso,"RM, LM",73,24,178,CA Osasuna,Spain Primera Division,Spain,Europe,,https://cdn.sofifa.net/players/225/200/22_120.png
177644,Kiko Casilla,Francisco Casilla Cortés,GK,73,34,190,Elche CF,Spain Primera Division,Spain,Europe,"Rushes Out Of Goal, Comes For Crosses",https://cdn.sofifa.net/players/177/644/22_120.png
234728,L. Bénes,László Bénes,"CM, CAM",73,23,181,Borussia Mönchengladbach,German 1. Bundesliga,Slovakia,Europe,"Long Shot Taker (AI), Outside Foot Shot",https://cdn.sofifa.net/players/234/728/22_120.png
205553,L. Ceppitelli,Luca Ceppitelli,CB,73,31,186,Cagliari,Italian Serie A,Italy,Europe,,https://cdn.sofifa.net/players/205/553/22_120.png
230107,L. Coulibaly,Lassana Coulibaly,"CDM, CM",73,25,183,US Salernitana 1919,Italian Serie A,Mali,Africa,,https://cdn.sofifa.net/players/230/107/22_120.png
200469,L. Rupp,Lukas Rupp,"CM, CDM",73,30,178,Norwich City,English Premier League,Germany,Europe,Injury Prone,https://cdn.sofifa.net/players/200/469/22_120.png
210489,L. Schaub,Louis Schaub,"CAM, RM, CM",73,26,177,1. FC Köln,German 1. Bundesliga,Austria,Europe,"Finesse Shot, Technical Dribbler (AI)",https://cdn.sofifa.net/players/210/489/22_120.png
201049,L. Tonelli,Lorenzo Tonelli,CB,73,31,183,Empoli,Italian Serie A,Italy,Europe,,https://cdn.sofifa.net/players/201/049/22_120.png
224415,Luis Rioja,Luis Jesús Rioja González,LM,73,27,175,Deportivo Alavés,Spain Primera Division,Spain,Europe,Early Crosser,https://cdn.sofifa.net/players/224/415/22_120.png
241821,M. Bayo,Mohamed Lamine Bayo,ST,73,23,188,Clermont Foot 63,French Ligue 1,Guinea,Africa,,https://cdn.sofifa.net/players/241/821/22_120.png
226414,M. Coco,Marcus Coco,"RM, LM, RW",73,25,184,FC Nantes,French Ligue 1,France,Europe,Speed Dribbler (AI),https://cdn.sofifa.net/players/226/414/22_120.png
239744,M. Cuisance,Michaël Bruno Dominique Cuisance,"CM, CAM, CDM",73,21,181,FC Bayern München,German 1. Bundesliga,France,Europe,"Flair, Long Shot Taker (AI)",https://cdn.sofifa.net/players/239/744/22_120.png
230578,M. Diakhaby,Mouctar Diakhaby,"CB, CDM",73,24,189,Valencia CF,Spain Primera Division,France,Europe,Power Header,https://cdn.sofifa.net/players/230/578/22_120.png
190666,M. Gulde,Manuel Gulde,CB,73,30,184,Sport-Club Freiburg,German 1. Bundesliga,Germany,Europe,,https://cdn.sofifa.net/players/190/666/22_120.png
241159,M. Guéhi,Marc Guéhi,CB,73,20,185,Crystal Palace,English Premier League,England,Europe,,https://cdn.sofifa.net/players/241/159/22_120.png
201955,M. Haïdara,Massadio Haïdara,"LWB, CB, LB",73,28,179,Racing Club de Lens,French Ligue 1,Mali,Africa,"Injury Prone, Dives Into Tackles (AI)",https://cdn.sofifa.net/players/201/955/22_120.png
236556,M. Hongla,Martin Hongla Yma,"CM, CDM, CB",73,23,181,Hellas Verona,Italian Serie A,Cameroon,Africa,"Finesse Shot, Flair, Long Passer (AI), Speed Dribbler (AI), Playmaker (AI)",https://cdn.sofifa.net/players/236/556/22_120.png
192612,M. Jajalo,Mato Jajalo,"CDM, CM",73,33,182,Udinese Calcio,Italian Serie A,Bosnia and Herzegovina,Europe,"Long Shot Taker (AI), Playmaker (AI)",https://cdn.sofifa.net/players/192/612/22_120.png
240452,M. Nzola,M'Bala Nzola,"ST, RW",73,24,185,Spezia,Italian Serie A,France,Europe,Speed Dribbler (AI),https://cdn.sofifa.net/players/240/452/22_120.png
239712,M. Okugawa,奥川 雅也,"CAM, ST",73,25,177,DSC Arminia Bielefeld,German 1. Bundesliga,Japan,Asia,"Flair, Technical Dribbler (AI)",https://cdn.sofifa.net/players/239/712/22_120.png
247827,M. Olise,Michael Olise,"CAM, RM, LM",73,19,184,Crystal Palace,English Premier League,France,Europe,"Flair, Long Passer (AI), Playmaker (AI), Outside Foot Shot, Technical Dribbler (AI)",https://cdn.sofifa.net/players/247/827/22_120.png
228946,M. Svanberg,Mattias Olof Svanberg,"CM, CDM, RM",73,22,185,Bologna,Italian Serie A,Sweden,Europe,Technical Dribbler (AI),https://cdn.sofifa.net/players/228/946/22_120.png
222475,M. Thorsby,Morten Thorsby,"CM, CDM",73,25,189,U.C. Sampdoria,Italian Serie A,Norway,Europe,Dives Into Tackles (AI),https://cdn.sofifa.net/players/222/475/22_120.png
228349,M. Vojvoda,Mërgim Vojvoda,"RB, RM",73,26,187,Torino F.C.,Italian Serie A,Kosovo,Europe,Early Crosser,https://cdn.sofifa.net/players/228/349/22_120.png
191648,M. Yoshida,吉田 麻也,CB,73,32,189,U.C. Sampdoria,Italian Serie A,Japan,Asia,,https://cdn.sofifa.net/players/191/648/22_120.png
231864,M. van Bergen,Mitchell van Bergen,"RW, LW",73,21,170,Stade de Reims,French Ligue 1,Netherlands,Europe,Speed Dribbler (AI),https://cdn.sofifa.net/players/231/864/22_120.png
173178,Manolo Reina,Manuel Reina Rodríguez,GK,73,36,186,RCD Mallorca,Spain Primera Division,Spain,Europe,Leadership,https://cdn.sofifa.net/players/173/178/22_120.png
223978,Manu García,Manuel García Alonso,"CAM, ST, LM",73,23,169,Deportivo Alavés,Spain Primera Division,Spain,Europe,"Flair, Long Passer (AI), Playmaker (AI), Outside Foot Shot, Technical Dribbler (AI)",https://cdn.sofifa.net/players/223/978/22_120.png
241856,Manu Morlanes,Manuel Morlanes Ariño,"CDM, CM",73,22,178,RCD Espanyol de Barcelona,Spain Primera Division,Spain,Europe,"Long Passer (AI), Playmaker (AI)",https://cdn.sofifa.net/players/241/856/22_120.png
252327,Manu Sánchez,Manuel Sánchez de la Peña,LB,73,20,171,CA Osasuna,Spain Primera Division,Spain,Europe,,https://cdn.sofifa.net/players/252/327/22_120.png
248820,Mateu Morey,Mateu Jaume Morey Bauzá,"RB, RM",73,21,173,Borussia Dortmund,German 1. Bundesliga,Spain,Europe,Injury Prone,https://cdn.sofifa.net/players/248/820/22_120.png
201073,N. De Préville,Nicolas De Préville,"CAM, ST",73,30,178,FC Metz,French Ligue 1,France,Europe,Solid Player,https://cdn.sofifa.net/players/201/073/22_120.png
233084,N. Molina,Nahuel Molina Lucero,"RWB, RM",73,23,175,Udinese Calcio,Italian Serie A,Argentina,South America,,https://cdn.sofifa.net/players/233/084/22_120.png
240926,N. Phillips,Nathaniel Phillips,CB,73,24,190,Liverpool,English Premier League,England,Europe,,https://cdn.sofifa.net/players/240/926/22_120.png
247819,N. Schlotterbeck,Nico Schlotterbeck,CB,73,21,191,Sport-Club Freiburg,German 1. Bundesliga,Germany,Europe,,https://cdn.sofifa.net/players/247/819/22_120.png
183497,O. Karnezis,Orestis Spyridon Karnezis,GK,73,35,190,LOSC Lille,French Ligue 1,Greece,Europe,,https://cdn.sofifa.net/players/183/497/22_120.png
246875,O. Kossounou,Odilon Kossounou,"CB, RB",73,20,191,Bayer 04 Leverkusen,German 1. Bundesliga,Côte d'Ivoire,Africa,Long Passer (AI),https://cdn.sofifa.net/players/246/875/22_120.png
237715,P. Cutrone,Patrick Cutrone,ST,73,23,183,Empoli,Italian Serie A,Italy,Europe,,https://cdn.sofifa.net/players/237/715/22_120.png
206218,P. Nardi,Paul Nardi,GK,73,27,188,FC Lorient,French Ligue 1,France,Europe,,https://cdn.sofifa.net/players/206/218/22_120.png
156437,P. Pentke,Philipp Pentke,GK,73,36,191,TSG Hoffenheim,German 1. Bundesliga,Germany,Europe,Rushes Out Of Goal,https://cdn.sofifa.net/players/156/437/22_120.png
234986,P. Retsos,Panagiotis Retsos,"CB, RB, LB",73,22,186,Bayer 04 Leverkusen,German 1. Bundesliga,Greece,Europe,,https://cdn.sofifa.net/players/234/986/22_120.png
221885,P. Seguin,Paul Seguin,CM,73,26,186,SpVgg Greuther Fürth,German 1. Bundesliga,Germany,Europe,Leadership,https://cdn.sofifa.net/players/221/885/22_120.png
239970,Paulinho,Paulo Henrique Sampaio Filho,"CAM, LW, RW",73,20,177,Bayer 04 Leverkusen,German 1. Bundesliga,Brazil,South America,"Flair, Technical Dribbler (AI)",https://cdn.sofifa.net/players/239/970/22_120.png
224019,Pedro Chirivella,Pedro Chirivella Burgos,"CDM, CM",73,24,178,FC Nantes,French Ligue 1,Spain,Europe,,https://cdn.sofifa.net/players/224/019/22_120.png
218746,Pozo,José Ángel Pozo la Rosa,"CAM, CM, LM",73,25,171,Rayo Vallecano,Spain Primera Division,Spain,Europe,"Injury Prone, Flair, Playmaker (AI), Technical Dribbler (AI)",https://cdn.sofifa.net/players/218/746/22_120.png
242641,R. Aït Nouri,Rayan Aït Nouri,"LWB, LB",73,20,179,Wolverhampton Wanderers,English Premier League,France,Europe,,https://cdn.sofifa.net/players/242/641/22_120.png
251570,R. Cherki,Rayan Mathis Cherki,"RW, LW",73,17,176,Olympique Lyonnais,French Ligue 1,France,Europe,"Flair, Outside Foot Shot, Chip Shot (AI), Technical Dribbler (AI)",https://cdn.sofifa.net/players/251/570/22_120.png
216067,R. Gagliolo,Riccardo Gagliolo,"LB, CB",73,31,180,US Salernitana 1919,Italian Serie A,Sweden,Europe,Power Header,https://cdn.sofifa.net/players/216/067/22_120.png
251756,R. Nteka,Randy Nteka,"ST, CAM, CM",73,23,189,Rayo Vallecano,Spain Primera Division,France,Europe,"Long Shot Taker (AI), Technical Dribbler (AI)",https://cdn.sofifa.net/players/251/756/22_120.png
231685,R. Pierre-Gabriel,Ronaël Julien Pierre-Gabriel,RB,73,23,177,Stade Brestois 29,French Ligue 1,France,Europe,,https://cdn.sofifa.net/players/231/685/22_120.png
150477,R. Salin,Romain Jules Salin,GK,73,36,189,Stade Rennais FC,French Ligue 1,France,Europe,Team Player,https://cdn.sofifa.net/players/150/477/22_120.png
228805,Raillo,Antonio José Raíllo Arenas,CB,73,29,187,RCD Mallorca,Spain Primera Division,Spain,Europe,Power Header,https://cdn.sofifa.net/players/228/805/22_120.png
225204,Raúl Guti,José Raúl Gutiérrez Parejo,"CM, CDM",73,24,177,Elche CF,Spain Primera Division,Spain,Europe,,https://cdn.sofifa.net/players/225/204/22_120.png
205157,Ruiz de Galarreta,Iñigo Ruiz de Galarreta Etxeberria,"CDM, CM",73,27,175,RCD Mallorca,Spain Primera Division,Spain,Europe,"Injury Prone, Playmaker (AI)",https://cdn.sofifa.net/players/205/157/22_120.png
213063,Róber,Roberto Suárez Pier,"CB, CDM",73,26,182,Levante Unión Deportiva,Spain Primera Division,Spain,Europe,Injury Prone,https://cdn.sofifa.net/players/213/063/22_120.png
233767,S. Alakouch,Sofiane Alakouch,RB,73,22,175,FC Metz,French Ligue 1,France,Europe,,https://cdn.sofifa.net/players/233/767/22_120.png
208892,S. Byram,Sam Byram,"LB, RB",73,27,183,Norwich City,English Premier League,England,Europe,Injury Prone,https://cdn.sofifa.net/players/208/892/22_120.png
191210,S. Corchia,Sébastien Corchia,RB,73,30,175,FC Nantes,French Ligue 1,France,Europe,Injury Prone,https://cdn.sofifa.net/players/191/210/22_120.png
182179,S. De Maio,Sebastian De Maio,CB,73,34,190,Udinese Calcio,Italian Serie A,France,Europe,Power Header,https://cdn.sofifa.net/players/182/179/22_120.png
236454,S. Doumbia,Souleyman Doumbia,"LB, LM",73,24,175,Angers SCO,French Ligue 1,Côte d'Ivoire,Africa,,https://cdn.sofifa.net/players/236/454/22_120.png
194665,S. Ilsanker,Stefan Ilsanker,"CB, CDM",73,32,190,Eintracht Frankfurt,German 1. Bundesliga,Austria,Europe,"Long Throw-in, Dives Into Tackles (AI)",https://cdn.sofifa.net/players/194/665/22_120.png
205878,S. Kapino,Stefanos Kapino,GK,73,27,196,DSC Arminia Bielefeld,German 1. Bundesliga,Greece,Europe,Rushes Out Of Goal,https://cdn.sofifa.net/players/205/878/22_120.png
209547,S. Mitrović,Stefan Mitrović,CB,73,31,189,Getafe CF,Spain Primera Division,Serbia,Europe,Long Passer (AI),https://cdn.sofifa.net/players/209/547/22_120.png
192227,S. Mustafi,Shkodran Mustafi,CB,73,29,184,Levante Unión Deportiva,Spain Primera Division,Germany,Europe,Dives Into Tackles (AI),https://cdn.sofifa.net/players/192/227/22_120.png
226861,S. Thioub,Sada Thioub,"RM, LM, RW",73,26,179,Angers SCO,French Ligue 1,Senegal,Africa,"Finesse Shot, Team Player, Technical Dribbler (AI)",https://cdn.sofifa.net/players/226/861/22_120.png
202276,S. Zoller,Simon Zoller,"ST, RM, LM",73,30,179,VfL Bochum 1848,German 1. Bundesliga,Germany,Europe,Team Player,https://cdn.sofifa.net/players/202/276/22_120.png
235407,S. Özcan,Salih Özcan,CM,73,23,180,1. FC Köln,German 1. Bundesliga,Germany,Europe,,https://cdn.sofifa.net/players/235/407/22_120.png
215651,Samir,Samir Caetano de Souza Santos,"CB, LB",73,26,188,Udinese Calcio,Italian Serie A,Brazil,South America,"Injury Prone, Leadership",https://cdn.sofifa.net/players/215/651/22_120.png
244675,Sancet,Oihan Sancet Tirapu,"ST, CAM",73,21,188,Athletic Club de Bilbao,Spain Primera Division,Spain,Europe,"Outside Foot Shot, Technical Dribbler (AI)",https://cdn.sofifa.net/players/244/675/22_120.png
235781,Santi Comesaña,Santiago Comesaña Veiga,"CDM, CM",73,24,184,Rayo Vallecano,Spain Primera Division,Spain,Europe,Solid Player,https://cdn.sofifa.net/players/235/781/22_120.png
252086,Son,Francisco Javier Hidalgo Gómez,RB,73,27,178,Levante Unión Deportiva,Spain Primera Division,Spain,Europe,Speed Dribbler (AI),https://cdn.sofifa.net/players/252/086/22_120.png
190761,T. Arslan,Tolgay Ali Arslan,"CDM, CM",73,30,180,Udinese Calcio,Italian Serie A,Germany,Europe,"Flair, Long Shot Taker (AI), Playmaker (AI), Technical Dribbler (AI)",https://cdn.sofifa.net/players/190/761/22_120.png
232610,T. Asano,浅野 佐藤,"RM, LM, CF",73,26,173,VfL Bochum 1848,German 1. Bundesliga,Japan,Asia,Speed Dribbler (AI),https://cdn.sofifa.net/players/232/610/22_120.png
230918,T. Chalobah,Trevoh Chalobah,"CB, CDM, CM",73,21,191,Chelsea,English Premier League,England,Europe,,https://cdn.sofifa.net/players/230/918/22_120.png
202316,T. Chandler,Timothy Chandler,"RM, RWB",73,31,186,Eintracht Frankfurt,German 1. Bundesliga,United States,North America,Team Player,https://cdn.sofifa.net/players/202/316/22_120.png
232270,T. Fosu-Mensah,Timothy Evans Fosu-Mensah,"RB, CB",73,23,185,Bayer 04 Leverkusen,German 1. Bundesliga,Netherlands,Europe,"Injury Prone, Dives Into Tackles (AI)",https://cdn.sofifa.net/players/232/270/22_120.png
190520,T. Jantschke,Tony Jantschke,"CB, RB",73,31,177,Borussia Mönchengladbach,German 1. Bundesliga,Germany,Europe,"Dives Into Tackles (AI), Team Player",https://cdn.sofifa.net/players/190/520/22_120.png
190034,T. Kolodziejczak,Timothée Kolodziejczak,"CB, LB",73,29,185,AS Saint-Étienne,French Ligue 1,France,Europe,"Leadership, Power Header, Team Player",https://cdn.sofifa.net/players/190/034/22_120.png
191053,T. Rincón,Tomás Eduardo Rincón Hernández,"CM, CDM",73,33,177,Torino F.C.,Italian Serie A,Venezuela,South America,"Dives Into Tackles (AI), Leadership",https://cdn.sofifa.net/players/191/053/22_120.png
228815,T. Roberts,Tyler Roberts,"CAM, CM, ST",73,22,180,Leeds United,English Premier League,Wales,Europe,Injury Prone,https://cdn.sofifa.net/players/228/815/22_120.png
177475,T. Sippel,Tobias Sippel,GK,73,33,183,Borussia Mönchengladbach,German 1. Bundesliga,Germany,Europe,Team Player,https://cdn.sofifa.net/players/177/475/22_120.png
199829,Timor,David Timor Copoví,"CDM, CB, CM",73,31,185,Getafe CF,Spain Primera Division,Spain,Europe,"Solid Player, Long Passer (AI), Long Shot Taker (AI)",https://cdn.sofifa.net/players/199/829/22_120.png
232008,Toni Lato,Antonio Latorre Grueso,"LB, LM, CB",73,23,171,Valencia CF,Spain Primera Division,Spain,Europe,Speed Dribbler (AI),https://cdn.sofifa.net/players/232/008/22_120.png
161805,V. Behrami,Valon Behrami,"CDM, CM",73,36,185,Genoa,Italian Serie A,Switzerland,Europe,"Injury Prone, Dives Into Tackles (AI)",https://cdn.sofifa.net/players/161/805/22_120.png
193336,V. Belec,Vid Belec,GK,73,31,193,US Salernitana 1919,Italian Serie A,Slovenia,Europe,Comes For Crosses,https://cdn.sofifa.net/players/193/336/22_120.png
205943,V. Chiricheș,Vlad Iulian Chiricheș,CB,73,31,184,U.S. Sassuolo Calcio,Italian Serie A,Romania,Europe,"Injury Prone, Long Shot Taker (AI)",https://cdn.sofifa.net/players/205/943/22_120.png
203280,V. Germain,Valère Germain,"ST, RM",73,31,181,Montpellier Hérault SC,French Ligue 1,France,Europe,"Solid Player, Finesse Shot",https://cdn.sofifa.net/players/203/280/22_120.png
235167,V. Janelt,Vitaly Janelt,"CDM, CM",73,23,184,Brentford,English Premier League,Germany,Europe,,https://cdn.sofifa.net/players/235/167/22_120.png
228698,V. Kovalenko,Viktor Kovalenko,"CAM, CM",73,25,182,Spezia,Italian Serie A,Ukraine,Europe,,https://cdn.sofifa.net/players/228/698/22_120.png
193148,V. Le Goff,Vincent Le Goff,"LB, LWB",73,31,177,FC Lorient,French Ligue 1,France,Europe,"Solid Player, Leadership",https://cdn.sofifa.net/players/193/148/22_120.png
193794,Villalibre,Asier Villalibre Molina,ST,73,23,184,Athletic Club de Bilbao,Spain Primera Division,Spain,Europe,Power Header,https://cdn.sofifa.net/players/193/794/22_120.png
212886,W. Cyprien,Wylan Cyprien,"CM, CDM",73,26,181,FC Nantes,French Ligue 1,France,Europe,"Injury Prone, Long Shot Taker (AI)",https://cdn.sofifa.net/players/212/886/22_120.png
235036,W. Faes,Wout Faes,CB,73,23,187,Stade de Reims,French Ligue 1,Belgium,Europe,Long Passer (AI),https://cdn.sofifa.net/players/235/036/22_120.png
228736,W. Faríñez,Wuilker Fariñez Aray,GK,73,23,180,Racing Club de Lens,French Ligue 1,Venezuela,South America,,https://cdn.sofifa.net/players/228/736/22_120.png
213414,W. Troost-Ekong,William Troost-Ekong,CB,73,27,191,Watford,English Premier League,Nigeria,Africa,Power Header,https://cdn.sofifa.net/players/213/414/22_120.png
222844,Walace,Walace Souza Silva,"CDM, CM",73,26,188,Udinese Calcio,Italian Serie A,Brazil,South America,Dives Into Tackles (AI),https://cdn.sofifa.net/players/222/844/22_120.png
229221,William,William de Asevedo Furtado,"RB, RM",73,26,171,VfL Wolfsburg,German 1. Bundesliga,Brazil,South America,"Dives Into Tackles (AI), Long Shot Taker (AI)",https://cdn.sofifa.net/players/229/221/22_120.png
255523,Y. Maçon,Yvann Maçon,"RB, LB",73,22,176,AS Saint-Étienne,French Ligue 1,France,Europe,,https://cdn.sofifa.net/players/255/523/22_120.png
259377,Yeremy Pino,Yeremi Jesús Santos Pino,"RM, LM, ST",73,18,172,Villarreal CF,Spain Primera Division,Spain,Europe,Speed Dribbler (AI),https://cdn.sofifa.net/players/259/377/22_120.png
236515,Álvaro,Álvaro Fernández Llorente,GK,73,23,186,Brentford,English Premier League,Spain,Europe,Cautious With Crosses,https://cdn.sofifa.net/players/236/515/22_120.png
212772,Ó. Duarte,Óscar Esau Duarte Gaitán,CB,73,32,186,Levante Unión Deportiva,Spain Primera Division,Costa Rica,North America,Injury Prone,https://cdn.sofifa.net/players/212/772/22_120.png
149258,A. Cordaz,Alex Cordaz,GK,72,38,188,Inter,Italian Serie A,Italy,Europe,,https://cdn.sofifa.net/players/149/258/22_120.png
229542,A. Desmas,Arthur Desmas,GK,72,27,196,Clermont Foot 63,French Ligue 1,France,Europe,Rushes Out Of Goal,https://cdn.sofifa.net/players/229/542/22_120.png
244280,A. Fein,Adrian Fein,CDM,72,22,187,SpVgg Greuther Fürth,German 1. Bundesliga,Germany,Europe,,https://cdn.sofifa.net/players/244/280/22_120.png
239550,A. Gravillon,Andreaw Gravillon,CB,72,23,185,Stade de Reims,French Ligue 1,France,Europe,Dives Into Tackles (AI),https://cdn.sofifa.net/players/239/550/22_120.png
216325,A. Gunn,Angus Gunn,GK,72,25,196,Norwich City,English Premier League,England,Europe,,https://cdn.sofifa.net/players/216/325/22_120.png
258782,A. Ismajli,Ardian Ismajli,CB,72,24,185,Empoli,Italian Serie A,Albania,Europe,,https://cdn.sofifa.net/players/258/782/22_120.png
199288,A. Losilla,Anthony Losilla,"CDM, CM, CB",72,35,185,VfL Bochum 1848,German 1. Bundesliga,France,Europe,"Outside Foot Shot, Team Player",https://cdn.sofifa.net/players/199/288/22_120.png
182212,A. Modeste,Anthony Modeste,ST,72,33,187,1. FC Köln,German 1. Bundesliga,France,Europe,Power Header,https://cdn.sofifa.net/players/182/212/22_120.png
240017,A. Olsen,Andreas Skov Olsen,"CAM, RW",72,21,188,Bologna,Italian Serie A,Denmark,Europe,"Finesse Shot, Speed Dribbler (AI)",https://cdn.sofifa.net/players/240/017/22_120.png
183280,A. Rami,Adil Rami,CB,72,35,190,ESTAC Troyes,French Ligue 1,France,Europe,Power Header,https://cdn.sofifa.net/players/183/280/22_120.png
210450,A. Touré,Abdoulaye Touré,"CDM, CM",72,27,188,Genoa,Italian Serie A,France,Europe,Long Shot Taker (AI),https://cdn.sofifa.net/players/210/450/22_120.png
211891,A. Voglsammer,Andreas Voglsammer,"LM, ST",72,29,178,1. FC Union Berlin,German 1. Bundesliga,Germany,Europe,,https://cdn.sofifa.net/players/211/891/22_120.png
252909,Antonio Sánchez,Antonio Sánchez Navarro,"CAM, RM, RW",72,24,179,RCD Mallorca,Spain Primera Division,Spain,Europe,,https://cdn.sofifa.net/players/252/909/22_120.png
200408,B. Gibson,Ben Gibson,CB,72,28,185,Norwich City,English Premier League,England,Europe,,https://cdn.sofifa.net/players/200/408/22_120.png
245992,B. Gilmour,Billy Gilmour,"CM, CDM",72,20,170,Norwich City,English Premier League,Scotland,Europe,"Long Passer (AI), Playmaker (AI)",https://cdn.sofifa.net/players/245/992/22_120.png
255891,B. Šutalo,Boško Šutalo,CB,72,21,188,Hellas Verona,Italian Serie A,Croatia,Europe,,https://cdn.sofifa.net/players/255/891/22_120.png
206222,Bigas,Pedro Bigas Rigo,"CB, LB",72,30,181,Elche CF,Spain Primera Division,Spain,Europe,Injury Prone,https://cdn.sofifa.net/players/206/222/22_120.png
215604,C. Brunner,Cédric Brunner,"RB, CB",72,27,180,DSC Arminia Bielefeld,German 1. Bundesliga,Switzerland,Europe,"Long Throw-in, Early Crosser, Team Player",https://cdn.sofifa.net/players/215/604/22_120.png
180706,C. Cathcart,Craig George Cathcart,"CB, RB",72,32,190,Watford,English Premier League,Northern Ireland,Europe,Injury Prone,https://cdn.sofifa.net/players/180/706/22_120.png
198553,C. Gamboa,Cristian Esteban Gamboa Luna,RB,72,31,175,VfL Bochum 1848,German 1. Bundesliga,Costa Rica,North America,Dives Into Tackles (AI),https://cdn.sofifa.net/players/198/553/22_120.png
221860,C. Gruezo,Carlos Armando Gruezo Arboleda,"CDM, CM",72,26,173,FC Augsburg,German 1. Bundesliga,Ecuador,South America,,https://cdn.sofifa.net/players/221/860/22_120.png
219680,C. Hountondji,Cédric Hountondji,CB,72,27,195,Clermont Foot 63,French Ligue 1,Benin,Africa,,https://cdn.sofifa.net/players/219/680/22_120.png
204233,C. Musonda,Charly Musonda Junior,"RM, LM",72,24,173,Chelsea,English Premier League,Belgium,Europe,"Injury Prone, Flair, Technical Dribbler (AI)",https://cdn.sofifa.net/players/204/233/22_120.png
231041,C. Ninga,Rodrigue Casimir Ninga,"LM, ST",72,28,186,Angers SCO,French Ligue 1,Chad,Africa,Speed Dribbler (AI),https://cdn.sofifa.net/players/231/041/22_120.png
189342,C. Pinsoglio,Carlo Pinsoglio,GK,72,31,194,Juventus,Italian Serie A,Italy,Europe,Team Player,https://cdn.sofifa.net/players/189/342/22_120.png
219571,Camarasa,Víctor Camarasa Ferrando,"CM, CAM, RM",72,27,183,Real Betis Balompié,Spain Primera Division,Spain,Europe,"Injury Prone, Long Shot Taker (AI)",https://cdn.sofifa.net/players/219/571/22_120.png
172316,Coke,Jorge Andújar Moreno,"RB, CB",72,34,177,Levante Unión Deportiva,Spain Primera Division,Spain,Europe,"Long Throw-in, Early Crosser, Power Header, Team Player",https://cdn.sofifa.net/players/172/316/22_120.png
228616,D. Bertaud,Dimitry Bertaud,GK,72,23,180,Montpellier Hérault SC,French Ligue 1,France,Europe,,https://cdn.sofifa.net/players/228/616/22_120.png
213938,D. Biraschi,Davide Biraschi,"CB, RB, RM",72,26,182,Genoa,Italian Serie A,Italy,Europe,,https://cdn.sofifa.net/players/213/938/22_120.png
189043,D. Brosinski,Daniel Brosinski,"RWB, RB, LWB",72,32,178,1. FSV Mainz 05,German 1. Bundesliga,Germany,Europe,"Long Throw-in, Solid Player, Team Player",https://cdn.sofifa.net/players/189/043/22_120.png
184749,D. Gosling,Dan Gosling,CM,72,31,183,Watford,English Premier League,England,Europe,,https://cdn.sofifa.net/players/184/749/22_120.png
263139,D. Greif,Dominik Greif,GK,72,24,197,RCD Mallorca,Spain Primera Division,Slovakia,Europe,,https://cdn.sofifa.net/players/263/139/22_120.png
240916,D. Ljubicic,Dejan Ljubičić,"CDM, CM, CB",72,23,187,1. FC Köln,German 1. Bundesliga,Austria,Europe,Injury Prone,https://cdn.sofifa.net/players/240/916/22_120.png
236033,Dani Cárdenas,Daniel Cárdenas Líndez,GK,72,24,186,Levante Unión Deportiva,Spain Primera Division,Spain,Europe,,https://cdn.sofifa.net/players/236/033/22_120.png
259166,E. Green,Etienne Green,GK,72,20,190,AS Saint-Étienne,French Ligue 1,England,Europe,,https://cdn.sofifa.net/players/259/166/22_120.png
230074,E. Kwateng,Enock Kwateng,RB,72,24,181,FC Girondins de Bordeaux,French Ligue 1,France,Europe,Early Crosser,https://cdn.sofifa.net/players/230/074/22_120.png
240193,E. Rexhbeçaj,Elvis Rexhbeçaj,"CM, CDM, CAM",72,23,182,VfL Bochum 1848,German 1. Bundesliga,Kosovo,Europe,,https://cdn.sofifa.net/players/240/193/22_120.png
221797,E. Thommy,Erik Thommy,"LM, RM, CAM",72,26,175,VfB Stuttgart,German 1. Bundesliga,Germany,Europe,"Long Shot Taker (AI), Technical Dribbler (AI)",https://cdn.sofifa.net/players/221/797/22_120.png
247500,Edgar,Edgar González Estrada,"CDM, CB",72,24,193,Real Betis Balompié,Spain Primera Division,Spain,Europe,,https://cdn.sofifa.net/players/247/500/22_120.png
236723,F. Ballo-Touré,Fodé Ballo-Touré,"LB, LM",72,24,182,AC Milan,Italian Serie A,Senegal,Africa,,https://cdn.sofifa.net/players/236/723/22_120.png
235834,F. Depaoli,Fabio Depaoli,"RM, RB",72,24,182,U.C. Sampdoria,Italian Serie A,Italy,Europe,,https://cdn.sofifa.net/players/235/834/22_120.png
178628,F. Forestieri,Fernando Martín Forestieri,"CAM, CF, LW",72,31,172,Udinese Calcio,Italian Serie A,Italy,Europe,"Injury Prone, Flair, Long Shot Taker (AI), Technical Dribbler (AI)",https://cdn.sofifa.net/players/178/628/22_120.png
228681,F. Sierralta,Francisco Andrés Sierralta Carvallo,CB,72,24,190,Watford,English Premier League,Chile,South America,,https://cdn.sofifa.net/players/228/681/22_120.png
246606,Fran García,Francisco José García Torres,"LB, LM",72,21,167,Rayo Vallecano,Spain Primera Division,Spain,Europe,"Early Crosser, Speed Dribbler (AI)",https://cdn.sofifa.net/players/246/606/22_120.png
189680,Fábio,Fábio Pereira da Silva,"LB, RB",72,30,172,FC Nantes,French Ligue 1,Brazil,South America,"Long Throw-in, Injury Prone, Speed Dribbler (AI)",https://cdn.sofifa.net/players/189/680/22_120.png
228614,G. Holtmann,Gerrit Holtmann,"LM, LW, RW",72,26,185,VfL Bochum 1848,German 1. Bundesliga,Philippines,Asia,Speed Dribbler (AI),https://cdn.sofifa.net/players/228/614/22_120.png
230681,G. Pezzella,Giuseppe Pezzella,"LB, LM",72,23,185,Atalanta,Italian Serie A,Italy,Europe,,https://cdn.sofifa.net/players/230/681/22_120.png
228595,G. Prömel,Grischa Prömel,"CM, CDM",72,26,184,1. FC Union Berlin,German 1. Bundesliga,Germany,Europe,,https://cdn.sofifa.net/players/228/595/22_120.png
197688,Gabriel Silva,Gabriel Moisés Antunes da Silva,"LB, LWB",72,30,179,AS Saint-Étienne,French Ligue 1,Brazil,South America,,https://cdn.sofifa.net/players/197/688/22_120.png
233075,Garrido,Jon Ander Garrido Moracia,CDM,72,31,185,Cádiz CF,Spain Primera Division,Spain,Europe,"Leadership, Power Header, Team Player",https://cdn.sofifa.net/players/233/075/22_120.png
246929,Gerson Rodrigues,Gerson Leal Rodrigues Gouveia,"LM, RM",72,26,190,ESTAC Troyes,French Ligue 1,Luxembourg,Europe,"Flair, Speed Dribbler (AI)",https://cdn.sofifa.net/players/246/929/22_120.png
190738,H. Nielsen,Håvard Kallevik Nielsen,"ST, CAM",72,27,187,SpVgg Greuther Fürth,German 1. Bundesliga,Norway,Europe,,https://cdn.sofifa.net/players/190/738/22_120.png
258683,I. Ilić,Ivan Ilić,CM,72,20,187,Hellas Verona,Italian Serie A,Serbia,Europe,Long Shot Taker (AI),https://cdn.sofifa.net/players/258/683/22_120.png
210320,I. Mbaye,Ibrahima M'baye,"RB, LB",72,26,188,Bologna,Italian Serie A,Senegal,Africa,,https://cdn.sofifa.net/players/210/320/22_120.png
199274,I. Nestorovski,Ilija Nestorovski,ST,72,31,182,Udinese Calcio,Italian Serie A,North Macedonia,Europe,,https://cdn.sofifa.net/players/199/274/22_120.png
258585,I. Pandur,Ivor Pandur,GK,72,21,187,Hellas Verona,Italian Serie A,Croatia,Europe,,https://cdn.sofifa.net/players/258/585/22_120.png
231089,I. Sissoko,Ibrahima Sissoko,"CM, CDM",72,23,193,RC Strasbourg Alsace,French Ligue 1,France,Europe,,https://cdn.sofifa.net/players/231/089/22_120.png
251191,J. Allevinah,Jim Émilien Ngowet Allevinah,"LM, RM",72,26,172,Clermont Foot 63,French Ligue 1,Gabon,Africa,"Flair, Speed Dribbler (AI)",https://cdn.sofifa.net/players/251/191/22_120.png
228908,J. Berthomier,Jason Berthomier,CAM,72,31,177,Clermont Foot 63,French Ligue 1,France,Europe,Playmaker (AI),https://cdn.sofifa.net/players/228/908/22_120.png
134779,J. Briand,Jimmy Briand,ST,72,35,181,FC Girondins de Bordeaux,French Ligue 1,France,Europe,"Leadership, Finesse Shot, Team Player",https://cdn.sofifa.net/players/134/779/22_120.png
248573,J. Dina Ebimbe,Eric Junior Dina Ebimbe,"CM, RW",72,20,175,Paris Saint-Germain,French Ligue 1,France,Europe,Speed Dribbler (AI),https://cdn.sofifa.net/players/248/573/22_120.png
206463,J. Dudziak,Jeremy Dudziak,"CAM, CM",72,25,176,SpVgg Greuther Fürth,German 1. Bundesliga,Tunisia,Africa,"Flair, Playmaker (AI), Technical Dribbler (AI)",https://cdn.sofifa.net/players/206/463/22_120.png
231874,J. Horn,Jannes-Kilian Horn,"LB, LWB, CB",72,24,186,1. FC Köln,German 1. Bundesliga,Germany,Europe,,https://cdn.sofifa.net/players/231/874/22_120.png
228290,J. Laporte,Julien Laporte,CB,72,27,185,FC Lorient,French Ligue 1,France,Europe,,https://cdn.sofifa.net/players/228/290/22_120.png
235161,J. Maja,Josh Maja,ST,72,22,181,FC Girondins de Bordeaux,French Ligue 1,Nigeria,Africa,,https://cdn.sofifa.net/players/235/161/22_120.png
197813,J. Martin,Jonas Martin,CM,72,31,184,Stade Rennais FC,French Ligue 1,France,Europe,"Injury Prone, Playmaker (AI)",https://cdn.sofifa.net/players/197/813/22_120.png
139860,J. Morel,Jérémy Morel,"CB, LB",72,37,172,FC Lorient,French Ligue 1,Madagascar,Africa,"Leadership, Team Player",https://cdn.sofifa.net/players/139/860/22_120.png
206085,J. Murphy,Jacob Murphy,"RM, RWB",72,26,179,Newcastle United,English Premier League,England,Europe,Long Shot Taker (AI),https://cdn.sofifa.net/players/206/085/22_120.png
193337,J. Obi,Joel Chukwuma Obi,"CM, CDM, LM",72,30,177,US Salernitana 1919,Italian Serie A,Nigeria,Africa,"Injury Prone, Flair",https://cdn.sofifa.net/players/193/337/22_120.png
183916,J. Pied,Jérémy Pied,"RB, LB",72,32,173,LOSC Lille,French Ligue 1,France,Europe,Early Crosser,https://cdn.sofifa.net/players/183/916/22_120.png
229266,J. Rodon,Joe Rodon,CB,72,23,193,Tottenham Hotspur,English Premier League,Wales,Europe,,https://cdn.sofifa.net/players/229/266/22_120.png
232225,J. Serra,Janni-Luca Serra,ST,72,23,193,DSC Arminia Bielefeld,German 1. Bundesliga,Germany,Europe,"Injury Prone, Power Header",https://cdn.sofifa.net/players/232/225/22_120.png
192317,J. Steer,Jed Steer,GK,72,28,188,Aston Villa,English Premier League,England,Europe,Injury Prone,https://cdn.sofifa.net/players/192/317/22_120.png
231588,Joan Sastre,Joan Sastre Vanrell,"RB, LB",72,24,174,RCD Mallorca,Spain Primera Division,Spain,Europe,,https://cdn.sofifa.net/players/231/588/22_120.png
223033,Jorge Meré,Jorge Meré Pérez,CB,72,24,182,1. FC Köln,German 1. Bundesliga,Spain,Europe,,https://cdn.sofifa.net/players/223/033/22_120.png
210868,José Mari,José María Martín-Bejarano Serrano,"CDM, CM",72,33,180,Cádiz CF,Spain Primera Division,Spain,Europe,"Leadership, Long Shot Taker (AI), Team Player",https://cdn.sofifa.net/players/210/868/22_120.png
225669,K. Ehizibue,Kingsley Ehizibue,"RB, RWB",72,26,189,1. FC Köln,German 1. Bundesliga,Nigeria,Africa,Long Throw-in,https://cdn.sofifa.net/players/225/669/22_120.png
244068,K. Schlotterbeck,Keven Schlotterbeck,CB,72,24,189,Sport-Club Freiburg,German 1. Bundesliga,Germany,Europe,,https://cdn.sofifa.net/players/244/068/22_120.png
202151,K. Stafylidis,Konstantinos Stafylidis,"LB, LWB",72,27,178,VfL Bochum 1848,German 1. Bundesliga,Greece,Europe,"Injury Prone, Long Shot Taker (AI)",https://cdn.sofifa.net/players/202/151/22_120.png
256035,K. Sulemana,Kamaldeen Sulemana,"LW, ST",72,19,174,Stade Rennais FC,French Ligue 1,Ghana,Africa,"Finesse Shot, Flair, Speed Dribbler (AI), Technical Dribbler (AI)",https://cdn.sofifa.net/players/256/035/22_120.png
257025,K. de la Fuente,Konrad de la Fuente,"LW, RW",72,19,170,Olympique de Marseille,French Ligue 1,United States,North America,Speed Dribbler (AI),https://cdn.sofifa.net/players/257/025/22_120.png
228716,Kevin,Kevin Vázquez Comesaña,"RB, RWB",72,28,173,RC Celta de Vigo,Spain Primera Division,Spain,Europe,Injury Prone,https://cdn.sofifa.net/players/228/716/22_120.png
245253,L. Barreiro Martins,Leandro Barreiro Martins,"CM, CDM",72,21,174,1. FSV Mainz 05,German 1. Bundesliga,Luxembourg,Europe,,https://cdn.sofifa.net/players/245/253/22_120.png
208335,L. Kübler,Lukas Kübler,"RB, RWB",72,28,182,Sport-Club Freiburg,German 1. Bundesliga,Germany,Europe,,https://cdn.sofifa.net/players/208/335/22_120.png
224508,L. Mancuso,Leonardo Mancuso,"ST, LW",72,29,182,Empoli,Italian Serie A,Italy,Europe,,https://cdn.sofifa.net/players/224/508/22_120.png
213134,L. Öztunalı,Levin Mete Öztunali,"RM, RW, CM",72,25,184,1. FC Union Berlin,German 1. Bundesliga,Germany,Europe,Speed Dribbler (AI),https://cdn.sofifa.net/players/213/134/22_120.png
240095,L. Štulac,Leo Štulac,"CDM, CM",72,26,175,Empoli,Italian Serie A,Slovenia,Europe,,https://cdn.sofifa.net/players/240/095/22_120.png
234791,Luan Peres,Luan Peres Petroni,CB,72,26,190,Olympique de Marseille,French Ligue 1,Brazil,South America,,https://cdn.sofifa.net/players/234/791/22_120.png
230672,Lyanco,Lyanco Evangelista Silveira Neves Vojnović,CB,72,24,187,Southampton,English Premier League,Brazil,South America,,https://cdn.sofifa.net/players/230/672/22_120.png
219984,M. Aramu,Mattia Aramu,"CAM, ST, RW",72,26,180,Venezia FC,Italian Serie A,Italy,Europe,Playmaker (AI),https://cdn.sofifa.net/players/219/984/22_120.png
254548,M. Bard,Melvin Michel Maxence Bard,LB,72,20,173,OGC Nice,French Ligue 1,France,Europe,Dives Into Tackles (AI),https://cdn.sofifa.net/players/254/548/22_120.png
211354,M. Benassi,Marco Benassi,"CM, CF",72,26,184,Fiorentina,Italian Serie A,Italy,Europe,,https://cdn.sofifa.net/players/211/354/22_120.png
208459,M. Dijks,Mitchell Dijks,LB,72,28,194,Bologna,Italian Serie A,Netherlands,Europe,"Injury Prone, Early Crosser",https://cdn.sofifa.net/players/208/459/22_120.png
224368,M. Doumbia,Moussa Doumbia,"LM, LW",72,26,173,Stade de Reims,French Ligue 1,Mali,Africa,Speed Dribbler (AI),https://cdn.sofifa.net/players/224/368/22_120.png
200212,M. Esser,Michael Esser,GK,72,33,198,VfL Bochum 1848,German 1. Bundesliga,Germany,Europe,"Long Passer (AI), GK Long Throw, Team Player",https://cdn.sofifa.net/players/200/212/22_120.png
226356,M. Fares,Mohamed Salim Fares,"LM, LB, LW",72,25,183,Genoa,Italian Serie A,Algeria,Africa,Speed Dribbler (AI),https://cdn.sofifa.net/players/226/356/22_120.png
230564,M. Gaćinović,Mijat Gaćinović,"CAM, CM, RWB",72,26,175,TSG Hoffenheim,German 1. Bundesliga,Serbia,Europe,,https://cdn.sofifa.net/players/230/564/22_120.png
199439,M. Gregoritsch,Michael Gregoritsch,"ST, CAM",72,27,193,FC Augsburg,German 1. Bundesliga,Austria,Europe,"Power Free-Kick, Finesse Shot, Long Shot Taker (AI), Outside Foot Shot",https://cdn.sofifa.net/players/199/439/22_120.png
192725,M. Le Marchand,Maxime Le Marchand,"CB, LB",72,31,185,RC Strasbourg Alsace,French Ligue 1,France,Europe,Long Passer (AI),https://cdn.sofifa.net/players/192/725/22_120.png
234843,M. Leitsch,Maxim Leitsch,"CB, LB",72,23,188,VfL Bochum 1848,German 1. Bundesliga,Germany,Europe,Injury Prone,https://cdn.sofifa.net/players/234/843/22_120.png
258946,M. Lovato,Matteo Lovato,CB,72,21,188,Atalanta,Italian Serie A,Italy,Europe,,https://cdn.sofifa.net/players/258/946/22_120.png
251325,M. Meyerhöfer,Marco Meyerhöfer,"RB, RM",72,25,179,SpVgg Greuther Fürth,German 1. Bundesliga,Germany,Europe,Technical Dribbler (AI),https://cdn.sofifa.net/players/251/325/22_120.png
215565,M. Miazga,Matthew Miazga,CB,72,25,193,Deportivo Alavés,Spain Primera Division,United States,North America,,https://cdn.sofifa.net/players/215/565/22_120.png
235432,M. Munetsi,Marshall Nyasha Munetsi,"CDM, CM, CB",72,25,188,Stade de Reims,French Ligue 1,Zimbabwe,Africa,Leadership,https://cdn.sofifa.net/players/235/432/22_120.png
224967,M. Sylla,Mamadou Sylla Diallo,"ST, RM, LM",72,27,184,Deportivo Alavés,Spain Primera Division,Senegal,Africa,,https://cdn.sofifa.net/players/224/967/22_120.png
193062,M. Zeegelaar,Marvin Zeegelaar,"LM, LB",72,30,186,Udinese Calcio,Italian Serie A,Netherlands,Europe,,https://cdn.sofifa.net/players/193/062/22_120.png
219688,Marcos Mauro,Marcos Mauro López Gutiérrez,CB,72,30,190,Cádiz CF,Spain Primera Division,Argentina,South America,,https://cdn.sofifa.net/players/219/688/22_120.png
171018,Mario Suárez,Mario Suárez Mata,"CDM, CM",72,34,188,Rayo Vallecano,Spain Primera Division,Spain,Europe,Long Passer (AI),https://cdn.sofifa.net/players/171/018/22_120.png
196801,Mexer,Edson André Sitoe,CB,72,32,186,FC Girondins de Bordeaux,French Ligue 1,Mozambique,Africa,,https://cdn.sofifa.net/players/196/801/22_120.png
239136,N. Cozza,Nicolas Louis Marcel Cozza,"CB, LB",72,22,178,Montpellier Hérault SC,French Ligue 1,France,Europe,,https://cdn.sofifa.net/players/239/136/22_120.png
199897,N. Höfler,Nicolas Höfler,"CDM, CM",72,31,181,Sport-Club Freiburg,German 1. Bundesliga,Germany,Europe,Dives Into Tackles (AI),https://cdn.sofifa.net/players/199/897/22_120.png
205934,N. Murru,Nicola Murru,LB,72,26,180,U.C. Sampdoria,Italian Serie A,Italy,Europe,,https://cdn.sofifa.net/players/205/934/22_120.png
234514,O. El Hajjam,Oualid El Hajjam,"CB, RB, RWB",72,30,180,ESTAC Troyes,French Ligue 1,Morocco,Africa,Dives Into Tackles (AI),https://cdn.sofifa.net/players/234/514/22_120.png
234457,O. Etebo,Oghenekaro Peter Etebo,"CM, CDM",72,25,176,Watford,English Premier League,Nigeria,Africa,Long Shot Taker (AI),https://cdn.sofifa.net/players/234/457/22_120.png
237540,P. Förster,Philipp Förster,"CAM, CF",72,26,188,VfB Stuttgart,German 1. Bundesliga,Germany,Europe,,https://cdn.sofifa.net/players/237/540/22_120.png
194020,Pelé,Judilson Mamadu Tuncará Gomes,"CDM, CM",72,29,182,AS Monaco,French Ligue 1,Guinea Bissau,Africa,Long Passer (AI),https://cdn.sofifa.net/players/194/020/22_120.png
209937,Quini,Joaquín José Marín Ruiz,"LB, RB",72,31,178,Granada CF,Spain Primera Division,Spain,Europe,Injury Prone,https://cdn.sofifa.net/players/209/937/22_120.png
211826,R. Czichos,Rafael Czichos,"CB, LB",72,31,187,1. FC Köln,German 1. Bundesliga,Germany,Europe,,https://cdn.sofifa.net/players/211/826/22_120.png
211385,R. Durmisi,Riza Durmisi,"LB, LWB, LM",72,27,168,Lazio,Italian Serie A,Denmark,Europe,"Flair, Speed Dribbler (AI)",https://cdn.sofifa.net/players/211/385/22_120.png
183632,R. Tesche,Robert Tesche,"CDM, CM",72,34,182,VfL Bochum 1848,German 1. Bundesliga,Germany,Europe,,https://cdn.sofifa.net/players/183/632/22_120.png
189576,Ramalho,Jonás Ramalho Chimeno,"CB, RB",72,28,181,CA Osasuna,Spain Primera Division,Angola,Africa,"Long Throw-in, Power Header",https://cdn.sofifa.net/players/189/576/22_120.png
189061,S. Burchert,Sascha Burchert,GK,72,31,187,SpVgg Greuther Fürth,German 1. Bundesliga,Germany,Europe,Leadership,https://cdn.sofifa.net/players/189/061/22_120.png
257204,S. Diomande,Sinaly Diomandé,CB,72,20,184,Olympique Lyonnais,French Ligue 1,Côte d'Ivoire,Africa,,https://cdn.sofifa.net/players/257/204/22_120.png
192622,S. Duffy,Shane Patrick Michael Duffy,CB,72,29,193,Brighton & Hove Albion,English Premier League,Republic of Ireland,Europe,"Power Header, Team Player",https://cdn.sofifa.net/players/192/622/22_120.png
222553,S. Griesbeck,Sebastian Griesbeck,CDM,72,30,189,SpVgg Greuther Fürth,German 1. Bundesliga,Germany,Europe,Dives Into Tackles (AI),https://cdn.sofifa.net/players/222/553/22_120.png
169216,S. Long,Shane Patrick Long,ST,72,34,178,Southampton,English Premier League,Republic of Ireland,Europe,Speed Dribbler (AI),https://cdn.sofifa.net/players/169/216/22_120.png
237161,S. Longstaff,Sean Longstaff,"CM, CAM",72,23,180,Newcastle United,English Premier League,England,Europe,"Long Passer (AI), Long Shot Taker (AI)",https://cdn.sofifa.net/players/237/161/22_120.png
202135,S. Sturaro,Stefano Sturaro,CM,72,28,181,Genoa,Italian Serie A,Italy,Europe,"Injury Prone, Dives Into Tackles (AI)",https://cdn.sofifa.net/players/202/135/22_120.png
217731,Sandro,Sandro Ramírez Castillo,ST,72,25,175,Getafe CF,Spain Primera Division,Spain,Europe,Long Shot Taker (AI),https://cdn.sofifa.net/players/217/731/22_120.png
224013,Sergi Canós,Sergi Canós Tenés,"LW, LWB, RWB",72,24,175,Brentford,English Premier League,Spain,Europe,"Dives Into Tackles (AI), Flair, Long Shot Taker (AI), Technical Dribbler (AI)",https://cdn.sofifa.net/players/224/013/22_120.png
229624,Sergi Guardiola,Sergio Guardiola Navarro,ST,72,30,184,Rayo Vallecano,Spain Primera Division,Spain,Europe,Outside Foot Shot,https://cdn.sofifa.net/players/229/624/22_120.png
222464,Sivera,Antonio Sivera Salvá,GK,72,24,184,Deportivo Alavés,Spain Primera Division,Spain,Europe,,https://cdn.sofifa.net/players/222/464/22_120.png
240100,T. Augello,Tommaso Augello,LB,72,26,180,U.C. Sampdoria,Italian Serie A,Italy,Europe,Early Crosser,https://cdn.sofifa.net/players/240/100/22_120.png
223641,T. Baumgartl,Timo Baumgartl,CB,72,25,190,1. FC Union Berlin,German 1. Bundesliga,Germany,Europe,,https://cdn.sofifa.net/players/223/641/22_120.png
206506,T. Dingomé,Tristan Dingomé,"CM, CAM",72,30,174,ESTAC Troyes,French Ligue 1,France,Europe,Team Player,https://cdn.sofifa.net/players/206/506/22_120.png
239671,Tete Morente,José Antonio Morente Oliva,"RM, LM, CF",72,24,184,Elche CF,Spain Primera Division,Spain,Europe,"Speed Dribbler (AI), Technical Dribbler (AI)",https://cdn.sofifa.net/players/239/671/22_120.png
247182,Tuta,Lucas Silva Melo,CB,72,21,185,Eintracht Frankfurt,German 1. Bundesliga,Brazil,South America,Long Passer (AI),https://cdn.sofifa.net/players/247/182/22_120.png
215569,Unai García,Unai García Lugea,CB,72,28,186,CA Osasuna,Spain Primera Division,Spain,Europe,,https://cdn.sofifa.net/players/215/569/22_120.png
185172,V. Fiorillo,Vincenzo Fiorillo,GK,72,31,190,US Salernitana 1919,Italian Serie A,Italy,Europe,Comes For Crosses,https://cdn.sofifa.net/players/185/172/22_120.png
204830,Vadillo,Álvaro Vadillo Cifuentes,"LM, RM",72,26,180,RCD Espanyol de Barcelona,Spain Primera Division,Spain,Europe,"Flair, Outside Foot Shot, Technical Dribbler (AI)",https://cdn.sofifa.net/players/204/830/22_120.png
176285,W. Reid,Winston Wiremu Reid,CB,72,32,190,West Ham United,English Premier League,New Zealand,Oceania,"Injury Prone, Team Player",https://cdn.sofifa.net/players/176/285/22_120.png
235553,Y. Salmier,Yoann Salmier,CB,72,28,188,ESTAC Troyes,French Ligue 1,France,Europe,Solid Player,https://cdn.sofifa.net/players/235/553/22_120.png
203889,Y. Touzghar,Yoann Touzghar,ST,72,34,179,ESTAC Troyes,French Ligue 1,Tunisia,Africa,Chip Shot (AI),https://cdn.sofifa.net/players/203/889/22_120.png
183491,Zanka,Mathias Jattah-Njie Jørgensen,CB,72,31,191,Brentford,English Premier League,Denmark,Europe,,https://cdn.sofifa.net/players/183/491/22_120.png
258615,Zarraga,Oier Zarraga Egaña,"CM, CAM, RW",72,22,175,Athletic Club de Bilbao,Spain Primera Division,Spain,Europe,"Long Passer (AI), Speed Dribbler (AI), Outside Foot Shot",https://cdn.sofifa.net/players/258/615/22_120.png
246284,Óscar Gil,Óscar Gil Regaño,"RB, RWB",72,23,173,RCD Espanyol de Barcelona,Spain Primera Division,Spain,Europe,"Early Crosser, Speed Dribbler (AI)",https://cdn.sofifa.net/players/246/284/22_120.png
255223,A. Adli,Amine Adli,ST,71,21,174,Bayer 04 Leverkusen,German 1. Bundesliga,France,Europe,,https://cdn.sofifa.net/players/255/223/22_120.png
238504,A. Bassi,Amine Bassi,"CAM, CM, RM",71,23,173,FC Metz,French Ligue 1,Morocco,Africa,"Long Shot Taker (AI), Outside Foot Shot, Technical Dribbler (AI)",https://cdn.sofifa.net/players/238/504/22_120.png
247497,A. Bella Kotchap,Armel Bella Kotchap,CB,71,19,190,VfL Bochum 1848,German 1. Bundesliga,Germany,Europe,,https://cdn.sofifa.net/players/247/497/22_120.png
225855,A. Bobichon,Antonin Bobichon,"LM, CM",71,25,178,Angers SCO,French Ligue 1,France,Europe,Long Shot Taker (AI),https://cdn.sofifa.net/players/225/855/22_120.png
193910,A. Forshaw,Adam Forshaw,"CM, CDM",71,29,174,Leeds United,English Premier League,England,Europe,"Injury Prone, Playmaker (AI)",https://cdn.sofifa.net/players/193/910/22_120.png
240507,A. Gomes,Adilson Angel Abreu de Almeida Gomes,"LM, ST",71,20,168,LOSC Lille,French Ligue 1,England,Europe,"Finesse Shot, Flair, Outside Foot Shot, Technical Dribbler (AI)",https://cdn.sofifa.net/players/240/507/22_120.png
231111,A. Hack,Alexander Hack,CB,71,27,193,1. FSV Mainz 05,German 1. Bundesliga,Germany,Europe,Long Passer (AI),https://cdn.sofifa.net/players/231/111/22_120.png
233812,A. Lucoqui,Anderson-Lenda Lucoqui,"LB, LM, LWB",71,23,180,1. FSV Mainz 05,German 1. Bundesliga,Angola,Africa,,https://cdn.sofifa.net/players/233/812/22_120.png
198136,A. Ragusa,Antonino Ragusa,"RW, LW",71,31,183,Hellas Verona,Italian Serie A,Italy,Europe,"Early Crosser, Long Shot Taker (AI), Speed Dribbler (AI)",https://cdn.sofifa.net/players/198/136/22_120.png
220925,A. Schöpf,Alessandro Schöpf,"CM, RM",71,27,178,DSC Arminia Bielefeld,German 1. Bundesliga,Austria,Europe,,https://cdn.sofifa.net/players/220/925/22_120.png
238196,A. Sigurðsson,Arnór Sigurðsson,"CF, CAM, LM",71,22,177,Venezia FC,Italian Serie A,Iceland,Europe,"Flair, Speed Dribbler (AI)",https://cdn.sofifa.net/players/238/196/22_120.png
202716,Abdón Prats,Abdón Prats Bastidas,"ST, LM",71,28,181,RCD Mallorca,Spain Primera Division,Spain,Europe,,https://cdn.sofifa.net/players/202/716/22_120.png
243016,Alberto Soro,Alberto Soro Álvarez,RM,71,22,173,Granada CF,Spain Primera Division,Spain,Europe,Flair,https://cdn.sofifa.net/players/243/016/22_120.png
224442,B. Kamara,Bingourou Kamara,GK,71,24,196,RC Strasbourg Alsace,French Ligue 1,Senegal,Africa,,https://cdn.sofifa.net/players/224/442/22_120.png
189390,B. Oczipka,Bastian Oczipka,"LB, LWB, CB",71,32,185,1. FC Union Berlin,German 1. Bundesliga,Germany,Europe,"Dives Into Tackles (AI), Early Crosser",https://cdn.sofifa.net/players/189/390/22_120.png
261987,Blanco,Antonio Blanco Conde,"CM, CDM",71,20,176,Real Madrid CF,Spain Primera Division,Spain,Europe,,https://cdn.sofifa.net/players/261/987/22_120.png
233139,C. Itten,Cédric Jan Itten,"ST, CAM",71,24,189,SpVgg Greuther Fürth,German 1. Bundesliga,Switzerland,Europe,,https://cdn.sofifa.net/players/233/139/22_120.png
250954,C. Richards,Christopher Jeffrey Richards,"CB, RB",71,21,188,TSG Hoffenheim,German 1. Bundesliga,United States,North America,Power Header,https://cdn.sofifa.net/players/250/954/22_120.png
239322,C. Zimmermann,Christoph Zimmermann,CB,71,28,194,Norwich City,English Premier League,Germany,Europe,"Leadership, Power Header, Team Player",https://cdn.sofifa.net/players/239/322/22_120.png
219777,Chema Rodríguez,José Manuel Rodríguez Benito,"CB, LB",71,29,189,Getafe CF,Spain Primera Division,Spain,Europe,"Injury Prone, Long Passer (AI)",https://cdn.sofifa.net/players/219/777/22_120.png
199191,D. Appiah,Dennis Appiah,"RB, LB",71,29,179,FC Nantes,French Ligue 1,France,Europe,,https://cdn.sofifa.net/players/199/191/22_120.png
208019,D. Bain,Dénys Bain,CB,71,27,181,Stade Brestois 29,French Ligue 1,France,Europe,Power Header,https://cdn.sofifa.net/players/208/019/22_120.png
208700,D. Blum,Danny Blum,"RM, LM",71,30,183,VfL Bochum 1848,German 1. Bundesliga,Germany,Europe,"Injury Prone, Long Shot Taker (AI), Speed Dribbler (AI), Technical Dribbler (AI)",https://cdn.sofifa.net/players/208/700/22_120.png
220837,D. Machado,Deiver Andrés Machado Mena,"LB, LWB",71,27,173,Racing Club de Lens,French Ligue 1,Colombia,South America,,https://cdn.sofifa.net/players/220/837/22_120.png
212626,D. Selke,Davie Selke,ST,71,26,194,Hertha BSC,German 1. Bundesliga,Germany,Europe,,https://cdn.sofifa.net/players/212/626/22_120.png
240988,D. Vavro,Denis Vavro,CB,71,25,189,Lazio,Italian Serie A,Slovakia,Europe,"Injury Prone, Power Header",https://cdn.sofifa.net/players/240/988/22_120.png
229148,Dalbert,Dalbert Henrique Chagas Estevão,"LM, LB",71,27,181,Cagliari,Italian Serie A,Brazil,South America,Speed Dribbler (AI),https://cdn.sofifa.net/players/229/148/22_120.png
215556,E. Fernandes,Edimilson Fernandes Ribeiro,"CM, CDM",71,25,187,DSC Arminia Bielefeld,German 1. Bundesliga,Switzerland,Europe,,https://cdn.sofifa.net/players/215/556/22_120.png
223524,E. Goldaniga,Edoardo Goldaniga,CB,71,27,193,U.S. Sassuolo Calcio,Italian Serie A,Italy,Europe,,https://cdn.sofifa.net/players/223/524/22_120.png
246350,E. Le Fée,Enzo Jeremy Le Fée,"CM, CAM, RM",71,21,170,FC Lorient,French Ligue 1,France,Europe,Playmaker (AI),https://cdn.sofifa.net/players/246/350/22_120.png
238072,E. Löwen,Eduard Löwen,"CM, CAM, CDM",71,24,188,VfL Bochum 1848,German 1. Bundesliga,Germany,Europe,"Dives Into Tackles (AI), Long Shot Taker (AI)",https://cdn.sofifa.net/players/238/072/22_120.png
239964,E. Shomurodov,Eldor Shomurodov,"ST, LW, RW",71,26,190,Roma,Italian Serie A,Uzbekistan,Asia,,https://cdn.sofifa.net/players/239/964/22_120.png
220829,E. Torregrossa,Ernesto Torregrossa,ST,71,29,184,U.C. Sampdoria,Italian Serie A,Italy,Europe,,https://cdn.sofifa.net/players/220/829/22_120.png
240661,E. Vignato,Emanuel Vignato,CAM,71,20,175,Bologna,Italian Serie A,Italy,Europe,,https://cdn.sofifa.net/players/240/661/22_120.png
244269,F. Benković,Filip Benković,CB,71,23,194,Leicester City,English Premier League,Croatia,Europe,"Dives Into Tackles (AI), Long Passer (AI), Power Header",https://cdn.sofifa.net/players/244/269/22_120.png
213993,F. Forte,Francesco Forte,ST,71,28,187,Venezia FC,Italian Serie A,Italy,Europe,,https://cdn.sofifa.net/players/213/993/22_120.png
234889,F. Jensen,Hans Fredrik Jensen,"CAM, RM, LM",71,23,183,FC Augsburg,German 1. Bundesliga,Finland,Europe,,https://cdn.sofifa.net/players/234/889/22_120.png
220466,F. Mattiello,Federico Mattiello,"RM, LM",71,25,184,Atalanta,Italian Serie A,Italy,Europe,"Injury Prone, Long Shot Taker (AI)",https://cdn.sofifa.net/players/220/466/22_120.png
200968,F. Ogier,Florent Ogier,CB,71,32,183,Clermont Foot 63,French Ligue 1,France,Europe,"Leadership, Power Header",https://cdn.sofifa.net/players/200/968/22_120.png
245156,F. Russo,Franco Matías Russo Panos,CB,71,26,185,RCD Mallorca,Spain Primera Division,Argentina,South America,,https://cdn.sofifa.net/players/245/156/22_120.png
201335,F. Santander,Federico Javier Santander Mereles,ST,71,30,187,Bologna,Italian Serie A,Paraguay,South America,Power Header,https://cdn.sofifa.net/players/201/335/22_120.png
215334,G. Carrillo,Guido Marcelo Carrillo,ST,71,30,191,Elche CF,Spain Primera Division,Argentina,South America,Power Header,https://cdn.sofifa.net/players/215/334/22_120.png
257713,G. Frabotta,Gianluca Frabotta,"LWB, LB, LM",71,22,187,Hellas Verona,Italian Serie A,Italy,Europe,Early Crosser,https://cdn.sofifa.net/players/257/713/22_120.png
236368,G. Maggiore,Giulio Maggiore,CM,71,23,184,Spezia,Italian Serie A,Italy,Europe,,https://cdn.sofifa.net/players/236/368/22_120.png
247124,G. Mensah,Gideon Mensah,"LB, LWB",71,22,178,FC Girondins de Bordeaux,French Ligue 1,Ghana,Africa,Early Crosser,https://cdn.sofifa.net/players/247/124/22_120.png
240091,G. Vicario,Guglielmo Vicario,GK,71,24,188,Empoli,Italian Serie A,Italy,Europe,,https://cdn.sofifa.net/players/240/091/22_120.png
243945,Gonzalo Verdú,Gonzalo Cacicedo Verdú,CB,71,32,185,Elche CF,Spain Primera Division,Spain,Europe,,https://cdn.sofifa.net/players/243/945/22_120.png
242603,H. Marcelin,Jean Harisson Marcelin,CB,71,21,197,AS Monaco,French Ligue 1,France,Europe,,https://cdn.sofifa.net/players/242/603/22_120.png
240787,H. Traorè,Hamed Junior Traorè,"CAM, CM",71,21,177,U.S. Sassuolo Calcio,Italian Serie A,Côte d'Ivoire,Africa,,https://cdn.sofifa.net/players/240/787/22_120.png
217821,Henrique,Henrique Silva Milagres,LB,71,27,173,Olympique Lyonnais,French Ligue 1,Brazil,South America,Injury Prone,https://cdn.sofifa.net/players/217/821/22_120.png
252293,I. Jakobs,Ismail Joshua Jakobs,"LM, LWB",71,21,184,AS Monaco,French Ligue 1,Germany,Europe,Speed Dribbler (AI),https://cdn.sofifa.net/players/252/293/22_120.png
232207,I. Šaponjić,Ivan Šaponjić,ST,71,23,190,Atlético de Madrid,Spain Primera Division,Serbia,Europe,,https://cdn.sofifa.net/players/232/207/22_120.png
244257,J. Burkardt,Jonathan Michael Burkardt,"ST, RM",71,20,181,1. FSV Mainz 05,German 1. Bundesliga,Germany,Europe,,https://cdn.sofifa.net/players/244/257/22_120.png
212947,J. Cabot,Jimmy Cabot,"RM, LM",71,27,164,Angers SCO,French Ligue 1,France,Europe,Speed Dribbler (AI),https://cdn.sofifa.net/players/212/947/22_120.png
229705,J. Duverne,Jean-Kévin Duverne,CB,71,23,184,Stade Brestois 29,French Ligue 1,France,Europe,,https://cdn.sofifa.net/players/229/705/22_120.png
183921,J. Faussurier,Julien Faussurier,RB,71,34,173,Stade Brestois 29,French Ligue 1,France,Europe,Team Player,https://cdn.sofifa.net/players/183/921/22_120.png
212192,J. Green,Julian Green,"CAM, CM, LM",71,26,173,SpVgg Greuther Fürth,German 1. Bundesliga,United States,North America,"Long Shot Taker (AI), Technical Dribbler (AI)",https://cdn.sofifa.net/players/212/192/22_120.png
231263,J. Gélin,Jérémy Pierre Sincère Gelin,CB,71,24,183,Stade Rennais FC,French Ligue 1,France,Europe,,https://cdn.sofifa.net/players/231/263/22_120.png
222969,J. Hergault,Jérôme Hergault,"RB, RWB, LWB",71,35,185,FC Lorient,French Ligue 1,France,Europe,Early Crosser,https://cdn.sofifa.net/players/222/969/22_120.png
245741,J. Lindstrøm,Jesper Grænge Lindstrøm,"CAM, CM",71,21,182,Eintracht Frankfurt,German 1. Bundesliga,Denmark,Europe,"Finesse Shot, Flair, Playmaker (AI)",https://cdn.sofifa.net/players/245/741/22_120.png
204366,J. Locadia,Jürgen Locadia,"ST, LW, LM",71,27,185,Brighton & Hove Albion,English Premier League,Netherlands,Europe,Long Shot Taker (AI),https://cdn.sofifa.net/players/204/366/22_120.png
172198,J. Moulin,Jessy Moulin,GK,71,35,185,ESTAC Troyes,French Ligue 1,France,Europe,Team Player,https://cdn.sofifa.net/players/172/198/22_120.png
224440,J. Pollersbeck,Julian Pollersbeck,GK,71,26,195,Olympique Lyonnais,French Ligue 1,Germany,Europe,Rushes Out Of Goal,https://cdn.sofifa.net/players/224/440/22_120.png
242075,J. Sargent,Joshua Thomas Sargent,"ST, RW",71,21,185,Norwich City,English Premier League,United States,North America,,https://cdn.sofifa.net/players/242/075/22_120.png
254660,J. Thielmann,Jan Thielmann,"RM, CF",71,19,178,1. FC Köln,German 1. Bundesliga,Germany,Europe,,https://cdn.sofifa.net/players/254/660/22_120.png
244349,J. Vásquez,Johan Felipe Vásquez Ibarra,"CB, LB",71,22,185,Genoa,Italian Serie A,Mexico,North America,,https://cdn.sofifa.net/players/244/349/22_120.png
239441,Jordi Mboula,Jordi Mboula Queralt,"RM, LM",71,22,183,RCD Mallorca,Spain Primera Division,Spain,Europe,Speed Dribbler (AI),https://cdn.sofifa.net/players/239/441/22_120.png
237522,Jorge Cuenca,Jorge Cuenca Barreno,CB,71,21,190,Getafe CF,Spain Primera Division,Spain,Europe,"Long Passer (AI), Power Header",https://cdn.sofifa.net/players/237/522/22_120.png
252042,João Pedro,João Pedro Junqueira de Jesus,ST,71,19,182,Watford,English Premier League,Brazil,South America,Speed Dribbler (AI),https://cdn.sofifa.net/players/252/042/22_120.png
244706,K. Behrens,Kevin Behrens,ST,71,30,184,1. FC Union Berlin,German 1. Bundesliga,Germany,Europe,Power Header,https://cdn.sofifa.net/players/244/706/22_120.png
237386,K. Dewsbury-Hall,Kiernan Dewsbury-Hall,"CM, CDM",71,22,177,Leicester City,English Premier League,England,Europe,"Long Shot Taker (AI), Playmaker (AI)",https://cdn.sofifa.net/players/237/386/22_120.png
203884,K. Djidji,Lévy Koffi Djidji,CB,71,28,184,Torino F.C.,Italian Serie A,Côte d'Ivoire,Africa,Injury Prone,https://cdn.sofifa.net/players/203/884/22_120.png
226401,K. Dowell,Kieran Dowell,"CAM, LM",71,23,185,Norwich City,English Premier League,England,Europe,"Finesse Shot, Flair, Long Shot Taker (AI), Technical Dribbler (AI)",https://cdn.sofifa.net/players/226/401/22_120.png
194146,K. Long,Kevin Long,CB,71,30,190,Burnley,English Premier League,Republic of Ireland,Europe,Team Player,https://cdn.sofifa.net/players/194/146/22_120.png
229011,K. N'Doram,Kévin N'Doram,"CDM, CM",71,25,185,FC Metz,French Ligue 1,France,Europe,Injury Prone,https://cdn.sofifa.net/players/229/011/22_120.png
240099,K. Rüegg,Kevin Rüegg,"RWB, RB, RM",71,22,173,Hellas Verona,Italian Serie A,Switzerland,Europe,,https://cdn.sofifa.net/players/240/099/22_120.png
227562,L. Haraslín,Lukáš Haraslín,"LM, RM",71,25,182,U.S. Sassuolo Calcio,Italian Serie A,Slovakia,Europe,"Flair, Technical Dribbler (AI)",https://cdn.sofifa.net/players/227/562/22_120.png
234875,L. Höler,Lucas Höler,"ST, CF",71,26,184,Sport-Club Freiburg,German 1. Bundesliga,Germany,Europe,,https://cdn.sofifa.net/players/234/875/22_120.png
237631,L. Mothiba,Lebo Mothiba,ST,71,25,182,RC Strasbourg Alsace,French Ligue 1,South Africa,Africa,Injury Prone,https://cdn.sofifa.net/players/237/631/22_120.png
220529,L. Palmiero,Luca Palmiero,"CM, CDM",71,25,173,Napoli,Italian Serie A,Italy,Europe,Playmaker (AI),https://cdn.sofifa.net/players/220/529/22_120.png
254470,L. Thomas,Luke Thomas,"LWB, LB",71,20,177,Leicester City,English Premier League,England,Europe,,https://cdn.sofifa.net/players/254/470/22_120.png
220509,L. Venuti,Lorenzo Venuti,"RWB, RB, LB",71,26,176,Fiorentina,Italian Serie A,Italy,Europe,,https://cdn.sofifa.net/players/220/509/22_120.png
224378,M. Bani,Mattia Bani,CB,71,27,188,Genoa,Italian Serie A,Italy,Europe,Power Header,https://cdn.sofifa.net/players/224/378/22_120.png
204246,M. Bettinelli,Marcus Bettinelli,GK,71,29,194,Chelsea,English Premier League,England,Europe,,https://cdn.sofifa.net/players/204/246/22_120.png
244456,M. Erlić,Martin Erlić,CB,71,23,193,Spezia,Italian Serie A,Croatia,Europe,Power Header,https://cdn.sofifa.net/players/244/456/22_120.png
215247,M. Ingvartsen,Marcus Ingvartsen,"CF, CAM, ST",71,25,187,1. FSV Mainz 05,German 1. Bundesliga,Denmark,Europe,,https://cdn.sofifa.net/players/215/247/22_120.png
245021,M. Loum,Mamadou Loum N'Diaye,"CDM, CM",71,24,188,Deportivo Alavés,Spain Primera Division,Senegal,Africa,Power Header,https://cdn.sofifa.net/players/245/021/22_120.png
234333,M. Maolida,Myziane Maolida,"LM, ST",71,22,182,Hertha BSC,German 1. Bundesliga,France,Europe,"Injury Prone, Technical Dribbler (AI)",https://cdn.sofifa.net/players/234/333/22_120.png
243526,M. Müldür,Mert Müldür,"RB, CB",71,22,188,U.S. Sassuolo Calcio,Italian Serie A,Turkey,Europe,,https://cdn.sofifa.net/players/243/526/22_120.png
263230,M. Osmajić,Milutin Osmajić,"ST, LM, RM",71,21,185,Cádiz CF,Spain Primera Division,Montenegro,Europe,,https://cdn.sofifa.net/players/263/230/22_120.png
188802,M. Schmelzer,Marcel Schmelzer,LB,71,33,180,Borussia Dortmund,German 1. Bundesliga,Germany,Europe,Team Player,https://cdn.sofifa.net/players/188/802/22_120.png
224041,M. Schwäbe,Marvin Schwäbe,GK,71,26,188,1. FC Köln,German 1. Bundesliga,Germany,Europe,"Rushes Out Of Goal, Cautious With Crosses",https://cdn.sofifa.net/players/224/041/22_120.png
198420,M. Waris,Abdul Majeed Waris,"ST, RW, RM",71,29,172,RC Strasbourg Alsace,French Ligue 1,Ghana,Africa,,https://cdn.sofifa.net/players/198/420/22_120.png
231749,Miguelón,Miguel Juan Llambrich,RB,71,25,170,RCD Espanyol de Barcelona,Spain Primera Division,Spain,Europe,Early Crosser,https://cdn.sofifa.net/players/231/749/22_120.png
248484,N. Collins,Nathan Michael Collins,"CB, RB",71,20,193,Burnley,English Premier League,Republic of Ireland,Europe,,https://cdn.sofifa.net/players/248/484/22_120.png
220061,N. Gyömbér,Norbert Gyömbér,CB,71,28,189,US Salernitana 1919,Italian Serie A,Slovakia,Europe,,https://cdn.sofifa.net/players/220/061/22_120.png
241070,N. Maraš,Nikola Maraš,CB,71,25,189,Rayo Vallecano,Spain Primera Division,Serbia,Europe,,https://cdn.sofifa.net/players/241/070/22_120.png
253036,N. Mbuku,Nathanaël Mbuku,"RM, CAM, RW",71,19,170,Stade de Reims,French Ligue 1,France,Europe,,https://cdn.sofifa.net/players/253/036/22_120.png
18122,N. Penneteau,Nicolas Penneteau,GK,71,40,185,Stade de Reims,French Ligue 1,France,Europe,Solid Player,https://cdn.sofifa.net/players/018/122/22_120.png
163261,P. Bardsley,Phil Bardsley,RB,71,36,180,Burnley,English Premier League,Scotland,Europe,Dives Into Tackles (AI),https://cdn.sofifa.net/players/163/261/22_120.png
226773,P. Diop,Pape Cheikh Diop Gueye,"CDM, CM",71,23,180,Olympique Lyonnais,French Ligue 1,Senegal,Africa,,https://cdn.sofifa.net/players/226/773/22_120.png
212138,P. Frankowski,Przemysław Frankowski,"RM, LM",71,26,175,Racing Club de Lens,French Ligue 1,Poland,Europe,Speed Dribbler (AI),https://cdn.sofifa.net/players/212/138/22_120.png
236621,P. Hamel,Pierre-Yves Hamel,ST,71,27,189,Clermont Foot 63,French Ligue 1,France,Europe,,https://cdn.sofifa.net/players/236/621/22_120.png
221982,P. Roberts,Patrick Roberts,"RM, RW, CAM",71,24,170,ESTAC Troyes,French Ligue 1,England,Europe,"Finesse Shot, Technical Dribbler (AI)",https://cdn.sofifa.net/players/221/982/22_120.png
225995,P. Stojanović,Petar Stojanović,"RB, RM",71,25,178,Empoli,Italian Serie A,Slovenia,Europe,Long Passer (AI),https://cdn.sofifa.net/players/225/995/22_120.png
205812,P. Terracciano,Pietro Terracciano,GK,71,31,193,Fiorentina,Italian Serie A,Italy,Europe,Comes For Crosses,https://cdn.sofifa.net/players/205/812/22_120.png
158777,P. Tschauner,Philipp Tschauner,GK,71,35,196,RB Leipzig,German 1. Bundesliga,Germany,Europe,Comes For Crosses,https://cdn.sofifa.net/players/158/777/22_120.png
203568,P. Wszołek,Paweł Marek Wszołek,RM,71,29,183,1. FC Union Berlin,German 1. Bundesliga,Poland,Europe,"Solid Player, Speed Dribbler (AI)",https://cdn.sofifa.net/players/203/568/22_120.png
230786,Pepelu,Jose Luís García Vayá,"CDM, CM",71,22,186,Levante Unión Deportiva,Spain Primera Division,Spain,Europe,Long Passer (AI),https://cdn.sofifa.net/players/230/786/22_120.png
216282,R. Framberger,Raphael Framberger,"RB, RWB",71,25,179,FC Augsburg,German 1. Bundesliga,Germany,Europe,,https://cdn.sofifa.net/players/216/282/22_120.png
233409,R. Gumny,Robert Gumny,"RB, LB",71,23,182,FC Augsburg,German 1. Bundesliga,Poland,Europe,"Injury Prone, Speed Dribbler (AI)",https://cdn.sofifa.net/players/233/409/22_120.png
239367,R. Hack,Robin Hack,"CAM, LM, CF",71,22,176,DSC Arminia Bielefeld,German 1. Bundesliga,Germany,Europe,"Injury Prone, Chip Shot (AI), Technical Dribbler (AI)",https://cdn.sofifa.net/players/239/367/22_120.png
235413,R. Majecki,Radosław Majecki,GK,71,21,193,AS Monaco,French Ligue 1,Poland,Europe,,https://cdn.sofifa.net/players/235/413/22_120.png
230800,R. Manaj,Rey Manaj,ST,71,24,182,Spezia,Italian Serie A,Albania,Europe,,https://cdn.sofifa.net/players/230/800/22_120.png
254544,Reinier,Reinier Jesus Carvalho,"CF, CAM",71,19,185,Borussia Dortmund,German 1. Bundesliga,Brazil,South America,"Flair, Technical Dribbler (AI)",https://cdn.sofifa.net/players/254/544/22_120.png
219652,Rober Ibáñez,Roberto Ibáñez Castro,"RM, LM, ST",71,28,179,CA Osasuna,Spain Primera Division,Spain,Europe,Injury Prone,https://cdn.sofifa.net/players/219/652/22_120.png
233943,Ronaldo Vieira,Ronaldo Augusto Vieira Nan,"CDM, CM",71,22,178,U.C. Sampdoria,Italian Serie A,England,Europe,Injury Prone,https://cdn.sofifa.net/players/233/943/22_120.png
220029,S. Khaoui,Saîf-Eddine Khaoui,"CAM, RM, CM",71,26,180,Clermont Foot 63,French Ligue 1,Tunisia,Africa,Finesse Shot,https://cdn.sofifa.net/players/220/029/22_120.png
220534,S. Luperto,Sebastiano Luperto,CB,71,24,191,Empoli,Italian Serie A,Italy,Europe,Long Shot Taker (AI),https://cdn.sofifa.net/players/220/534/22_120.png
198857,S. Romagnoli,Simone Romagnoli,CB,71,31,193,Empoli,Italian Serie A,Italy,Europe,,https://cdn.sofifa.net/players/198/857/22_120.png
206159,S. Sabelli,Stefano Sabelli,"RB, RWB, RM",71,28,176,Genoa,Italian Serie A,Italy,Europe,Long Throw-in,https://cdn.sofifa.net/players/206/159/22_120.png
190697,S. Strandberg,Ken Remi Stefan Strandberg,CB,71,30,189,US Salernitana 1919,Italian Serie A,Norway,Europe,"Injury Prone, Team Player",https://cdn.sofifa.net/players/190/697/22_120.png
243497,S. Walukiewicz,Sebastian Wiktor Walukiewicz,CB,71,21,188,Cagliari,Italian Serie A,Poland,Europe,,https://cdn.sofifa.net/players/243/497/22_120.png
219709,Saúl,Saúl García Cabrero,LB,71,26,183,Deportivo Alavés,Spain Primera Division,Spain,Europe,,https://cdn.sofifa.net/players/219/709/22_120.png
235824,T. Alarcón,Tomás Jesús Alarcón Vergara,"CDM, CB, CM",71,22,174,Cádiz CF,Spain Primera Division,Chile,South America,,https://cdn.sofifa.net/players/235/824/22_120.png
243019,T. Băluță,Tudor Cristian Băluţă,"CDM, CM",71,22,188,Brighton & Hove Albion,English Premier League,Romania,Europe,,https://cdn.sofifa.net/players/243/019/22_120.png
216483,T. Fosu,Tarique Fosu,"LW, RW, CAM",71,25,172,Brentford,English Premier League,Ghana,Africa,"Flair, Long Shot Taker (AI), Technical Dribbler (AI)",https://cdn.sofifa.net/players/216/483/22_120.png
234727,T. Hübers,Timo Bernd Hübers,CB,71,24,190,1. FC Köln,German 1. Bundesliga,Germany,Europe,Injury Prone,https://cdn.sofifa.net/players/234/727/22_120.png
200332,T. Koubek,Tomáš Koubek,GK,71,28,197,FC Augsburg,German 1. Bundesliga,Czech Republic,Europe,Comes For Crosses,https://cdn.sofifa.net/players/200/332/22_120.png
240947,T. Mitchell,Tyrick Mitchell,LB,71,21,180,Crystal Palace,English Premier League,England,Europe,Speed Dribbler (AI),https://cdn.sofifa.net/players/240/947/22_120.png
203128,T. Monconduit,Thomas Monconduit,"CDM, CM",71,30,184,FC Lorient,French Ligue 1,France,Europe,,https://cdn.sofifa.net/players/203/128/22_120.png
252961,T. Nianzou,Tanguy-Austin Nianzou Kouassi,"CB, CDM",71,19,187,FC Bayern München,German 1. Bundesliga,France,Europe,Injury Prone,https://cdn.sofifa.net/players/252/961/22_120.png
206423,V. Haroyan,Varazdat Haroyan,CB,71,28,185,Cádiz CF,Spain Primera Division,Armenia,Europe,,https://cdn.sofifa.net/players/206/423/22_120.png
230019,V. Nsimba,Vital Manuel N'Simba,LB,71,27,167,Clermont Foot 63,French Ligue 1,Congo DR,Africa,"Solid Player, Early Crosser",https://cdn.sofifa.net/players/230/019/22_120.png
248550,Vivian,Daniel Vivian Moreno,CB,71,21,183,Athletic Club de Bilbao,Spain Primera Division,Spain,Europe,"Leadership, Long Passer (AI)",https://cdn.sofifa.net/players/248/550/22_120.png
253177,Y. Musah,Yunus Dimoara Musah,"RM, LM, CAM",71,18,178,Valencia CF,Spain Primera Division,United States,North America,,https://cdn.sofifa.net/players/253/177/22_120.png
236316,Y. Valery,Yan Valery,"RB, RWB",71,22,180,Southampton,English Premier League,France,Europe,,https://cdn.sofifa.net/players/236/316/22_120.png
240671,Y. Çetin,Yıldırım Mert Çetin,CB,71,24,189,Hellas Verona,Italian Serie A,Turkey,Europe,,https://cdn.sofifa.net/players/240/671/22_120.png
236830,Z. Youssouf,Zaydou Youssouf,"CM, RM, CDM",71,21,182,AS Saint-Étienne,French Ligue 1,France,Europe,,https://cdn.sofifa.net/players/236/830/22_120.png
184789,Á. Szalai,Ádám Szalai,ST,71,33,193,1. FSV Mainz 05,German 1. Bundesliga,Hungary,Europe,Leadership,https://cdn.sofifa.net/players/184/789/22_120.png
243558,Óscar Valentín,Óscar Valentín Martín Luengo,"CDM, CM",71,26,177,Rayo Vallecano,Spain Primera Division,Spain,Europe,,https://cdn.sofifa.net/players/243/558/22_120.png
256268,A. Broja,Armando Broja,ST,70,19,191,Southampton,English Premier League,Albania,Europe,,https://cdn.sofifa.net/players/256/268/22_120.png
237286,A. Connolly,Aaron Anthony Connolly,ST,70,21,175,Brighton & Hove Albion,English Premier League,Republic of Ireland,Europe,,https://cdn.sofifa.net/players/237/286/22_120.png
230144,A. Dioussé,Assane Dioussé El Hadji,"CM, CDM",70,23,175,AS Saint-Étienne,French Ligue 1,Senegal,Africa,,https://cdn.sofifa.net/players/230/144/22_120.png
219852,A. Ferrari,Alex Ferrari,"CB, RB",70,27,191,U.C. Sampdoria,Italian Serie A,Italy,Europe,Injury Prone,https://cdn.sofifa.net/players/219/852/22_120.png
239432,A. Grbic,Adrian Grbić,ST,70,24,188,FC Lorient,French Ligue 1,Austria,Europe,"Finesse Shot, Outside Foot Shot",https://cdn.sofifa.net/players/239/432/22_120.png
237647,A. Hrustić,Ajdin Hrustić,"RM, CAM, CM",70,24,183,Eintracht Frankfurt,German 1. Bundesliga,Australia,Oceania,"Long Shot Taker (AI), Playmaker (AI)",https://cdn.sofifa.net/players/237/647/22_120.png
239096,A. Karazor,Atakan Karazor,"CB, CDM, CM",70,24,191,VfB Stuttgart,German 1. Bundesliga,Germany,Europe,Dives Into Tackles (AI),https://cdn.sofifa.net/players/239/096/22_120.png
234760,A. Reca,Arkadiusz Reca,"LM, LB",70,26,187,Spezia,Italian Serie A,Poland,Europe,"Long Throw-in, Flair, Speed Dribbler (AI)",https://cdn.sofifa.net/players/234/760/22_120.png
234933,A. Sedlar,Aleksandar Sedlar,"CB, CDM",70,29,178,RCD Mallorca,Spain Primera Division,Serbia,Europe,"Long Throw-in, Solid Player",https://cdn.sofifa.net/players/234/933/22_120.png
198554,A. Ujah,Anthony Ujah,ST,70,30,180,1. FC Union Berlin,German 1. Bundesliga,Nigeria,Africa,Power Header,https://cdn.sofifa.net/players/198/554/22_120.png
215213,A. Werner,Axel Wilfredo Werner,GK,70,25,191,Elche CF,Spain Primera Division,Argentina,South America,"Rushes Out Of Goal, Saves with Feet",https://cdn.sofifa.net/players/215/213/22_120.png
220383,Aarón,Aarón Escandell Banacloche,GK,70,25,185,Granada CF,Spain Primera Division,Spain,Europe,,https://cdn.sofifa.net/players/220/383/22_120.png
206145,B. Uphoff,Benjamin Uphoff,GK,70,27,192,Sport-Club Freiburg,German 1. Bundesliga,Germany,Europe,,https://cdn.sofifa.net/players/206/145/22_120.png
228326,Brian Oliván,Brian Oliván Herrero,LB,70,27,177,RCD Mallorca,Spain Primera Division,Spain,Europe,,https://cdn.sofifa.net/players/228/326/22_120.png
239073,C. Antwi-Adjei,Christopher Antwi-Adjei,LM,70,27,173,VfL Bochum 1848,German 1. Bundesliga,Ghana,Africa,"Speed Dribbler (AI), Giant Throw-in",https://cdn.sofifa.net/players/239/073/22_120.png
211239,C. Jean,Corentin Jean,"ST, RM",70,25,170,Racing Club de Lens,French Ligue 1,France,Europe,Speed Dribbler (AI),https://cdn.sofifa.net/players/211/239/22_120.png
226050,C. Teuchert,Cedric Teuchert,"ST, RW",70,24,182,1. FC Union Berlin,German 1. Bundesliga,Germany,Europe,Speed Dribbler (AI),https://cdn.sofifa.net/players/226/050/22_120.png
231098,C. Traoré,Charles Traoré,LB,70,29,180,FC Nantes,French Ligue 1,Mali,Africa,,https://cdn.sofifa.net/players/231/098/22_120.png
262081,Cantero,Alejandro Cantero Sánchez,"LM, RM, ST",70,21,184,Levante Unión Deportiva,Spain Primera Division,Spain,Europe,Technical Dribbler (AI),https://cdn.sofifa.net/players/262/081/22_120.png
209532,D. Bachmann,Daniel Bachmann,GK,70,26,191,Watford,English Premier League,Austria,Europe,Comes For Crosses,https://cdn.sofifa.net/players/209/532/22_120.png
193077,D. Falcinelli,Diego Falcinelli,ST,70,30,186,Bologna,Italian Serie A,Italy,Europe,,https://cdn.sofifa.net/players/193/077/22_120.png
237502,D. Johnsen,Dennis Tørset Johnsen,LW,70,23,185,Venezia FC,Italian Serie A,Norway,Europe,"Flair, Outside Foot Shot, Technical Dribbler (AI)",https://cdn.sofifa.net/players/237/502/22_120.png
233732,D. Okereke,David Chidozie Okereke,"ST, RW, LW",70,23,181,Venezia FC,Italian Serie A,Nigeria,Africa,Flair,https://cdn.sofifa.net/players/233/732/22_120.png
227106,Diego González,Diego González Polanco,"CB, LB",70,26,185,Elche CF,Spain Primera Division,Spain,Europe,Power Header,https://cdn.sofifa.net/players/227/106/22_120.png
258433,E. Matazo,Eliot Matazo,"CDM, CM",70,19,174,AS Monaco,French Ligue 1,Belgium,Europe,,https://cdn.sofifa.net/players/258/433/22_120.png
241410,E. Salcedo,Eddie Anthony Salcedo Mora,"CF, ST",70,19,178,Spezia,Italian Serie A,Italy,Europe,Technical Dribbler (AI),https://cdn.sofifa.net/players/241/410/22_120.png
260407,E. Wahi,Sepe Elye Wahi,"ST, LM",70,18,184,Montpellier Hérault SC,French Ligue 1,France,Europe,"Flair, Outside Foot Shot, Technical Dribbler (AI)",https://cdn.sofifa.net/players/260/407/22_120.png
242818,F. Dahmen,Finn Gilbert Dahmen,GK,70,23,187,1. FSV Mainz 05,German 1. Bundesliga,Germany,Europe,Cautious With Crosses,https://cdn.sofifa.net/players/242/818/22_120.png
251429,F. Kunze,Fabian Kunze,"CDM, CM",70,23,191,DSC Arminia Bielefeld,German 1. Bundesliga,Germany,Europe,,https://cdn.sofifa.net/players/251/429/22_120.png
228080,F. Passlack,Felix Passlack,"RM, RB",70,23,170,Borussia Dortmund,German 1. Bundesliga,Germany,Europe,Solid Player,https://cdn.sofifa.net/players/228/080/22_120.png
253283,F. Pellistri,Facundo Pellistri Rebollo,RM,70,19,175,Deportivo Alavés,Spain Primera Division,Uruguay,South America,Technical Dribbler (AI),https://cdn.sofifa.net/players/253/283/22_120.png
178418,F. Peluso,Federico Peluso,"CB, LB",70,37,188,U.S. Sassuolo Calcio,Italian Serie A,Italy,Europe,,https://cdn.sofifa.net/players/178/418/22_120.png
252146,Franquesa,Enric Franquesa Dolz,"LB, LM, LWB",70,24,174,Levante Unión Deportiva,Spain Primera Division,Spain,Europe,,https://cdn.sofifa.net/players/252/146/22_120.png
252037,Fábio Silva,Fábio Daniel Soares Silva,ST,70,18,185,Wolverhampton Wanderers,English Premier League,Portugal,Europe,,https://cdn.sofifa.net/players/252/037/22_120.png
239575,G. Nyamsi,Gerzino Nyamsi,CB,70,24,195,RC Strasbourg Alsace,French Ligue 1,France,Europe,,https://cdn.sofifa.net/players/239/575/22_120.png
106795,G. Pegolo,Gianluca Pegolo,GK,70,40,183,U.S. Sassuolo Calcio,Italian Serie A,Italy,Europe,"GK Long Throw, Team Player",https://cdn.sofifa.net/players/106/795/22_120.png
214944,Gumbau,Gerard Gumbau Garriga,"CDM, CM",70,26,187,Elche CF,Spain Primera Division,Spain,Europe,Long Passer (AI),https://cdn.sofifa.net/players/214/944/22_120.png
253718,I. Ramírez,Juan Ignacio Ramírez Polero,ST,70,24,179,AS Saint-Étienne,French Ligue 1,Uruguay,South America,,https://cdn.sofifa.net/players/253/718/22_120.png
222634,I. Success,Isaac Ajayi Success,"ST, RM, LM",70,25,182,Udinese Calcio,Italian Serie A,Nigeria,Africa,"Injury Prone, Speed Dribbler (AI)",https://cdn.sofifa.net/players/222/634/22_120.png
246928,Iván Martín,Iván Martín Núñez,"RM, CAM, LM",70,22,178,Deportivo Alavés,Spain Primera Division,Spain,Europe,Technical Dribbler (AI),https://cdn.sofifa.net/players/246/928/22_120.png
242660,J. Beyer,Louis Jordan Beyer,"RB, CB",70,21,187,Borussia Mönchengladbach,German 1. Bundesliga,Germany,Europe,,https://cdn.sofifa.net/players/242/660/22_120.png
209818,J. Brenet,Joshua Brenet,"LB, RB, RWB",70,27,181,TSG Hoffenheim,German 1. Bundesliga,Netherlands,Europe,Early Crosser,https://cdn.sofifa.net/players/209/818/22_120.png
239340,J. Chabot,Julian Chabot,CB,70,23,195,U.C. Sampdoria,Italian Serie A,Germany,Europe,"Dives Into Tackles (AI), Power Header",https://cdn.sofifa.net/players/239/340/22_120.png
252541,J. Chotard,Joris Chotard,"CM, CDM",70,19,179,Montpellier Hérault SC,French Ligue 1,France,Europe,Outside Foot Shot,https://cdn.sofifa.net/players/252/541/22_120.png
206042,J. Dezi,Jacopo Dezi,"CM, CAM",70,29,178,Venezia FC,Italian Serie A,Italy,Europe,,https://cdn.sofifa.net/players/206/042/22_120.png
243249,J. Ekkelenkamp,Jurgen Ekkelenkamp,"CAM, CM",70,21,188,Hertha BSC,German 1. Bundesliga,Netherlands,Europe,,https://cdn.sofifa.net/players/243/249/22_120.png
208862,J. Giraudon,Jimmy Giraudon,CB,70,29,184,ESTAC Troyes,French Ligue 1,France,Europe,Long Passer (AI),https://cdn.sofifa.net/players/208/862/22_120.png
209840,J. Jeanvier,Julian Jeanvier,CB,70,28,185,Brentford,English Premier League,Guinea,Africa,"Injury Prone, Dives Into Tackles (AI), Power Header",https://cdn.sofifa.net/players/209/840/22_120.png
230686,J. Makengo,Jean-Victor Makengo,CM,70,23,177,Udinese Calcio,Italian Serie A,France,Europe,Long Shot Taker (AI),https://cdn.sofifa.net/players/230/686/22_120.png
239778,J. Moder,Jakub Piotr Moder,"CDM, LM",70,22,188,Brighton & Hove Albion,English Premier League,Poland,Europe,"Power Free-Kick, Long Shot Taker (AI)",https://cdn.sofifa.net/players/239/778/22_120.png
163600,J. Ruddy,John Ruddy,GK,70,34,193,Wolverhampton Wanderers,English Premier League,England,Europe,"Solid Player, Team Player, Comes For Crosses",https://cdn.sofifa.net/players/163/600/22_120.png
197777,J. Sala,Jacopo Sala,"RB, RM, LB",70,29,181,Spezia,Italian Serie A,Italy,Europe,Injury Prone,https://cdn.sofifa.net/players/197/777/22_120.png
233705,J. Sørensen,Jakob Lungi Sørensen,"LB, CM, CDM",70,23,184,Norwich City,English Premier League,Denmark,Europe,,https://cdn.sofifa.net/players/233/705/22_120.png
255268,Javi Martínez,Javier Martínez Calvo,"CM, RM",70,21,180,CA Osasuna,Spain Primera Division,Spain,Europe,Technical Dribbler (AI),https://cdn.sofifa.net/players/255/268/22_120.png
239138,Jeong Woo Yeong,정우영 Woo Yeong Jeong,"RM, CF",70,21,179,Sport-Club Freiburg,German 1. Bundesliga,Korea Republic,Asia,"Speed Dribbler (AI), Technical Dribbler (AI)",https://cdn.sofifa.net/players/239/138/22_120.png
225673,K. Adams Nuhu,Kasim Adams Nuhu,CB,70,26,190,TSG Hoffenheim,German 1. Bundesliga,Ghana,Africa,Dives Into Tackles (AI),https://cdn.sofifa.net/players/225/673/22_120.png
206141,K. Coulibaly,Kalifa Coulibaly,ST,70,29,197,FC Nantes,French Ligue 1,Mali,Africa,,https://cdn.sofifa.net/players/206/141/22_120.png
211504,L. Baker,Lewis Baker,"CDM, CAM, CM",70,26,182,Chelsea,English Premier League,England,Europe,Long Shot Taker (AI),https://cdn.sofifa.net/players/211/504/22_120.png
257271,L. Gourna,Lucas Gourna-Douath,CDM,70,17,185,AS Saint-Étienne,French Ligue 1,France,Europe,,https://cdn.sofifa.net/players/257/271/22_120.png
229487,L. Klünter,Lukas Klünter,"CB, RB",70,25,184,Hertha BSC,German 1. Bundesliga,Germany,Europe,,https://cdn.sofifa.net/players/229/487/22_120.png
219584,L. Lezzerini,Luca Lezzerini,GK,70,26,195,Venezia FC,Italian Serie A,Italy,Europe,,https://cdn.sofifa.net/players/219/584/22_120.png
240311,L. Zidane,Luca Zinedine Zidane,GK,70,23,183,Rayo Vallecano,Spain Primera Division,France,Europe,,https://cdn.sofifa.net/players/240/311/22_120.png
198039,M. Gillespie,Mark Gillespie,GK,70,29,192,Newcastle United,English Premier League,England,Europe,"GK Long Throw, Saves with Feet",https://cdn.sofifa.net/players/198/039/22_120.png
245336,M. Kilman,Maximilian Kilman,CB,70,24,195,Wolverhampton Wanderers,English Premier League,England,Europe,,https://cdn.sofifa.net/players/245/336/22_120.png
229236,M. Udol,Matthieu Udol,"LB, LWB, CB",70,25,178,FC Metz,French Ligue 1,France,Europe,Injury Prone,https://cdn.sofifa.net/players/229/236/22_120.png
237156,M. Wagué,Moussa Wagué,"RB, RWB, LB",70,22,177,FC Barcelona,Spain Primera Division,Senegal,Africa,,https://cdn.sofifa.net/players/237/156/22_120.png
241933,Monchu,Ramón Rodríguez Jiménez,"CM, CDM",70,21,173,Granada CF,Spain Primera Division,Spain,Europe,"Solid Player, Long Shot Taker (AI)",https://cdn.sofifa.net/players/241/933/22_120.png
241071,Moreto Cassamá,Moreto Moro Cassamá,CDM,70,23,165,Stade de Reims,French Ligue 1,Guinea Bissau,Africa,"Long Passer (AI), Playmaker (AI), Technical Dribbler (AI)",https://cdn.sofifa.net/players/241/071/22_120.png
225117,N. Haas,Nicolas Thibault Haas,"CM, CDM",70,25,181,Empoli,Italian Serie A,Switzerland,Europe,,https://cdn.sofifa.net/players/225/117/22_120.png
246666,N. Katterbach,Noah Katterbach,LB,70,20,178,1. FC Köln,German 1. Bundesliga,Germany,Europe,,https://cdn.sofifa.net/players/246/666/22_120.png
255001,N. Rovella,Nicolò Rovella,"CM, CDM",70,19,179,Genoa,Italian Serie A,Italy,Europe,,https://cdn.sofifa.net/players/255/001/22_120.png
251530,Nuno Tavares,Nuno Albertino Varela Tavares,LB,70,21,183,Arsenal,English Premier League,Portugal,Europe,"Early Crosser, Speed Dribbler (AI)",https://cdn.sofifa.net/players/251/530/22_120.png
258608,O. Bukari,Osman Bukari,"RM, ST",70,22,170,FC Nantes,French Ligue 1,Ghana,Africa,"Flair, Technical Dribbler (AI)",https://cdn.sofifa.net/players/258/608/22_120.png
236758,O. Christensen,Oliver Christensen,GK,70,22,190,Hertha BSC,German 1. Bundesliga,Denmark,Europe,,https://cdn.sofifa.net/players/236/758/22_120.png
256675,O. Marmoush,Omar Khaled Mohamed Marmoush,"ST, RM, LM",70,22,177,VfB Stuttgart,German 1. Bundesliga,Egypt,Africa,Technical Dribbler (AI),https://cdn.sofifa.net/players/256/675/22_120.png
246947,P. Akouokou,Edgar Paul Akouokou,"CDM, CM",70,23,182,Real Betis Balompié,Spain Primera Division,Côte d'Ivoire,Africa,Long Shot Taker (AI),https://cdn.sofifa.net/players/246/947/22_120.png
250858,P. Ciss,Ismaila Pathé Ciss,"CDM, CM",70,27,185,Rayo Vallecano,Spain Primera Division,Senegal,Africa,Solid Player,https://cdn.sofifa.net/players/250/858/22_120.png
256197,P. Hincapié,Piero Martín Hincapié Reyna,CB,70,19,183,Bayer 04 Leverkusen,German 1. Bundesliga,Ecuador,South America,,https://cdn.sofifa.net/players/256/197/22_120.png
242958,P. Jaeckel,Paul Jaeckel,"CB, CDM",70,22,188,1. FC Union Berlin,German 1. Bundesliga,Germany,Europe,,https://cdn.sofifa.net/players/242/958/22_120.png
205086,P. Klement,Phillipp Klement,"CAM, CM",70,28,175,VfB Stuttgart,German 1. Bundesliga,Germany,Europe,"Playmaker (AI), Outside Foot Shot",https://cdn.sofifa.net/players/205/086/22_120.png
259868,P. Sarr,Pape Matar Sarr,"CM, CDM",70,18,184,FC Metz,French Ligue 1,Senegal,Africa,Long Shot Taker (AI),https://cdn.sofifa.net/players/259/868/22_120.png
229584,P. Stenzel,Pascal Stenzel,"CB, RB",70,25,183,VfB Stuttgart,German 1. Bundesliga,Germany,Europe,,https://cdn.sofifa.net/players/229/584/22_120.png
231848,Q. Boisgard,Quentin Boisgard,"CM, LM, RM",70,24,174,FC Lorient,French Ligue 1,France,Europe,Technical Dribbler (AI),https://cdn.sofifa.net/players/231/848/22_120.png
211231,R. Azeez,Ramon Olamilekan Azeez,"CDM, CM, CAM",70,28,169,Granada CF,Spain Primera Division,Nigeria,Africa,"Solid Player, Playmaker (AI)",https://cdn.sofifa.net/players/211/231/22_120.png
210880,R. Fiamozzi,Riccardo Fiamozzi,RB,70,28,178,Empoli,Italian Serie A,Italy,Europe,,https://cdn.sofifa.net/players/210/880/22_120.png
239894,R. Kouamé,N'Guessan Rominigue Kouamé,"CM, CDM",70,24,177,ESTAC Troyes,French Ligue 1,Mali,Africa,,https://cdn.sofifa.net/players/239/894/22_120.png
225908,R. Oxford,Reece Oxford,"CB, CDM, RB",70,22,193,FC Augsburg,German 1. Bundesliga,England,Europe,,https://cdn.sofifa.net/players/225/908/22_120.png
246431,R. Sottil,Riccardo Sottil,"LW, LM, RW",70,22,180,Fiorentina,Italian Serie A,Italy,Europe,Technical Dribbler (AI),https://cdn.sofifa.net/players/246/431/22_120.png
233097,R. van Drongelen,Rick van Drongelen,CB,70,22,185,1. FC Union Berlin,German 1. Bundesliga,Netherlands,Europe,"Dives Into Tackles (AI), Long Passer (AI)",https://cdn.sofifa.net/players/233/097/22_120.png
256343,Robson Bambu,Robson Alves de Barros,CB,70,23,185,OGC Nice,French Ligue 1,Brazil,South America,,https://cdn.sofifa.net/players/256/343/22_120.png
259681,Rodri,Rodrigo Sánchez Rodríguez,"LM, CAM, CM",70,21,168,Real Betis Balompié,Spain Primera Division,Spain,Europe,"Finesse Shot, Flair, Playmaker (AI), Technical Dribbler (AI)",https://cdn.sofifa.net/players/259/681/22_120.png
241629,Rogério,Rogério Oliveira da Silva,"LB, LM",70,23,178,U.S. Sassuolo Calcio,Italian Serie A,Brazil,South America,,https://cdn.sofifa.net/players/241/629/22_120.png
219836,Rubén Yáñez,Orlando Rubén Yáñez Alabart,GK,70,27,190,Getafe CF,Spain Primera Division,Spain,Europe,,https://cdn.sofifa.net/players/219/836/22_120.png
236529,S. Alzate,Steven Alzate,"CM, CAM, LM",70,22,180,Brighton & Hove Albion,English Premier League,Colombia,South America,Flair,https://cdn.sofifa.net/players/236/529/22_120.png
248053,S. Arzamendia,Santiago Arzamendia Duarte,LB,70,23,172,Cádiz CF,Spain Primera Division,Paraguay,South America,,https://cdn.sofifa.net/players/248/053/22_120.png
223790,S. Becker,Sheraldo Becker,RW,70,26,180,1. FC Union Berlin,German 1. Bundesliga,Suriname,South America,"Injury Prone, Speed Dribbler (AI)",https://cdn.sofifa.net/players/223/790/22_120.png
239747,S. Córdova,Sergio Duvan Córdova Lezama,ST,70,23,188,FC Augsburg,German 1. Bundesliga,Venezuela,South America,,https://cdn.sofifa.net/players/239/747/22_120.png
231949,S. Ghoddos,Saman Ghoddos,"CAM, CM, LW",70,27,177,Brentford,English Premier League,Iran,Asia,,https://cdn.sofifa.net/players/231/949/22_120.png
216730,S. Gregersen,Stian Rode Gregersen,CB,70,26,191,FC Girondins de Bordeaux,French Ligue 1,Norway,Europe,Dives Into Tackles (AI),https://cdn.sofifa.net/players/216/730/22_120.png
238637,S. Vasiliadis,Sebastian Vasiliadis,"CM, CDM",70,23,175,DSC Arminia Bielefeld,German 1. Bundesliga,Greece,Europe,"Dives Into Tackles (AI), Playmaker (AI)",https://cdn.sofifa.net/players/238/637/22_120.png
239732,S. Żurkowski,Szymon Piotr Żurkowski,CM,70,23,185,Empoli,Italian Serie A,Poland,Europe,Long Shot Taker (AI),https://cdn.sofifa.net/players/239/732/22_120.png
251401,T. Coulibaly,Tanguy Coulibaly,"RM, LM, CF",70,20,175,VfB Stuttgart,German 1. Bundesliga,France,Europe,"Flair, Technical Dribbler (AI)",https://cdn.sofifa.net/players/251/401/22_120.png
203344,Thiago Galhardo,Thiago Galhardo do Nascimento Rocha,"ST, CAM",70,31,183,RC Celta de Vigo,Spain Primera Division,Brazil,South America,,https://cdn.sofifa.net/players/203/344/22_120.png
241588,Toni Moya,Antonio Moya Vega,"CM, CAM, CDM",70,23,180,Deportivo Alavés,Spain Primera Division,Spain,Europe,,https://cdn.sofifa.net/players/241/588/22_120.png
179547,V. Mannone,Vito Mannone,GK,70,33,189,AS Monaco,French Ligue 1,Italy,Europe,Comes For Crosses,https://cdn.sofifa.net/players/179/547/22_120.png
224836,V. Milinković-Savić,Vanja Milinković-Savić,GK,70,24,202,Torino F.C.,Italian Serie A,Serbia,Europe,GK Long Throw,https://cdn.sofifa.net/players/224/836/22_120.png
198836,V. Pajot,Vincent Pajot,"CM, CDM",70,30,180,FC Metz,French Ligue 1,France,Europe,Injury Prone,https://cdn.sofifa.net/players/198/836/22_120.png
251873,Y. Demir,Yusuf Demir,"CAM, RM",70,18,173,FC Barcelona,Spain Primera Division,Austria,Europe,Technical Dribbler (AI),https://cdn.sofifa.net/players/251/873/22_120.png
222160,Y. Koné,Youssouf Koné,LB,70,25,174,ESTAC Troyes,French Ligue 1,Mali,Africa,"Flair, Speed Dribbler (AI)",https://cdn.sofifa.net/players/222/160/22_120.png
245714,Álex Blanco,Alejandro Blanco Sánchez,"LM, RM",70,22,175,Valencia CF,Spain Primera Division,Spain,Europe,"Finesse Shot, Technical Dribbler (AI)",https://cdn.sofifa.net/players/245/714/22_120.png
235623,Álvaro Jiménez,Álvaro José Jiménez Guerrero,RM,70,26,175,Cádiz CF,Spain Primera Division,Spain,Europe,"Flair, Speed Dribbler (AI)",https://cdn.sofifa.net/players/235/623/22_120.png
252873,A. Andrade,Andrés Alberto Andrade Cedeño,CB,69,22,187,DSC Arminia Bielefeld,German 1. Bundesliga,Panama,North America,,https://cdn.sofifa.net/players/252/873/22_120.png
227732,A. Donis,Anastasios Donis,"ST, RM",69,24,178,Stade de Reims,French Ligue 1,Greece,Europe,"Flair, Speed Dribbler (AI)",https://cdn.sofifa.net/players/227/732/22_120.png
213699,A. Fletcher,Ashley Fletcher,ST,69,25,188,Watford,English Premier League,England,Europe,Finesse Shot,https://cdn.sofifa.net/players/213/699/22_120.png
248808,A. Hickey,Aaron Hickey,"LB, RB",69,19,175,Bologna,Italian Serie A,Scotland,Europe,"Early Crosser, Long Passer (AI)",https://cdn.sofifa.net/players/248/808/22_120.png
201243,A. La Mantia,Andrea La Mantia,ST,69,30,190,Empoli,Italian Serie A,Italy,Europe,Power Header,https://cdn.sofifa.net/players/201/243/22_120.png
199574,A. Letellier,Alexandre Letellier,GK,69,30,193,Paris Saint-Germain,French Ligue 1,France,Europe,Comes For Crosses,https://cdn.sofifa.net/players/199/574/22_120.png
201938,A. Limbombe,Anthony Limbombe Ekango,"LM, RM, LW",69,26,177,FC Nantes,French Ligue 1,Belgium,Europe,"Injury Prone, Finesse Shot, Flair",https://cdn.sofifa.net/players/201/938/22_120.png
149309,A. Rosati,Antonio Rosati,GK,69,38,195,Fiorentina,Italian Serie A,Italy,Europe,Cautious With Crosses,https://cdn.sofifa.net/players/149/309/22_120.png
211325,A. Schiavone,Andrea Schiavone,"CM, CDM",69,28,180,US Salernitana 1919,Italian Serie A,Italy,Europe,"Long Shot Taker (AI), Playmaker (AI)",https://cdn.sofifa.net/players/211/325/22_120.png
257191,A. Stach,Anton Stach,"CDM, CM",69,22,194,1. FSV Mainz 05,German 1. Bundesliga,Germany,Europe,,https://cdn.sofifa.net/players/257/191/22_120.png
257278,A. Theate,Arthur Nicolas Theate,"CB, LB",69,21,184,Bologna,Italian Serie A,Belgium,Europe,,https://cdn.sofifa.net/players/257/278/22_120.png
246044,Andrés Martín,Andrés Martín García,"ST, RM, CAM",69,21,170,Rayo Vallecano,Spain Primera Division,Spain,Europe,Speed Dribbler (AI),https://cdn.sofifa.net/players/246/044/22_120.png
222692,B. Schmitz,Benno Schmitz,"RB, CB",69,26,182,1. FC Köln,German 1. Bundesliga,Germany,Europe,Team Player,https://cdn.sofifa.net/players/222/692/22_120.png
258432,C. Matsima,Chrislain Iris Aurel Matsima,CB,69,19,193,AS Monaco,French Ligue 1,France,Europe,,https://cdn.sofifa.net/players/258/432/22_120.png
149064,C. Molinaro,Cristian Molinaro,"LB, LM",69,37,182,Venezia FC,Italian Serie A,Italy,Europe,Early Crosser,https://cdn.sofifa.net/players/149/064/22_120.png
247076,C. Oliva,Christian Gabriel Oliva Giménez,"CM, CDM",69,25,178,Cagliari,Italian Serie A,Uruguay,South America,,https://cdn.sofifa.net/players/247/076/22_120.png
239807,D. Frattesi,Davide Frattesi,"CM, CDM",69,21,184,U.S. Sassuolo Calcio,Italian Serie A,Italy,Europe,Long Shot Taker (AI),https://cdn.sofifa.net/players/239/807/22_120.png
252317,D. Nemeth,David Nemeth,CB,69,20,191,1. FSV Mainz 05,German 1. Bundesliga,Austria,Europe,,https://cdn.sofifa.net/players/252/317/22_120.png
184781,D. Petrić,Denis Petrić,GK,69,33,187,FC Nantes,French Ligue 1,Serbia,Europe,Comes For Crosses,https://cdn.sofifa.net/players/184/781/22_120.png
231137,D. Črnigoj,Domen Črnigoj,"RM, LM, RW",69,25,185,Venezia FC,Italian Serie A,Slovenia,Europe,Long Shot Taker (AI),https://cdn.sofifa.net/players/231/137/22_120.png
219461,E. Palmer-Brown,Erik Ross Palmer-Brown,CB,69,24,187,ESTAC Troyes,French Ligue 1,United States,North America,,https://cdn.sofifa.net/players/219/461/22_120.png
198731,E. Rashani,Elbasan Rashani,"LW, RW, LM",69,28,181,Clermont Foot 63,French Ligue 1,Kosovo,Europe,"Flair, Technical Dribbler (AI)",https://cdn.sofifa.net/players/198/731/22_120.png
211270,E. Saveljich,Esteban Ariel Saveljich,CB,69,30,187,Rayo Vallecano,Spain Primera Division,Montenegro,Europe,,https://cdn.sofifa.net/players/211/270/22_120.png
255529,E. Touré,El Bilal Touré,ST,69,19,185,Stade de Reims,French Ligue 1,Mali,Africa,,https://cdn.sofifa.net/players/255/529/22_120.png
231428,F. Bandinelli,Filippo Bandinelli,CM,69,26,180,Empoli,Italian Serie A,Italy,Europe,Long Shot Taker (AI),https://cdn.sofifa.net/players/231/428/22_120.png
223137,F. Bonazzoli,Federico Bonazzoli,ST,69,24,182,US Salernitana 1919,Italian Serie A,Italy,Europe,,https://cdn.sofifa.net/players/223/137/22_120.png
139668,F. Marchetti,Federico Marchetti,GK,69,38,188,Genoa,Italian Serie A,Italy,Europe,"Injury Prone, GK Long Throw",https://cdn.sofifa.net/players/139/668/22_120.png
226108,F. Romagna,Filippo Romagna,CB,69,24,186,U.S. Sassuolo Calcio,Italian Serie A,Italy,Europe,,https://cdn.sofifa.net/players/226/108/22_120.png
203780,F. Veseli,Frédéric Veseli,"RB, CB",69,28,183,US Salernitana 1919,Italian Serie A,Albania,Europe,,https://cdn.sofifa.net/players/203/780/22_120.png
253213,G. Kyriakopoulos,Giorgos Kyriakopoulos,LB,69,25,182,U.S. Sassuolo Calcio,Italian Serie A,Greece,Europe,,https://cdn.sofifa.net/players/253/213/22_120.png
262869,Guilherme Ramos,Guilherme Magro Pires Ramos,CB,69,23,191,DSC Arminia Bielefeld,German 1. Bundesliga,Portugal,Europe,,https://cdn.sofifa.net/players/262/869/22_120.png
252014,H. Bockhorn,Herbert Bockhorn,"RM, RB, LB",69,26,177,VfL Bochum 1848,German 1. Bundesliga,Uganda,Africa,,https://cdn.sofifa.net/players/252/014/22_120.png
243032,Hugo Duro,Hugo Duro Perales,"ST, LM",69,21,180,Valencia CF,Spain Primera Division,Spain,Europe,Speed Dribbler (AI),https://cdn.sofifa.net/players/243/032/22_120.png
261306,I. Sissokho,Issouf Sissokho,"CDM, CM",69,19,170,FC Girondins de Bordeaux,French Ligue 1,Mali,Africa,,https://cdn.sofifa.net/players/261/306/22_120.png
241585,Igor,Igor Júlio dos Santos de Paulo,"CB, LB",69,23,185,Fiorentina,Italian Serie A,Brazil,South America,,https://cdn.sofifa.net/players/241/585/22_120.png
246139,Iñaki Peña,Ignacio Peña Sotorres,GK,69,22,184,FC Barcelona,Spain Primera Division,Spain,Europe,,https://cdn.sofifa.net/players/246/139/22_120.png
231823,J. Hoogma,Justin Hoogma,CB,69,23,190,SpVgg Greuther Fürth,German 1. Bundesliga,Netherlands,Europe,Power Header,https://cdn.sofifa.net/players/231/823/22_120.png
223581,J. Iglesias,Jonathan Damián Iglesias Abreu,"CDM, CAM",69,32,171,Clermont Foot 63,French Ligue 1,Uruguay,South America,"Solid Player, Team Player",https://cdn.sofifa.net/players/223/581/22_120.png
183220,J. Morávek,Jan Morávek,"CM, CAM",69,31,180,FC Augsburg,German 1. Bundesliga,Czech Republic,Europe,"Injury Prone, Flair, Team Player",https://cdn.sofifa.net/players/183/220/22_120.png
247623,J. Ngakia,Jeremy Ngakia,"RB, RWB",69,20,178,Watford,English Premier League,England,Europe,,https://cdn.sofifa.net/players/247/623/22_120.png
245715,J. Shackleton,Jamie Shackleton,"CM, RB",69,21,168,Leeds United,English Premier League,England,Europe,"Injury Prone, Early Crosser",https://cdn.sofifa.net/players/245/715/22_120.png
246918,Jaume Grau,Jaume Grau Ciscar,"CDM, CM",69,24,184,CA Osasuna,Spain Primera Division,Spain,Europe,,https://cdn.sofifa.net/players/246/918/22_120.png
258949,Jofre Carreras,Jofre Carreras Pagès,"RW, LW",69,20,175,RCD Espanyol de Barcelona,Spain Primera Division,Spain,Europe,"Speed Dribbler (AI), Technical Dribbler (AI)",https://cdn.sofifa.net/players/258/949/22_120.png
236304,Josema,José Manuel Sánchez Guillén,"CB, LB",69,25,184,Elche CF,Spain Primera Division,Spain,Europe,,https://cdn.sofifa.net/players/236/304/22_120.png
260178,Juan Iglesias,Juan Antonio Iglesias Sánchez,"RB, RM, LB",69,22,185,Getafe CF,Spain Primera Division,Spain,Europe,,https://cdn.sofifa.net/players/260/178/22_120.png
228456,Juan Pérez,Juan Manuel Pérez Ruiz,GK,69,24,187,CA Osasuna,Spain Primera Division,Spain,Europe,,https://cdn.sofifa.net/players/228/456/22_120.png
243253,K. Agudelo,Kevin Andrés Agudelo Ardila,"RW, CAM",69,22,178,Spezia,Italian Serie A,Colombia,South America,,https://cdn.sofifa.net/players/243/253/22_120.png
231743,K. Davis,Keinan Davis,ST,69,23,191,Aston Villa,English Premier League,England,Europe,Injury Prone,https://cdn.sofifa.net/players/231/743/22_120.png
232786,K. Endo,遠藤 渓太,"LM, LW",69,23,175,1. FC Union Berlin,German 1. Bundesliga,Japan,Asia,Technical Dribbler (AI),https://cdn.sofifa.net/players/232/786/22_120.png
250723,K. Koné,Emmanuel Kouadio Koné,CM,69,20,185,Borussia Mönchengladbach,German 1. Bundesliga,France,Europe,,https://cdn.sofifa.net/players/250/723/22_120.png
243675,K. Scherpen,Kjell Scherpen,GK,69,21,202,Brighton & Hove Albion,English Premier League,Netherlands,Europe,GK Long Throw,https://cdn.sofifa.net/players/243/675/22_120.png
260644,Kaio Jorge,Kaio Jorge Pinto Ramos,ST,69,19,182,Juventus,Italian Serie A,Brazil,South America,,https://cdn.sofifa.net/players/260/644/22_120.png
245900,L. Binks,Luis Thomas Binks,CB,69,19,188,Bologna,Italian Serie A,England,Europe,,https://cdn.sofifa.net/players/245/900/22_120.png
251380,L. Brassier,Lilian Brassier,CB,69,21,184,Stade Brestois 29,French Ligue 1,France,Europe,,https://cdn.sofifa.net/players/251/380/22_120.png
244840,L. Czyborra,Lennart Czyborra,"LB, LM",69,22,178,DSC Arminia Bielefeld,German 1. Bundesliga,Germany,Europe,"Early Crosser, Speed Dribbler (AI)",https://cdn.sofifa.net/players/244/840/22_120.png
248878,L. Kilian,Luca Jannis Kilian,CB,69,21,192,1. FC Köln,German 1. Bundesliga,Germany,Europe,,https://cdn.sofifa.net/players/248/878/22_120.png
243449,L. Perrin,Lucas Perrin,CB,69,22,187,RC Strasbourg Alsace,French Ligue 1,France,Europe,,https://cdn.sofifa.net/players/243/449/22_120.png
245347,M. Bauer,Maximilian Bauer,CB,69,21,189,SpVgg Greuther Fürth,German 1. Bundesliga,Germany,Europe,,https://cdn.sofifa.net/players/245/347/22_120.png
211398,M. Caillard,Marc-Aurèle Caillard,GK,69,27,191,FC Metz,French Ligue 1,France,Europe,,https://cdn.sofifa.net/players/211/398/22_120.png
184084,M. Dreyer,Matthieu Dreyer,GK,69,32,188,FC Lorient,French Ligue 1,France,Europe,,https://cdn.sofifa.net/players/184/084/22_120.png
256780,M. Dárdai,Márton Dárdai,"CB, CDM",69,19,188,Hertha BSC,German 1. Bundesliga,Germany,Europe,,https://cdn.sofifa.net/players/256/780/22_120.png
259751,M. Hoppe,Matthew Hoppe,ST,69,20,191,RCD Mallorca,Spain Primera Division,United States,North America,"Outside Foot Shot, Chip Shot (AI)",https://cdn.sofifa.net/players/259/751/22_120.png
251243,M. Klimowicz,Mateo Klimowicz,"CF, CAM, ST",69,20,179,VfB Stuttgart,German 1. Bundesliga,Germany,Europe,"Flair, Technical Dribbler (AI)",https://cdn.sofifa.net/players/251/243/22_120.png
246387,M. Suárez,Mathías Sebastián Suárez Suárez,RB,69,25,182,Montpellier Hérault SC,French Ligue 1,Uruguay,South America,Dives Into Tackles (AI),https://cdn.sofifa.net/players/246/387/22_120.png
205243,M. Wagué,Molla Wagué,CB,69,30,191,FC Nantes,French Ligue 1,Mali,Africa,,https://cdn.sofifa.net/players/205/243/22_120.png
254659,M. Zerkane,Mehdi Zerkane,RM,69,21,186,FC Girondins de Bordeaux,French Ligue 1,Algeria,Africa,,https://cdn.sofifa.net/players/254/659/22_120.png
262908,Matheus Thuler,Matheus Soares Thuler,CB,69,22,186,Montpellier Hérault SC,French Ligue 1,Brazil,South America,,https://cdn.sofifa.net/players/262/908/22_120.png
258271,Miguel Baeza,Miguel Baeza Pérez,"LM, CAM, RM",69,21,177,RC Celta de Vigo,Spain Primera Division,Spain,Europe,Technical Dribbler (AI),https://cdn.sofifa.net/players/258/271/22_120.png
237640,N. Bajrami,Nedim Bajrami,"CAM, CM",69,22,179,Empoli,Italian Serie A,Switzerland,Europe,,https://cdn.sofifa.net/players/237/640/22_120.png
242752,N. Ferguson,Nathan Ferguson,"RB, LB",69,20,178,Crystal Palace,English Premier League,England,Europe,,https://cdn.sofifa.net/players/242/752/22_120.png
210723,N. Gießelmann,Niko Gießelmann,"LB, LWB",69,29,182,1. FC Union Berlin,German 1. Bundesliga,Germany,Europe,,https://cdn.sofifa.net/players/210/723/22_120.png
233472,N. Sarenren Bazee,Noah Joel Sarenren Bazee,RM,69,24,183,FC Augsburg,German 1. Bundesliga,Nigeria,Africa,"Injury Prone, Speed Dribbler (AI)",https://cdn.sofifa.net/players/233/472/22_120.png
241489,Nolaskoain,Peru Nolaskoain Esnal,"CM, CB",69,22,186,Athletic Club de Bilbao,Spain Primera Division,Spain,Europe,Long Passer (AI),https://cdn.sofifa.net/players/241/489/22_120.png
230912,P. Ghiglione,Paolo Ghiglione,"RM, RB",69,24,191,Genoa,Italian Serie A,Italy,Europe,Early Crosser,https://cdn.sofifa.net/players/230/912/22_120.png
255654,P. Kalulu,Pierre Kazeye Rommel Kalulu Kyatengwa,"RB, CB",69,21,184,AC Milan,Italian Serie A,France,Europe,,https://cdn.sofifa.net/players/255/654/22_120.png
239439,P. Płacheta,Przemysław Płacheta,LM,69,23,177,Norwich City,English Premier League,Poland,Europe,"Flair, Speed Dribbler (AI)",https://cdn.sofifa.net/players/239/439/22_120.png
234679,P. Sandler,Philippe Sandler,CB,69,24,190,ESTAC Troyes,French Ligue 1,Netherlands,Europe,"Long Throw-in, Injury Prone, Long Passer (AI)",https://cdn.sofifa.net/players/234/679/22_120.png
167931,R. Elliot,Rob Elliot,GK,69,35,190,Watford,English Premier League,Republic of Ireland,Europe,"GK Long Throw, Cautious With Crosses",https://cdn.sofifa.net/players/167/931/22_120.png
215927,R. Emond,Renaud Emond,ST,69,29,186,FC Nantes,French Ligue 1,Belgium,Europe,,https://cdn.sofifa.net/players/215/927/22_120.png
245894,Rober,Roberto González Bayón,"RM, ST, CAM",69,20,169,Real Betis Balompié,Spain Primera Division,Spain,Europe,"Finesse Shot, Flair, Playmaker (AI), Technical Dribbler (AI)",https://cdn.sofifa.net/players/245/894/22_120.png
254840,S. Pavlović,Strahinja Pavlović,CB,69,20,194,AS Monaco,French Ligue 1,Serbia,Europe,,https://cdn.sofifa.net/players/254/840/22_120.png
192660,S. Polter,Sebastian Polter,ST,69,30,192,VfL Bochum 1848,German 1. Bundesliga,Germany,Europe,Finesse Shot,https://cdn.sofifa.net/players/192/660/22_120.png
206167,S. Prcić,Sanjin Prcić,"CM, CDM",69,27,181,RC Strasbourg Alsace,French Ligue 1,Bosnia and Herzegovina,Europe,,https://cdn.sofifa.net/players/206/167/22_120.png
259119,S. Sow,Saïdou Sow,CB,69,18,185,AS Saint-Étienne,French Ligue 1,Guinea,Africa,,https://cdn.sofifa.net/players/259/119/22_120.png
224213,T. Ebuehi,Tyronne Ebuehi,RB,69,25,187,Venezia FC,Italian Serie A,Nigeria,Africa,Speed Dribbler (AI),https://cdn.sofifa.net/players/224/213/22_120.png
252060,T. Pobega,Tommaso Pobega,CM,69,21,188,Torino F.C.,Italian Serie A,Italy,Europe,Finesse Shot,https://cdn.sofifa.net/players/252/060/22_120.png
212613,W. Saïd,Wesley Saïd,"ST, RW, LW",69,26,173,Racing Club de Lens,French Ligue 1,France,Europe,"Injury Prone, Technical Dribbler (AI)",https://cdn.sofifa.net/players/212/613/22_120.png
236838,Y. Maleh,Youssef Maleh,CM,69,22,177,Fiorentina,Italian Serie A,Italy,Europe,"Finesse Shot, Playmaker (AI), Technical Dribbler (AI)",https://cdn.sofifa.net/players/236/838/22_120.png
201013,Ł. Teodorczyk,Łukasz Teodorczyk,ST,69,30,188,Udinese Calcio,Italian Serie A,Poland,Europe,Power Header,https://cdn.sofifa.net/players/201/013/22_120.png
257000,A. Carboni,Andrea Carboni,"CB, LB",68,20,185,Cagliari,Italian Serie A,Italy,Europe,,https://cdn.sofifa.net/players/257/000/22_120.png
254088,A. Diallo,Amad Diallo Traoré,RM,68,18,173,Manchester United,English Premier League,Côte d'Ivoire,Africa,"Flair, Technical Dribbler (AI)",https://cdn.sofifa.net/players/254/088/22_120.png
261084,A. Dieng,Cheikh Ahmadou Bamba Mbacke Dieng,ST,68,20,178,Olympique de Marseille,French Ligue 1,Senegal,Africa,,https://cdn.sofifa.net/players/261/084/22_120.png
240371,A. Jakubech,Adam Jakubech,GK,68,24,188,LOSC Lille,French Ligue 1,Slovakia,Europe,,https://cdn.sofifa.net/players/240/371/22_120.png
244187,A. Mendy,Arial Benabent Mendy,"LB, LWB",68,26,180,Clermont Foot 63,French Ligue 1,Senegal,Africa,Speed Dribbler (AI),https://cdn.sofifa.net/players/244/187/22_120.png
257057,A. Onana,Amadou Zeund Georges Ba Mvom Onana,"CDM, CM",68,19,195,LOSC Lille,French Ligue 1,Belgium,Europe,"Dives Into Tackles (AI), Technical Dribbler (AI)",https://cdn.sofifa.net/players/257/057/22_120.png
235842,A. Pinamonti,Andrea Pinamonti,ST,68,22,188,Empoli,Italian Serie A,Italy,Europe,,https://cdn.sofifa.net/players/235/842/22_120.png
254267,B. Białek,Bartosz Białek,ST,68,19,191,VfL Wolfsburg,German 1. Bundesliga,Poland,Europe,,https://cdn.sofifa.net/players/254/267/22_120.png
241842,B. Johnson,Benjamin Johnson,"RB, LB",68,21,180,West Ham United,English Premier League,England,Europe,Injury Prone,https://cdn.sofifa.net/players/241/842/22_120.png
231073,B. Radunović,Boris Radunović,GK,68,25,194,Cagliari,Italian Serie A,Serbia,Europe,,https://cdn.sofifa.net/players/231/073/22_120.png
258407,B. Soppy,Brandon Soppy,"RB, CB",68,19,181,Udinese Calcio,Italian Serie A,France,Europe,,https://cdn.sofifa.net/players/258/407/22_120.png
255461,Barbero,Iván Martínez Gonzálvez,ST,68,22,186,CA Osasuna,Spain Primera Division,Spain,Europe,,https://cdn.sofifa.net/players/255/461/22_120.png
210381,C. Lykogiannis,Charalampos Lykogiannis,"LB, LWB, CB",68,27,190,Cagliari,Italian Serie A,Greece,Europe,Long Shot Taker (AI),https://cdn.sofifa.net/players/210/381/22_120.png
251954,C. Summerville,Crysencio Summerville,"RM, LM",68,19,174,Leeds United,English Premier League,Netherlands,Europe,"Speed Dribbler (AI), Outside Foot Shot",https://cdn.sofifa.net/players/251/954/22_120.png
245822,D. Alemdar,Doğan Alemdar,GK,68,18,189,Stade Rennais FC,French Ligue 1,Turkey,Europe,,https://cdn.sofifa.net/players/245/822/22_120.png
237040,D. Nikolaou,Dimitrios Nikolaou,CB,68,22,190,Spezia,Italian Serie A,Greece,Europe,Long Shot Taker (AI),https://cdn.sofifa.net/players/237/040/22_120.png
244363,Daniel Fuzato,Daniel Cerântula Fuzato,GK,68,23,190,Roma,Italian Serie A,Brazil,South America,Comes For Crosses,https://cdn.sofifa.net/players/244/363/22_120.png
225868,David Gil,David Gil Mohedano,GK,68,27,186,Cádiz CF,Spain Primera Division,Spain,Europe,,https://cdn.sofifa.net/players/225/868/22_120.png
235735,E. Ampadu,Ethan Ampadu,"CB, CDM, CM",68,20,183,Venezia FC,Italian Serie A,Wales,Europe,Dives Into Tackles (AI),https://cdn.sofifa.net/players/235/735/22_120.png
223603,F. Bredlow,Fabian Bredlow,GK,68,26,190,VfB Stuttgart,German 1. Bundesliga,Germany,Europe,,https://cdn.sofifa.net/players/223/603/22_120.png
245283,F. El Melali,Farid El Melali,RM,68,24,168,Angers SCO,French Ligue 1,Algeria,Africa,Speed Dribbler (AI),https://cdn.sofifa.net/players/245/283/22_120.png
246679,G. Biancone,Giulian Biancone,"RB, RWB",68,21,187,ESTAC Troyes,French Ligue 1,France,Europe,Early Crosser,https://cdn.sofifa.net/players/246/679/22_120.png
235215,G. Crociata,Giovanni Crociata,"CAM, CM, CF",68,23,174,Empoli,Italian Serie A,Italy,Europe,,https://cdn.sofifa.net/players/235/215/22_120.png
223751,G. Jung,Gideon Jung,"CB, CDM",68,26,189,SpVgg Greuther Fürth,German 1. Bundesliga,Germany,Europe,Dives Into Tackles (AI),https://cdn.sofifa.net/players/223/751/22_120.png
237823,H. Abe,安部 裕葵,LM,68,22,171,FC Barcelona,Spain Primera Division,Japan,Asia,,https://cdn.sofifa.net/players/237/823/22_120.png
239121,H. Al Ghaddioui,Hamadi Al Ghaddioui,ST,68,30,190,VfB Stuttgart,German 1. Bundesliga,Germany,Europe,,https://cdn.sofifa.net/players/239/121/22_120.png
244480,H. Magnetti,Hugo Magnetti,"CDM, CM",68,23,180,Stade Brestois 29,French Ligue 1,France,Europe,,https://cdn.sofifa.net/players/244/480/22_120.png
234856,H. Mendes,Houboulang Mendes,"RB, CB",68,23,184,FC Lorient,French Ligue 1,France,Europe,,https://cdn.sofifa.net/players/234/856/22_120.png
235647,H. Sarpei,Hans Nunoo Sarpei,"CDM, CM",68,22,178,SpVgg Greuther Fürth,German 1. Bundesliga,Ghana,Africa,Team Player,https://cdn.sofifa.net/players/235/647/22_120.png
253052,I. Kabore,Issa Kaboré,RB,68,20,180,ESTAC Troyes,French Ligue 1,Burkina Faso,Africa,Speed Dribbler (AI),https://cdn.sofifa.net/players/253/052/22_120.png
252594,I. Lihadji,Isaac Lihadji,RM,68,19,177,LOSC Lille,French Ligue 1,France,Europe,"Outside Foot Shot, Technical Dribbler (AI)",https://cdn.sofifa.net/players/252/594/22_120.png
242054,Igor Silva,Igor Silva de Almeida,"RB, RWB",68,24,173,FC Lorient,French Ligue 1,Brazil,South America,Speed Dribbler (AI),https://cdn.sofifa.net/players/242/054/22_120.png
255839,J. Antiste,Janis Antiste,ST,68,18,182,Spezia,Italian Serie A,France,Europe,Flair,https://cdn.sofifa.net/players/255/839/22_120.png
219957,J. Laursen,Jacob Barrett Laursen,"LB, LWB",68,26,181,DSC Arminia Bielefeld,German 1. Bundesliga,Denmark,Europe,,https://cdn.sofifa.net/players/219/957/22_120.png
252448,J. Leweling,Jamie Leweling,"RW, LW, ST",68,20,184,SpVgg Greuther Fürth,German 1. Bundesliga,Germany,Europe,Technical Dribbler (AI),https://cdn.sofifa.net/players/252/448/22_120.png
256658,J. Ngankam,Jessic Gaïtan Ngankam,"ST, RM",68,20,182,SpVgg Greuther Fürth,German 1. Bundesliga,Germany,Europe,Speed Dribbler (AI),https://cdn.sofifa.net/players/256/658/22_120.png
246923,J. Ramsey,Jacob Ramsey,"CAM, CM",68,20,180,Aston Villa,English Premier League,England,Europe,,https://cdn.sofifa.net/players/246/923/22_120.png
229891,J. Ryerson,Julian Ryerson,"RB, RWB, CDM",68,23,183,1. FC Union Berlin,German 1. Bundesliga,Norway,Europe,,https://cdn.sofifa.net/players/229/891/22_120.png
243311,Josep Martínez,Josep Martínez Riera,GK,68,23,191,RB Leipzig,German 1. Bundesliga,Spain,Europe,,https://cdn.sofifa.net/players/243/311/22_120.png
258728,José Fontán,José Manuel Fontán Mondragón,"LB, CB",68,21,185,RC Celta de Vigo,Spain Primera Division,Spain,Europe,,https://cdn.sofifa.net/players/258/728/22_120.png
238569,K. Schindler,Kingsley Schindler,"RM, ST, RB",68,27,180,1. FC Köln,German 1. Bundesliga,Ghana,Africa,Speed Dribbler (AI),https://cdn.sofifa.net/players/238/569/22_120.png
240343,L. Fiordilino,Antonio Luca Fiordilino,"CM, RM",68,24,177,Venezia FC,Italian Serie A,Italy,Europe,,https://cdn.sofifa.net/players/240/343/22_120.png
256689,L. Gueye,Mamadou Lamine Gueye,"ST, RW, RM",68,23,178,FC Metz,French Ligue 1,Senegal,Africa,Speed Dribbler (AI),https://cdn.sofifa.net/players/256/689/22_120.png
219952,L. Henderson,Liam Henderson,CM,68,25,183,Empoli,Italian Serie A,Scotland,Europe,Long Passer (AI),https://cdn.sofifa.net/players/219/952/22_120.png
237024,L. Itter,Gian-Luca Itter,"LB, CB",68,22,183,SpVgg Greuther Fürth,German 1. Bundesliga,Germany,Europe,,https://cdn.sofifa.net/players/237/024/22_120.png
256781,L. Netz,Luca Netz,"LB, LM",68,18,180,Borussia Mönchengladbach,German 1. Bundesliga,Germany,Europe,,https://cdn.sofifa.net/players/256/781/22_120.png
198220,M. Bourabia,Mehdi Bourabia,"CDM, CM, CAM",68,29,183,Spezia,Italian Serie A,Morocco,Africa,"Long Passer (AI), Long Shot Taker (AI)",https://cdn.sofifa.net/players/198/220/22_120.png
263929,M. Cancellieri,Matteo Cancellieri,"RW, CF",68,18,182,Hellas Verona,Italian Serie A,Italy,Europe,Speed Dribbler (AI),https://cdn.sofifa.net/players/263/929/22_120.png
226686,M. Christiansen,Max Christiansen,"CDM, CM",68,24,185,SpVgg Greuther Fürth,German 1. Bundesliga,Germany,Europe,"Outside Foot Shot, Team Player",https://cdn.sofifa.net/players/226/686/22_120.png
241523,M. Forss,Marcus Forss,"ST, LW",68,22,182,Brentford,English Premier League,Finland,Europe,Speed Dribbler (AI),https://cdn.sofifa.net/players/241/523/22_120.png
240277,M. Gabbia,Matteo Gabbia,CB,68,21,185,AC Milan,Italian Serie A,Italy,Europe,,https://cdn.sofifa.net/players/240/277/22_120.png
209637,M. Modolo,Marco Modolo,"CB, RB",68,32,186,Venezia FC,Italian Serie A,Italy,Europe,,https://cdn.sofifa.net/players/209/637/22_120.png
231354,M. Pantović,Miloš Pantović,"RM, LM, CAM",68,24,185,VfL Bochum 1848,German 1. Bundesliga,Serbia,Europe,,https://cdn.sofifa.net/players/231/354/22_120.png
229640,M. Pedersen,Mads Pedersen,"LB, LWB",68,24,174,FC Augsburg,German 1. Bundesliga,Denmark,Europe,,https://cdn.sofifa.net/players/229/640/22_120.png
261771,M. Sahi,Moïse Dion Sahi,"ST, CAM",68,19,175,RC Strasbourg Alsace,French Ligue 1,Mali,Africa,,https://cdn.sofifa.net/players/261/771/22_120.png
234472,M. Sørensen,Mads Bech Sørensen,"CB, LB",68,22,193,Brentford,English Premier League,Denmark,Europe,Giant Throw-in,https://cdn.sofifa.net/players/234/472/22_120.png
264453,M. van de Ven,Micky van de Ven,"CB, LB",68,20,193,VfL Wolfsburg,German 1. Bundesliga,Netherlands,Europe,Speed Dribbler (AI),https://cdn.sofifa.net/players/264/453/22_120.png
229337,Matheus Pereira,Matheus Pereira da Silva,"CAM, RM",68,23,181,FC Barcelona,Spain Primera Division,Brazil,South America,"Flair, Chip Shot (AI), Technical Dribbler (AI)",https://cdn.sofifa.net/players/229/337/22_120.png
240589,Miguel,Miguel de la Fuente Escudero,ST,68,21,188,Deportivo Alavés,Spain Primera Division,Spain,Europe,,https://cdn.sofifa.net/players/240/589/22_120.png
260823,N. Fagioli,Nicolò Fagioli,"CM, CAM",68,20,178,Juventus,Italian Serie A,Italy,Europe,Playmaker (AI),https://cdn.sofifa.net/players/260/823/22_120.png
234385,N. Hauptmann,Niklas Hauptmann,CM,68,25,176,1. FC Köln,German 1. Bundesliga,Germany,Europe,"Dives Into Tackles (AI), Technical Dribbler (AI)",https://cdn.sofifa.net/players/234/385/22_120.png
219937,N. Körber,Nils-Jonathan Körber,GK,68,24,187,Hertha BSC,German 1. Bundesliga,Germany,Europe,Injury Prone,https://cdn.sofifa.net/players/219/937/22_120.png
243057,N. Williams,Neco Williams,RB,68,20,183,Liverpool,English Premier League,Wales,Europe,,https://cdn.sofifa.net/players/243/057/22_120.png
255069,Nico González,Nicolás González Iglesias,"CM, CAM",68,19,188,FC Barcelona,Spain Primera Division,Spain,Europe,,https://cdn.sofifa.net/players/255/069/22_120.png
224062,P. Dziczek,Patryk Dziczek,CDM,68,23,180,Lazio,Italian Serie A,Poland,Europe,Playmaker (AI),https://cdn.sofifa.net/players/224/062/22_120.png
211394,P. Faragò,Paolo Pancrazio Faragò,"RB, CM",68,28,187,Cagliari,Italian Serie A,Italy,Europe,Early Crosser,https://cdn.sofifa.net/players/211/394/22_120.png
239679,P. Mazzocchi,Pasquale Mazzocchi,"RB, RM, LB",68,25,180,Venezia FC,Italian Serie A,Italy,Europe,,https://cdn.sofifa.net/players/239/679/22_120.png
238873,P. Pellegri,Pietro Pellegri,ST,68,20,188,AC Milan,Italian Serie A,Italy,Europe,Injury Prone,https://cdn.sofifa.net/players/238/873/22_120.png
206546,Pablo Iñiguez,Pablo Íñiguez de Heredia Larraz,CB,68,27,184,Villarreal CF,Spain Primera Division,Spain,Europe,,https://cdn.sofifa.net/players/206/546/22_120.png
235360,R. Ache,Ragnar Ache,ST,68,22,182,Eintracht Frankfurt,German 1. Bundesliga,Germany,Europe,,https://cdn.sofifa.net/players/235/360/22_120.png
247229,R. Bellanova,Raoul Bellanova,RB,68,21,188,Cagliari,Italian Serie A,Italy,Europe,,https://cdn.sofifa.net/players/247/229/22_120.png
257711,R. Calafiori,Riccardo Calafiori,"LB, LM",68,19,183,Roma,Italian Serie A,Italy,Europe,Injury Prone,https://cdn.sofifa.net/players/257/711/22_120.png
234371,R. Descamps,Rémy Descamps,GK,68,25,196,FC Nantes,French Ligue 1,France,Europe,,https://cdn.sofifa.net/players/234/371/22_120.png
236308,R. Marchizza,Riccardo Marchizza,"LB, CB",68,23,186,Empoli,Italian Serie A,Italy,Europe,,https://cdn.sofifa.net/players/236/308/22_120.png
240020,Ricardo Mangas,Ricardo Luís Chaby Mangas,"LB, LWB",68,23,179,FC Girondins de Bordeaux,French Ligue 1,Portugal,Europe,,https://cdn.sofifa.net/players/240/020/22_120.png
225189,S. Bastoni,Simone Bastoni,LB,68,24,181,Spezia,Italian Serie A,Italy,Europe,,https://cdn.sofifa.net/players/225/189/22_120.png
233373,S. Diarra,Stéphane Imad Diarra,"RM, RW",68,22,173,FC Lorient,French Ligue 1,Côte d'Ivoire,Africa,"Flair, Technical Dribbler (AI)",https://cdn.sofifa.net/players/233/373/22_120.png
235513,S. Ganvoula,Silvère Ganvoula M'boussy,ST,68,25,191,VfL Bochum 1848,German 1. Bundesliga,Congo,Africa,Power Header,https://cdn.sofifa.net/players/235/513/22_120.png
240658,S. Kiyine,Sofian Kiyine,"CM, LM, RM",68,23,182,Venezia FC,Italian Serie A,Morocco,Africa,,https://cdn.sofifa.net/players/240/658/22_120.png
240351,S. Moutoussamy,Samuel Moutoussamy,"CM, CDM, LW",68,24,176,FC Nantes,French Ligue 1,Congo DR,Africa,Technical Dribbler (AI),https://cdn.sofifa.net/players/240/351/22_120.png
195912,Suk Hyun Jun,석현준 玄铉俊,ST,68,30,190,ESTAC Troyes,French Ligue 1,Korea Republic,Asia,,https://cdn.sofifa.net/players/195/912/22_120.png
257270,T. Pembélé,Timothée Joseph Pembélé,"RB, CB, RWB",68,18,182,FC Girondins de Bordeaux,French Ligue 1,France,Europe,,https://cdn.sofifa.net/players/257/270/22_120.png
238662,T. Puchacz,Tymoteusz Puchacz,"LB, LM",68,22,180,1. FC Union Berlin,German 1. Bundesliga,Poland,Europe,"Dives Into Tackles (AI), Long Shot Taker (AI), Speed Dribbler (AI)",https://cdn.sofifa.net/players/238/662/22_120.png
239841,V. Lampropoulos,Vasilios Konstantinos Lampropoulos,CB,68,31,185,VfL Bochum 1848,German 1. Bundesliga,Greece,Europe,,https://cdn.sofifa.net/players/239/841/22_120.png
239496,Y. Fekir,Yassin Fékir,"LW, RW, CAM",68,24,170,Real Betis Balompié,Spain Primera Division,France,Europe,Speed Dribbler (AI),https://cdn.sofifa.net/players/239/496/22_120.png
244970,Y. Magnin,Yohann Magnin,CDM,68,24,183,Clermont Foot 63,French Ligue 1,France,Europe,"Injury Prone, Team Player",https://cdn.sofifa.net/players/244/970/22_120.png
201924,Y. Qasmi,Yacine Qasmi,ST,68,30,184,Rayo Vallecano,Spain Primera Division,Morocco,Africa,,https://cdn.sofifa.net/players/201/924/22_120.png
242964,A. Gordon,Anthony Gordon,"LM, CAM",67,20,185,Everton,English Premier League,England,Europe,,https://cdn.sofifa.net/players/242/964/22_120.png
244288,A. Idah,Adam Uche Idah,ST,67,20,190,Norwich City,English Premier League,Republic of Ireland,Europe,,https://cdn.sofifa.net/players/244/288/22_120.png
257540,A. Knauff,Ansgar Knauff,RM,67,19,180,Borussia Dortmund,German 1. Bundesliga,Germany,Europe,Speed Dribbler (AI),https://cdn.sofifa.net/players/257/540/22_120.png
257320,A. Moueffek,Aimen Moueffek,"CM, RB",67,20,179,AS Saint-Étienne,French Ligue 1,France,Europe,,https://cdn.sofifa.net/players/257/320/22_120.png
261647,A. Omobamidele,Andrew Abiola Omobamidele,CB,67,19,188,Norwich City,English Premier League,Republic of Ireland,Europe,,https://cdn.sofifa.net/players/261/647/22_120.png
241445,A. Sissoko,Alpha Sissoko,RB,67,24,178,AS Saint-Étienne,French Ligue 1,France,Europe,,https://cdn.sofifa.net/players/241/445/22_120.png
250959,A. Stiller,Angelo Stiller,"CDM, CM",67,20,183,TSG Hoffenheim,German 1. Bundesliga,Germany,Europe,,https://cdn.sofifa.net/players/250/959/22_120.png
213375,A. Vacca,Antonio Junior Vacca,CM,67,31,172,Venezia FC,Italian Serie A,Italy,Europe,Playmaker (AI),https://cdn.sofifa.net/players/213/375/22_120.png
252027,A. Vranckx,Aster Jan Vranckx,"CM, CDM",67,18,183,VfL Wolfsburg,German 1. Bundesliga,Belgium,Europe,,https://cdn.sofifa.net/players/252/027/22_120.png
234683,A. Zeqiri,Andi Avdi Zeqiri,ST,67,22,185,FC Augsburg,German 1. Bundesliga,Switzerland,Europe,Outside Foot Shot,https://cdn.sofifa.net/players/234/683/22_120.png
239614,Areso,Jesús Areso Blanco,RB,67,21,182,CA Osasuna,Spain Primera Division,Spain,Europe,Dives Into Tackles (AI),https://cdn.sofifa.net/players/239/614/22_120.png
259065,Arnau Tenas,Arnau Tenas Ureña,GK,67,20,185,FC Barcelona,Spain Primera Division,Spain,Europe,,https://cdn.sofifa.net/players/259/065/22_120.png
237509,B. Lasme,Bryan Lasme,"ST, RM",67,22,188,DSC Arminia Bielefeld,German 1. Bundesliga,France,Europe,,https://cdn.sofifa.net/players/237/509/22_120.png
228997,C. Goode,Charlie Goode,CB,67,25,196,Brentford,English Premier League,England,Europe,"Long Throw-in, Injury Prone, Long Passer (AI)",https://cdn.sofifa.net/players/228/997/22_120.png
240913,C. Kelleher,Caoimhin Kelleher,GK,67,22,188,Liverpool,English Premier League,Republic of Ireland,Europe,,https://cdn.sofifa.net/players/240/913/22_120.png
215810,C. Lombardi,Cristiano Lombardi,RM,67,25,180,Lazio,Italian Serie A,Italy,Europe,"Injury Prone, Speed Dribbler (AI)",https://cdn.sofifa.net/players/215/810/22_120.png
248661,C. Niasse,Cheikh Ahmet Tidian Niasse,"CDM, CB",67,21,188,LOSC Lille,French Ligue 1,Senegal,Africa,,https://cdn.sofifa.net/players/248/661/22_120.png
244694,C. Sabaly,Cheikh Tidiane Sabaly,"LM, RW, ST",67,22,168,FC Metz,French Ligue 1,Senegal,Africa,Finesse Shot,https://cdn.sofifa.net/players/244/694/22_120.png
263941,Chapela,Iván Chapela López,"RW, RM, LW",67,22,181,Cádiz CF,Spain Primera Division,Spain,Europe,Speed Dribbler (AI),https://cdn.sofifa.net/players/263/941/22_120.png
241179,Cristian Rivero,Cristian Rivero Sabater,GK,67,23,188,Valencia CF,Spain Primera Division,Spain,Europe,GK Long Throw,https://cdn.sofifa.net/players/241/179/22_120.png
257190,D. Abiama,Dickson Abiama,ST,67,22,184,SpVgg Greuther Fürth,German 1. Bundesliga,Nigeria,Africa,,https://cdn.sofifa.net/players/257/190/22_120.png
235242,D. Heymans,Daan Heymans,"CAM, CM, CF",67,22,193,Venezia FC,Italian Serie A,Belgium,Europe,Playmaker (AI),https://cdn.sofifa.net/players/235/242/22_120.png
251547,D. Schnegg,David Schnegg,LB,67,22,185,Venezia FC,Italian Serie A,Austria,Europe,Dives Into Tackles (AI),https://cdn.sofifa.net/players/251/547/22_120.png
254692,E. Colley,Ebrima Colley,CF,67,21,182,Spezia,Italian Serie A,Gambia,Africa,,https://cdn.sofifa.net/players/254/692/22_120.png
258444,E. Guessand,Evann Guessand,ST,67,20,185,OGC Nice,French Ligue 1,France,Europe,Flair,https://cdn.sofifa.net/players/258/444/22_120.png
220491,E. Gyasi,Emanuel Quartsin Gyasi,"RW, LW, ST",67,27,181,Spezia,Italian Serie A,Ghana,Africa,Speed Dribbler (AI),https://cdn.sofifa.net/players/220/491/22_120.png
252259,E. Millot,Enzo Camille Alain Millot,"CAM, CM",67,18,175,VfB Stuttgart,German 1. Bundesliga,France,Europe,,https://cdn.sofifa.net/players/252/259/22_120.png
235942,F. Cassata,Francesco Cassata,CM,67,23,183,Genoa,Italian Serie A,Italy,Europe,,https://cdn.sofifa.net/players/235/942/22_120.png
242332,G. Busio,Gianluca Busio,"CM, CAM, CDM",67,19,170,Venezia FC,Italian Serie A,United States,North America,Flair,https://cdn.sofifa.net/players/242/332/22_120.png
240751,G. Poussin,Gaëtan Poussin,GK,67,22,184,FC Girondins de Bordeaux,French Ligue 1,France,Europe,,https://cdn.sofifa.net/players/240/751/22_120.png
257118,I. Kebbal,Ilan Kais Kebbal,"RM, CAM",67,22,169,Stade de Reims,French Ligue 1,France,Europe,"Long Shot Taker (AI), Technical Dribbler (AI)",https://cdn.sofifa.net/players/257/118/22_120.png
252865,Iker Losada,Iker Losada Aragunde,"ST, RW",67,19,175,RC Celta de Vigo,Spain Primera Division,Spain,Europe,,https://cdn.sofifa.net/players/252/865/22_120.png
225713,J. Augustin,Jean-Kévin Augustin,ST,67,24,177,FC Nantes,French Ligue 1,France,Europe,Injury Prone,https://cdn.sofifa.net/players/225/713/22_120.png
241999,J. Billong,Jean-Claude Billong,CB,67,27,192,Clermont Foot 63,French Ligue 1,France,Europe,,https://cdn.sofifa.net/players/241/999/22_120.png
209957,J. Busk,Jakob Busk Jensen,GK,67,27,189,1. FC Union Berlin,German 1. Bundesliga,Denmark,Europe,Comes For Crosses,https://cdn.sofifa.net/players/209/957/22_120.png
242908,J. Clarke,Jack Clarke,"RM, LM",67,20,181,Tottenham Hotspur,English Premier League,England,Europe,Technical Dribbler (AI),https://cdn.sofifa.net/players/242/908/22_120.png
244753,J. Keita,Abdoulaye Jules Keita,LW,67,22,168,Racing Club de Lens,French Ligue 1,Guinea,Africa,Speed Dribbler (AI),https://cdn.sofifa.net/players/244/753/22_120.png
257111,J. Le Douaron,Jérémy Le Douaron,"LM, RM",67,23,189,Stade Brestois 29,French Ligue 1,France,Europe,,https://cdn.sofifa.net/players/257/111/22_120.png
255934,J. Onana,Jean Emile Junior Onana Onana,"CDM, CM",67,21,189,FC Girondins de Bordeaux,French Ligue 1,Cameroon,Africa,,https://cdn.sofifa.net/players/255/934/22_120.png
259532,Joan García,Joan García Pons,GK,67,20,192,RCD Espanyol de Barcelona,Spain Primera Division,Spain,Europe,,https://cdn.sofifa.net/players/259/532/22_120.png
254320,Jorge Padilla,Jorge Padilla Soler,"ST, CAM",67,20,175,Levante Unión Deportiva,Spain Primera Division,Spain,Europe,"Flair, Technical Dribbler (AI)",https://cdn.sofifa.net/players/254/320/22_120.png
239363,K. Dabila,Kouadio-Yves Dabila,CB,67,24,183,LOSC Lille,French Ligue 1,Côte d'Ivoire,Africa,,https://cdn.sofifa.net/players/239/363/22_120.png
239635,K. Fila,Karol Fila,RB,67,23,180,RC Strasbourg Alsace,French Ligue 1,Poland,Europe,,https://cdn.sofifa.net/players/239/635/22_120.png
210548,L. Capezzi,Leonardo Capezzi,"CM, CDM",67,26,178,US Salernitana 1919,Italian Serie A,Italy,Europe,,https://cdn.sofifa.net/players/210/548/22_120.png
254579,L. Da Cunha,Lucas Da Cunha,"RM, CAM",67,20,176,OGC Nice,French Ligue 1,France,Europe,Outside Foot Shot,https://cdn.sofifa.net/players/254/579/22_120.png
259569,M. John,Marco John,"LWB, LM, LB",67,19,184,TSG Hoffenheim,German 1. Bundesliga,Germany,Europe,,https://cdn.sofifa.net/players/259/569/22_120.png
163201,M. McGovern,Michael McGovern,GK,67,36,191,Norwich City,English Premier League,Northern Ireland,Europe,Team Player,https://cdn.sofifa.net/players/163/201/22_120.png
238157,M. Roerslev,Mads Roerslev Rasmussen,"RWB, RB",67,22,184,Brentford,English Premier League,Denmark,Europe,,https://cdn.sofifa.net/players/238/157/22_120.png
264325,M. Satriano,Martín Satriano,ST,67,20,187,Inter,Italian Serie A,Uruguay,South America,,https://cdn.sofifa.net/players/264/325/22_120.png
258922,Marvin,Marvin Olawale Akinlabi Park,"RW, RM, RB",67,21,178,Real Madrid CF,Spain Primera Division,Spain,Europe,Speed Dribbler (AI),https://cdn.sofifa.net/players/258/922/22_120.png
243944,N. Lozano,Neyder Yessy Lozano Rentería,CB,67,27,185,Granada CF,Spain Primera Division,Colombia,South America,Injury Prone,https://cdn.sofifa.net/players/243/944/22_120.png
135587,N. Mäenpää,Niki Emil Antonio Mäenpää,GK,67,36,190,Venezia FC,Italian Serie A,Finland,Europe,Comes For Crosses,https://cdn.sofifa.net/players/135/587/22_120.png
238379,N. Nartey,Nikolas Terkelsen Nartey,"CM, CDM, LWB",67,21,185,VfB Stuttgart,German 1. Bundesliga,Denmark,Europe,"Flair, Technical Dribbler (AI)",https://cdn.sofifa.net/players/238/379/22_120.png
173165,N. Ravaglia,Nicola Ravaglia,GK,67,32,184,U.C. Sampdoria,Italian Serie A,Italy,Europe,"GK Long Throw, Cautious With Crosses",https://cdn.sofifa.net/players/173/165/22_120.png
234891,N. Seufert,Nils Seufert,"CM, CDM",67,24,182,SpVgg Greuther Fürth,German 1. Bundesliga,Germany,Europe,Long Shot Taker (AI),https://cdn.sofifa.net/players/234/891/22_120.png
256516,Nico Williams,Nicholas Williams Arthuer,"RW, LW",67,18,181,Athletic Club de Bilbao,Spain Primera Division,Spain,Europe,"Flair, Outside Foot Shot",https://cdn.sofifa.net/players/256/516/22_120.png
239249,Oriol Busquets,Oriol Busquets Mas,CDM,67,22,185,Clermont Foot 63,French Ligue 1,Spain,Europe,,https://cdn.sofifa.net/players/239/249/22_120.png
254566,P. Wimmer,Patrick Wimmer,"RM, LM",67,20,182,DSC Arminia Bielefeld,German 1. Bundesliga,Austria,Europe,,https://cdn.sofifa.net/players/254/566/22_120.png
251916,P. Yade,Pape Ndiaga Yade,"ST, LW",67,21,185,FC Metz,French Ligue 1,Senegal,Africa,Speed Dribbler (AI),https://cdn.sofifa.net/players/251/916/22_120.png
198903,R. Aya,Ramzi Aya,CB,67,30,184,US Salernitana 1919,Italian Serie A,Italy,Europe,,https://cdn.sofifa.net/players/198/903/22_120.png
260105,R. Drăgușin,Radu Matei Drăgușin,"CB, RB",67,19,191,U.C. Sampdoria,Italian Serie A,Romania,Europe,,https://cdn.sofifa.net/players/260/105/22_120.png
241689,R. Massimo,Roberto Massimo,RM,67,20,181,VfB Stuttgart,German 1. Bundesliga,Germany,Europe,"Speed Dribbler (AI), Technical Dribbler (AI)",https://cdn.sofifa.net/players/241/689/22_120.png
248385,R. Piccoli,Roberto Piccoli,ST,67,20,183,Atalanta,Italian Serie A,Italy,Europe,,https://cdn.sofifa.net/players/248/385/22_120.png
253416,Raúl García,Raúl García de Haro,ST,67,20,191,Real Betis Balompié,Spain Primera Division,Spain,Europe,"Finesse Shot, Long Shot Taker (AI)",https://cdn.sofifa.net/players/253/416/22_120.png
253130,Robert Navarro,Robert Navarro Muñoz,"CAM, LW",67,19,178,Real Sociedad,Spain Primera Division,Spain,Europe,"Finesse Shot, Flair, Playmaker (AI), Outside Foot Shot, Technical Dribbler (AI)",https://cdn.sofifa.net/players/253/130/22_120.png
227638,S. Abdullahi,Suleiman Abdullahi,"ST, LW, RW",67,24,185,1. FC Union Berlin,German 1. Bundesliga,Nigeria,Africa,"Injury Prone, Long Shot Taker (AI), Speed Dribbler (AI)",https://cdn.sofifa.net/players/227/638/22_120.png
251751,S. Agouzoul,Saad Agouzoul,CB,67,23,192,LOSC Lille,French Ligue 1,Morocco,Africa,,https://cdn.sofifa.net/players/251/751/22_120.png
171490,S. Aresti,Simone Aresti,GK,67,35,188,Cagliari,Italian Serie A,Italy,Europe,,https://cdn.sofifa.net/players/171/490/22_120.png
157804,S. Carson,Scott Carson,GK,67,35,190,Manchester City,English Premier League,England,Europe,Solid Player,https://cdn.sofifa.net/players/157/804/22_120.png
213323,S. Decarli,Saulo Igor Decarli,CB,67,29,188,VfL Bochum 1848,German 1. Bundesliga,Switzerland,Europe,,https://cdn.sofifa.net/players/213/323/22_120.png
257612,S. Mara,Sékou Mara,ST,67,18,183,FC Girondins de Bordeaux,French Ligue 1,France,Europe,,https://cdn.sofifa.net/players/257/612/22_120.png
259406,S. Muñoz,Santiago René Muñóz Robles,"ST, CAM",67,18,179,Newcastle United,English Premier League,Mexico,North America,,https://cdn.sofifa.net/players/259/406/22_120.png
255151,S. Ngapandouetnbu,Simon Brady Ngapandouetnbu,GK,67,18,180,Olympique de Marseille,French Ligue 1,Cameroon,Africa,,https://cdn.sofifa.net/players/255/151/22_120.png
253473,S. Ricci,Samuele Ricci,"CM, CDM",67,19,178,Empoli,Italian Serie A,Italy,Europe,,https://cdn.sofifa.net/players/253/473/22_120.png
258893,S. Čestić,Sava-Arangel Čestić,CB,67,20,192,1. FC Köln,German 1. Bundesliga,Germany,Europe,,https://cdn.sofifa.net/players/258/893/22_120.png
246282,Salva Ferrer,Salvador Ferrer Canals,"RB, CB",67,23,184,Spezia,Italian Serie A,Spain,Europe,,https://cdn.sofifa.net/players/246/282/22_120.png
190530,T. Fontaine,Thomas Fontaine,CB,67,30,184,FC Lorient,French Ligue 1,Madagascar,Africa,,https://cdn.sofifa.net/players/190/530/22_120.png
260158,T. Lacoux,Tom Lacoux,"CDM, CM",67,19,175,FC Girondins de Bordeaux,French Ligue 1,France,Europe,,https://cdn.sofifa.net/players/260/158/22_120.png
238446,Tachi,Alberto Rodríguez Baró,"CB, RB",67,23,184,Deportivo Alavés,Spain Primera Division,Spain,Europe,,https://cdn.sofifa.net/players/238/446/22_120.png
259173,Víctor Chust,Víctor Chust García,CB,67,21,184,Cádiz CF,Spain Primera Division,Spain,Europe,,https://cdn.sofifa.net/players/259/173/22_120.png
241266,W. Geubbels,Willem Geubbels,ST,67,19,185,FC Nantes,French Ligue 1,France,Europe,"Injury Prone, Speed Dribbler (AI)",https://cdn.sofifa.net/players/241/266/22_120.png
243642,W. Tchimbembé,Warren Tchimbembé,"CM, LM",67,23,180,FC Metz,French Ligue 1,France,Europe,,https://cdn.sofifa.net/players/243/642/22_120.png
254849,Y. Badji,Youssouph Mamadou Badji,ST,67,19,192,Stade Brestois 29,French Ligue 1,Senegal,Africa,,https://cdn.sofifa.net/players/254/849/22_120.png
206109,Y. Chibsah,Yussif Raman Chibsah,"CDM, CM",67,28,178,VfL Bochum 1848,German 1. Bundesliga,Ghana,Africa,,https://cdn.sofifa.net/players/206/109/22_120.png
228821,Z. Machach,Zinédine Machach,"CAM, CM, ST",67,25,185,Napoli,Italian Serie A,France,Europe,Flair,https://cdn.sofifa.net/players/228/821/22_120.png
242999,Álex Collado,Álex Collado Gutiérrez,"RW, CM",67,22,177,FC Barcelona,Spain Primera Division,Spain,Europe,,https://cdn.sofifa.net/players/242/999/22_120.png
262498,Álex Petxa,Álex Petxarromán,"RB, CDM",67,24,178,Athletic Club de Bilbao,Spain Primera Division,Spain,Europe,"Long Throw-in, Early Crosser",https://cdn.sofifa.net/players/262/498/22_120.png
263825,A. Burlamaqui,Alessandro Burlamaqui,"CDM, CM",66,19,180,Valencia CF,Spain Primera Division,Peru,South America,,https://cdn.sofifa.net/players/263/825/22_120.png
236378,A. Plizzari,Alessandro Plizzari,GK,66,21,187,AC Milan,Italian Serie A,Italy,Europe,,https://cdn.sofifa.net/players/236/378/22_120.png
242907,B. Reynolds,Bryan Reynolds,"RWB, RB",66,20,188,Roma,Italian Serie A,United States,North America,Dives Into Tackles (AI),https://cdn.sofifa.net/players/242/907/22_120.png
263617,Beñat Prados,Beñat Prados Díaz,CM,66,20,180,Athletic Club de Bilbao,Spain Primera Division,Spain,Europe,"Leadership, Long Passer (AI), Playmaker (AI), Outside Foot Shot",https://cdn.sofifa.net/players/263/617/22_120.png
235266,C. Früchtl,Christian Früchtl,GK,66,21,193,FC Bayern München,German 1. Bundesliga,Germany,Europe,Injury Prone,https://cdn.sofifa.net/players/235/266/22_120.png
246126,C. Mola,Clinton Mola,"LB, CDM",66,20,183,VfB Stuttgart,German 1. Bundesliga,England,Europe,,https://cdn.sofifa.net/players/246/126/22_120.png
262140,Carlos Domínguez,Carlos Domínguez Cáceres,"CB, LB",66,20,187,RC Celta de Vigo,Spain Primera Division,Spain,Europe,,https://cdn.sofifa.net/players/262/140/22_120.png
245855,D. Chambost,Dylan Chambost,"CAM, CM, ST",66,23,177,ESTAC Troyes,French Ligue 1,France,Europe,Long Shot Taker (AI),https://cdn.sofifa.net/players/245/855/22_120.png
236400,D. Gudelj,Dragiša Gudelj,"LB, CB",66,23,186,Cádiz CF,Spain Primera Division,Serbia,Europe,,https://cdn.sofifa.net/players/236/400/22_120.png
263489,D. Peretz,Dor Peretz,"CDM, CM",66,26,185,Venezia FC,Italian Serie A,Israel,Europe,,https://cdn.sofifa.net/players/263/489/22_120.png
262091,E. Darboe,Ebrima Darboe,CDM,66,20,176,Roma,Italian Serie A,Gambia,Africa,"Playmaker (AI), Team Player, Technical Dribbler (AI)",https://cdn.sofifa.net/players/262/091/22_120.png
225395,Ezkieta,Jokin Ezkieta Mendiburu,GK,66,24,193,Athletic Club de Bilbao,Spain Primera Division,Spain,Europe,"GK Long Throw, Saves with Feet",https://cdn.sofifa.net/players/225/395/22_120.png
245461,F. Colidio,Facundo Colidio,"ST, CAM",66,21,179,Inter,Italian Serie A,Argentina,South America,,https://cdn.sofifa.net/players/245/461/22_120.png
189730,F. Di Tacchio,Francesco Di Tacchio,"CM, CDM",66,31,186,US Salernitana 1919,Italian Serie A,Italy,Europe,Team Player,https://cdn.sofifa.net/players/189/730/22_120.png
257406,F. Doucouré,Fodé Doucouré,RB,66,20,172,Stade de Reims,French Ligue 1,Mali,Africa,,https://cdn.sofifa.net/players/257/406/22_120.png
191068,G. Zigoni,Gianmarco Zigoni,ST,66,30,188,Venezia FC,Italian Serie A,Italy,Europe,Power Header,https://cdn.sofifa.net/players/191/068/22_120.png
244364,Gabriel Brazão,Gabriel Nascimento Resende Brazão,GK,66,20,192,Inter,Italian Serie A,Brazil,South America,,https://cdn.sofifa.net/players/244/364/22_120.png
264240,Gavi,Pablo Martín Páez Gavira,CM,66,16,173,FC Barcelona,Spain Primera Division,Spain,Europe,,https://cdn.sofifa.net/players/264/240/22_120.png
256788,I. Boura,Ismaël Boura,"LWB, LB",66,20,173,Racing Club de Lens,French Ligue 1,France,Europe,,https://cdn.sofifa.net/players/256/788/22_120.png
235554,I. Sacko,Ihsan Sacko,"ST, LM",66,23,183,OGC Nice,French Ligue 1,France,Europe,Speed Dribbler (AI),https://cdn.sofifa.net/players/235/554/22_120.png
247649,J. Branthwaite,Jarrad Branthwaite,CB,66,19,195,Everton,English Premier League,England,Europe,,https://cdn.sofifa.net/players/247/649/22_120.png
246053,J. Gelhardt,Joe Gelhardt,"ST, CAM",66,19,175,Leeds United,English Premier League,England,Europe,Technical Dribbler (AI),https://cdn.sofifa.net/players/246/053/22_120.png
183513,J. Grahl,Jens Grahl,GK,66,32,193,Eintracht Frankfurt,German 1. Bundesliga,Germany,Europe,Team Player,https://cdn.sofifa.net/players/183/513/22_120.png
188836,J. Steele,Jason Steele,GK,66,30,188,Brighton & Hove Albion,English Premier League,England,Europe,,https://cdn.sofifa.net/players/188/836/22_120.png
260082,Jesús Vázquez,Jesús Vázquez Alcalde,"LB, LWB",66,18,182,Valencia CF,Spain Primera Division,Spain,Europe,,https://cdn.sofifa.net/players/260/082/22_120.png
240860,José Lara,José Alonso Lara,"RM, LM",66,21,162,Real Betis Balompié,Spain Primera Division,Spain,Europe,"Flair, Long Shot Taker (AI), Technical Dribbler (AI)",https://cdn.sofifa.net/players/240/860/22_120.png
252025,K. Koindredi,Koba Leïn Koindredi,CM,66,19,184,Valencia CF,Spain Primera Division,France,Europe,"Long Shot Taker (AI), Technical Dribbler (AI)",https://cdn.sofifa.net/players/252/025/22_120.png
245277,K. Michael,Kingsley Dogo Michael,CM,66,21,176,Bologna,Italian Serie A,Nigeria,Africa,"Dives Into Tackles (AI), Speed Dribbler (AI)",https://cdn.sofifa.net/players/245/277/22_120.png
257318,K. Ruiz-Atil,Kays Ruiz-Atil,"CAM, CM",66,18,173,FC Barcelona,Spain Primera Division,Morocco,Africa,"Outside Foot Shot, Technical Dribbler (AI)",https://cdn.sofifa.net/players/257/318/22_120.png
262053,Kayky,Kayky da Silva Chagas,RW,66,18,173,Manchester City,English Premier League,Brazil,South America,Technical Dribbler (AI),https://cdn.sofifa.net/players/262/053/22_120.png
240997,Kike Hermoso,Enrique Gómez Hermoso,CB,66,21,190,Real Betis Balompié,Spain Primera Division,Spain,Europe,Dives Into Tackles (AI),https://cdn.sofifa.net/players/240/997/22_120.png
235261,L. Bogdan,Luka Bogdan,CB,66,25,195,US Salernitana 1919,Italian Serie A,Croatia,Europe,"Dives Into Tackles (AI), Power Header",https://cdn.sofifa.net/players/235/261/22_120.png
247599,L. Leroy,Léo Leroy,"CM, CAM, CDM",66,21,187,Montpellier Hérault SC,French Ligue 1,France,Europe,Outside Foot Shot,https://cdn.sofifa.net/players/247/599/22_120.png
260044,Lautaro,Lautaro de León Billar,ST,66,20,185,RC Celta de Vigo,Spain Primera Division,Uruguay,South America,,https://cdn.sofifa.net/players/260/044/22_120.png
264422,M. Abline,Matthis Abline,ST,66,18,176,Stade Rennais FC,French Ligue 1,France,Europe,,https://cdn.sofifa.net/players/264/422/22_120.png
256476,M. Cho,Mohamed-Ali Cho,ST,66,17,182,Angers SCO,French Ligue 1,France,Europe,,https://cdn.sofifa.net/players/256/476/22_120.png
238282,M. Coulibaly,Mamadou Coulibaly,CM,66,22,183,US Salernitana 1919,Italian Serie A,Senegal,Africa,,https://cdn.sofifa.net/players/238/282/22_120.png
259307,M. Gusto,Malo Gusto,RB,66,18,179,Olympique Lyonnais,French Ligue 1,France,Europe,,https://cdn.sofifa.net/players/259/307/22_120.png
241494,M. Jenz,Moritz Jenz,CB,66,22,190,FC Lorient,French Ligue 1,Germany,Europe,,https://cdn.sofifa.net/players/241/494/22_120.png
238749,M. Nadé,Mickaël Nadé,CB,66,22,188,AS Saint-Étienne,French Ligue 1,France,Europe,,https://cdn.sofifa.net/players/238/749/22_120.png
259331,M. Portanova,Manolo Portanova,"CM, CAM",66,21,183,Genoa,Italian Serie A,Italy,Europe,,https://cdn.sofifa.net/players/259/331/22_120.png
250779,M. Svoboda,Michael Svoboda,"CDM, CB, CM",66,22,195,Venezia FC,Italian Serie A,Austria,Europe,,https://cdn.sofifa.net/players/250/779/22_120.png
192840,M. Đurić,Milan Đurić,ST,66,31,198,US Salernitana 1919,Italian Serie A,Bosnia and Herzegovina,Europe,"Power Header, Team Player",https://cdn.sofifa.net/players/192/840/22_120.png
258359,Martín Calderón,Martín Manuel Calderón Gómez,CM,66,22,183,Cádiz CF,Spain Primera Division,Spain,Europe,,https://cdn.sofifa.net/players/258/359/22_120.png
261865,Miguel,Miguel Gutiérrez Ortega,LB,66,19,180,Real Madrid CF,Spain Primera Division,Spain,Europe,,https://cdn.sofifa.net/players/261/865/22_120.png
239770,N. Casale,Nicolò Casale,CB,66,23,191,Hellas Verona,Italian Serie A,Italy,Europe,,https://cdn.sofifa.net/players/239/770/22_120.png
229107,N. De Medina,Nathan De Medina,"CB, RB, LB",66,23,183,DSC Arminia Bielefeld,German 1. Bundesliga,Belgium,Europe,"Injury Prone, Dives Into Tackles (AI), Long Passer (AI)",https://cdn.sofifa.net/players/229/107/22_120.png
210366,N. Lomb,Niklas Lomb,GK,66,27,186,Bayer 04 Leverkusen,German 1. Bundesliga,Germany,Europe,"Long Passer (AI), Team Player, Cautious With Crosses",https://cdn.sofifa.net/players/210/366/22_120.png
237328,N. Tella,Nathan Tella,"LM, ST",66,21,173,Southampton,English Premier League,England,Europe,Speed Dribbler (AI),https://cdn.sofifa.net/players/237/328/22_120.png
219956,P. Ceccaroni,Pietro Ceccaroni,"CB, LB",66,25,188,Venezia FC,Italian Serie A,Italy,Europe,,https://cdn.sofifa.net/players/219/956/22_120.png
243312,Pablo Martínez,Pablo Martínez Andrés,"LM, CAM, CM",66,23,182,Levante Unión Deportiva,Spain Primera Division,Spain,Europe,Playmaker (AI),https://cdn.sofifa.net/players/243/312/22_120.png
199053,R. Bocalon,Riccardo Bocalon,ST,66,32,186,Venezia FC,Italian Serie A,Italy,Europe,Leadership,https://cdn.sofifa.net/players/199/053/22_120.png
244340,R. Vodišek,Rok Vodišek,GK,66,22,188,Genoa,Italian Serie A,Slovenia,Europe,,https://cdn.sofifa.net/players/244/340/22_120.png
240697,S. Baptiste,Shandon Baptiste,"CM, CDM, CAM",66,23,175,Brentford,English Premier League,Grenada,North America,"Injury Prone, Technical Dribbler (AI)",https://cdn.sofifa.net/players/240/697/22_120.png
242242,S. Cibois,Sébastien Cibois,GK,66,23,192,Stade Brestois 29,French Ligue 1,France,Europe,,https://cdn.sofifa.net/players/242/242/22_120.png
233794,S. Edera,Simone Edera,"CAM, CF",66,24,174,Torino F.C.,Italian Serie A,Italy,Europe,,https://cdn.sofifa.net/players/233/794/22_120.png
240453,S. Niakaté,Sikou Niakaté,"CB, LB",66,21,186,FC Metz,French Ligue 1,France,Europe,Long Passer (AI),https://cdn.sofifa.net/players/240/453/22_120.png
238656,S. Tigges,Steffen Tigges,ST,66,22,193,Borussia Dortmund,German 1. Bundesliga,Germany,Europe,Long Throw-in,https://cdn.sofifa.net/players/238/656/22_120.png
244601,S. van Hooijdonk,Sydney van Hooijdonk,"ST, LW",66,21,190,Bologna,Italian Serie A,Netherlands,Europe,,https://cdn.sofifa.net/players/244/601/22_120.png
243393,T. Richards,Taylor Richards,"CAM, CM",66,20,180,Brighton & Hove Albion,English Premier League,England,Europe,"Flair, Long Shot Taker (AI), Technical Dribbler (AI)",https://cdn.sofifa.net/players/243/393/22_120.png
247335,W. Isidor,Wilson Isidor,ST,66,20,186,AS Monaco,French Ligue 1,France,Europe,,https://cdn.sofifa.net/players/247/335/22_120.png
252802,W. Singo,Wilfried Stephane Singo,"RWB, RB, RM",66,20,190,Torino F.C.,Italian Serie A,Côte d'Ivoire,Africa,Speed Dribbler (AI),https://cdn.sofifa.net/players/252/802/22_120.png
237916,W. Smallbone,William Anthony Patrick Smallbone,"CM, RM",66,21,173,Southampton,English Premier League,Republic of Ireland,Europe,,https://cdn.sofifa.net/players/237/916/22_120.png
245367,X. Simons,Xavi Simons,CM,66,18,168,Paris Saint-Germain,French Ligue 1,Netherlands,Europe,"Playmaker (AI), Outside Foot Shot, Technical Dribbler (AI)",https://cdn.sofifa.net/players/245/367/22_120.png
263578,Álex Balde,Alejandro Balde Martínez,"LB, LM",66,17,175,FC Barcelona,Spain Primera Division,Spain,Europe,,https://cdn.sofifa.net/players/263/578/22_120.png
236914,Álex Martín,José Alejandro Martín Valerón,"CB, RB",66,23,182,RC Celta de Vigo,Spain Primera Division,Spain,Europe,,https://cdn.sofifa.net/players/236/914/22_120.png
243156,Álvaro García,Álvaro García Segovia,CB,66,21,184,RCD Espanyol de Barcelona,Spain Primera Division,Spain,Europe,,https://cdn.sofifa.net/players/243/156/22_120.png
243241,A. Buongiorno,Alessandro Buongiorno,"CB, LB",65,22,194,Torino F.C.,Italian Serie A,Italy,Europe,,https://cdn.sofifa.net/players/243/241/22_120.png
257470,A. Elanga,Anthony David Junior Elanga,"LM, ST",65,19,180,Manchester United,English Premier League,Sweden,Europe,"Finesse Shot, Flair, Long Shot Taker (AI), Technical Dribbler (AI)",https://cdn.sofifa.net/players/257/470/22_120.png
259088,A. Medioub,Abdel Jalil Zaim Idriss Medioub,CB,65,23,197,FC Girondins de Bordeaux,French Ligue 1,Algeria,Africa,,https://cdn.sofifa.net/players/259/088/22_120.png
252573,A. Terzić,Aleksa Terzić,LB,65,21,184,Fiorentina,Italian Serie A,Serbia,Europe,,https://cdn.sofifa.net/players/252/573/22_120.png
258923,Arribas,Sergio Arribas Calvo,"CAM, RM, LM",65,19,173,Real Madrid CF,Spain Primera Division,Spain,Europe,Technical Dribbler (AI),https://cdn.sofifa.net/players/258/923/22_120.png
244114,B. Mendy,Batista Mendy,"CDM, CB",65,21,191,Angers SCO,French Ligue 1,France,Europe,,https://cdn.sofifa.net/players/244/114/22_120.png
243353,B. Mumba,Bali Mumba,"RB, CM",65,19,163,Norwich City,English Premier League,England,Europe,,https://cdn.sofifa.net/players/243/353/22_120.png
251572,C. Boli,Charles Boli,"RM, LM",65,22,175,Racing Club de Lens,French Ligue 1,France,Europe,,https://cdn.sofifa.net/players/251/572/22_120.png
262138,C. Lukeba,Junior Castello Lukeba,CB,65,18,184,Olympique Lyonnais,French Ligue 1,France,Europe,,https://cdn.sofifa.net/players/262/138/22_120.png
260658,C. Wooh,Christopher Maurice Wooh,CB,65,19,191,Racing Club de Lens,French Ligue 1,France,Europe,,https://cdn.sofifa.net/players/260/658/22_120.png
228869,Camus,Sergio Camus Perojo,"RB, CB",65,24,176,Atlético de Madrid,Spain Primera Division,Spain,Europe,,https://cdn.sofifa.net/players/228/869/22_120.png
258536,Cedric Teguía,Cedric Wilfred Teguía Noubi,LM,65,19,180,RC Celta de Vigo,Spain Primera Division,Spain,Europe,Speed Dribbler (AI),https://cdn.sofifa.net/players/258/536/22_120.png
244509,D. Jastrzembski,Dennis Jastrzembski,"LM, ST",65,21,177,Hertha BSC,German 1. Bundesliga,Poland,Europe,Speed Dribbler (AI),https://cdn.sofifa.net/players/244/509/22_120.png
116314,D. Martin,David Edward Martin,GK,65,35,188,West Ham United,English Premier League,England,Europe,"Team Player, Comes For Crosses",https://cdn.sofifa.net/players/116/314/22_120.png
240212,D. Petković,Danijel Petković,GK,65,28,197,Angers SCO,French Ligue 1,Montenegro,Europe,,https://cdn.sofifa.net/players/240/212/22_120.png
236940,Darío Poveda,Darío Poveda Romera,ST,65,24,185,Getafe CF,Spain Primera Division,Spain,Europe,,https://cdn.sofifa.net/players/236/940/22_120.png
259139,David Costa,David Pereira Da Costa,LW,65,20,168,Racing Club de Lens,French Ligue 1,Portugal,Europe,Technical Dribbler (AI),https://cdn.sofifa.net/players/259/139/22_120.png
258534,Diego Conde,Diego José Conde Alcolado,GK,65,22,187,Getafe CF,Spain Primera Division,Spain,Europe,Saves with Feet,https://cdn.sofifa.net/players/258/534/22_120.png
223537,E. Berggreen,Emil Berggreen,ST,65,28,194,SpVgg Greuther Fürth,German 1. Bundesliga,Denmark,Europe,"Injury Prone, Power Header",https://cdn.sofifa.net/players/223/537/22_120.png
241007,E. Ebosse,Enzo Ebosse,"LB, CB",65,22,185,Angers SCO,French Ligue 1,France,Europe,,https://cdn.sofifa.net/players/241/007/22_120.png
251198,E. Simms,Ellis Simms,ST,65,20,183,Everton,English Premier League,England,Europe,,https://cdn.sofifa.net/players/251/198/22_120.png
237335,G. Kastanos,Grigoris Kastanos,"CAM, CM",65,23,179,US Salernitana 1919,Italian Serie A,Cyprus,Europe,"Finesse Shot, Technical Dribbler (AI)",https://cdn.sofifa.net/players/237/335/22_120.png
245637,G. Rutter,Georginio Rutter,ST,65,19,182,TSG Hoffenheim,German 1. Bundesliga,France,Europe,,https://cdn.sofifa.net/players/245/637/22_120.png
253396,G. Simeone,Giuliano Simeone,"ST, LM",65,18,184,Atlético de Madrid,Spain Primera Division,Argentina,South America,,https://cdn.sofifa.net/players/253/396/22_120.png
252964,G. Zappa,Gabriele Zappa,"RB, RM",65,21,183,Cagliari,Italian Serie A,Italy,Europe,,https://cdn.sofifa.net/players/252/964/22_120.png
251974,H. Mbock,Hiang'a Mananga Mbock,"CM, CDM",65,21,186,Stade Brestois 29,French Ligue 1,France,Europe,Long Shot Taker (AI),https://cdn.sofifa.net/players/251/974/22_120.png
258768,Iván Bravo,Iván Bravo Castro,LB,65,20,181,CA Osasuna,Spain Primera Division,Spain,Europe,,https://cdn.sofifa.net/players/258/768/22_120.png
256731,J. Krasso,Jean-Philippe Krasso,"ST, RW",65,23,187,AS Saint-Étienne,French Ligue 1,France,Europe,,https://cdn.sofifa.net/players/256/731/22_120.png
203249,J. Valencia,César Joel Valencia Castillo,"LM, CAM, ST",65,26,165,Brentford,English Premier League,Ecuador,South America,"Flair, Playmaker (AI)",https://cdn.sofifa.net/players/203/249/22_120.png
255406,Javi Castro,Javier Castro Urdín,CB,65,20,183,RC Celta de Vigo,Spain Primera Division,Spain,Europe,,https://cdn.sofifa.net/players/255/406/22_120.png
236028,Javi Díaz,Javier Díaz Sánchez,GK,65,24,182,Sevilla FC,Spain Primera Division,Spain,Europe,,https://cdn.sofifa.net/players/236/028/22_120.png
256097,Javi López,Javier López Carballo,LB,65,19,183,Deportivo Alavés,Spain Primera Division,Spain,Europe,,https://cdn.sofifa.net/players/256/097/22_120.png
243604,Juan Cruz,Juan Cruz Díaz Espósito,"LM, CAM, RM",65,21,177,Real Betis Balompié,Spain Primera Division,Spain,Europe,"Finesse Shot, Flair, Playmaker (AI), Technical Dribbler (AI)",https://cdn.sofifa.net/players/243/604/22_120.png
216237,K. Azamoum,Karim Azamoum,"CDM, CM",65,31,178,ESTAC Troyes,French Ligue 1,France,Europe,Team Player,https://cdn.sofifa.net/players/216/237/22_120.png
246763,K. Hoever,Ki-Jana Delano Hoever,"RWB, RB",65,19,183,Wolverhampton Wanderers,English Premier League,Netherlands,Europe,,https://cdn.sofifa.net/players/246/763/22_120.png
246683,L. Agoumé,Lucien Jefferson Agoume,"CM, CDM",65,19,185,Stade Brestois 29,French Ligue 1,France,Europe,"Flair, Playmaker (AI)",https://cdn.sofifa.net/players/246/683/22_120.png
53739,L. Grant,Lee Grant,GK,65,38,193,Manchester United,English Premier League,England,Europe,"GK Long Throw, Team Player",https://cdn.sofifa.net/players/053/739/22_120.png
240941,L. Pintor,Lenny Jean-Pierre Pintor,"RW, LW",65,20,179,Olympique Lyonnais,French Ligue 1,France,Europe,Speed Dribbler (AI),https://cdn.sofifa.net/players/240/941/22_120.png
258466,Leo Román,Leonardo Román Riquelme,GK,65,21,185,RCD Mallorca,Spain Primera Division,Spain,Europe,,https://cdn.sofifa.net/players/258/466/22_120.png
235108,Léo Sena,Leonardo de Souza Sena,"CM, CDM",65,25,175,Spezia,Italian Serie A,Brazil,South America,Long Passer (AI),https://cdn.sofifa.net/players/235/108/22_120.png
238186,M. Bułka,Marcin Bułka,GK,65,21,199,OGC Nice,French Ligue 1,Poland,Europe,,https://cdn.sofifa.net/players/238/186/22_120.png
263582,M. Peart-Harris,Myles Peart-Harris,"CAM, CM",65,18,187,Brentford,English Premier League,England,Europe,Playmaker (AI),https://cdn.sofifa.net/players/263/582/22_120.png
255015,M. Rivera,Maxence Rivera,LM,65,19,168,AS Saint-Étienne,French Ligue 1,France,Europe,,https://cdn.sofifa.net/players/255/015/22_120.png
259584,M. Ruggeri,Matteo Ruggeri,"LM, LB",65,18,179,US Salernitana 1919,Italian Serie A,Italy,Europe,,https://cdn.sofifa.net/players/259/584/22_120.png
216255,M. Stefaniak,Marvin Stefaniak,"CAM, LW, LM",65,26,178,VfL Wolfsburg,German 1. Bundesliga,Germany,Europe,Speed Dribbler (AI),https://cdn.sofifa.net/players/216/255/22_120.png
241479,Mario Hernández,Mario Hernández Fernández,"RB, CB",65,22,178,Rayo Vallecano,Spain Primera Division,Spain,Europe,,https://cdn.sofifa.net/players/241/479/22_120.png
244919,Martín,Martín Pascual Castillo,"CB, CDM",65,21,190,Villarreal CF,Spain Primera Division,Spain,Europe,,https://cdn.sofifa.net/players/244/919/22_120.png
244024,O. Batista Meier,Oliver Batista Meier,"CAM, LW",65,20,178,FC Bayern München,German 1. Bundesliga,Germany,Europe,Outside Foot Shot,https://cdn.sofifa.net/players/244/024/22_120.png
219661,P. Jaroszyński,Paweł Kamil Jaroszyński,CB,65,26,184,US Salernitana 1919,Italian Serie A,Poland,Europe,,https://cdn.sofifa.net/players/219/661/22_120.png
245023,P. Mićin,Petar Mićin,"RW, ST, LW",65,22,189,Udinese Calcio,Italian Serie A,Serbia,Europe,"Flair, Technical Dribbler (AI)",https://cdn.sofifa.net/players/245/023/22_120.png
255140,Pablo Gozálbez,Pablo Gozálbez Gilabert,"CAM, CF",65,20,170,Valencia CF,Spain Primera Division,Spain,Europe,Technical Dribbler (AI),https://cdn.sofifa.net/players/255/140/22_120.png
255854,Pacheco,Jon Pacheco Dozagarat,CB,65,20,184,Real Sociedad,Spain Primera Division,Spain,Europe,,https://cdn.sofifa.net/players/255/854/22_120.png
239259,R. Bushiri,Rocky Bushiri Kisonga,CB,65,21,187,Norwich City,English Premier League,Belgium,Europe,Injury Prone,https://cdn.sofifa.net/players/239/259/22_120.png
203824,R. Matthews,Remi Matthews,GK,65,27,192,Crystal Palace,English Premier League,England,Europe,Comes For Crosses,https://cdn.sofifa.net/players/203/824/22_120.png
230676,R. Pirrello,Roberto Pirrello,"CB, RB",65,25,190,Empoli,Italian Serie A,Italy,Europe,,https://cdn.sofifa.net/players/230/676/22_120.png
245865,S. Bajic,Stefan Bajic,GK,65,19,191,AS Saint-Étienne,French Ligue 1,France,Europe,,https://cdn.sofifa.net/players/245/865/22_120.png
253407,S. Greenwood,Sam Greenwood,"CF, CAM, CM",65,19,180,Leeds United,English Premier League,England,Europe,Power Free-Kick,https://cdn.sofifa.net/players/253/407/22_120.png
244921,Sergio Moreno,Sergio Moreno Martínez,ST,65,22,178,Rayo Vallecano,Spain Primera Division,Spain,Europe,,https://cdn.sofifa.net/players/244/921/22_120.png
244097,T. Bonga,Tarsis Bonga,"RM, ST, LM",65,24,197,VfL Bochum 1848,German 1. Bundesliga,Germany,Europe,,https://cdn.sofifa.net/players/244/097/22_120.png
247721,T. Raschl,Tobias Raschl,CM,65,21,177,Borussia Dortmund,German 1. Bundesliga,Germany,Europe,Playmaker (AI),https://cdn.sofifa.net/players/247/721/22_120.png
240319,T. Tillman,Timothy Tillman,"CM, CAM, LW",65,22,183,SpVgg Greuther Fürth,German 1. Bundesliga,Germany,Europe,,https://cdn.sofifa.net/players/240/319/22_120.png
204468,T. Weilandt,Tom Weilandt,"LM, RM, CAM",65,29,186,VfL Bochum 1848,German 1. Bundesliga,Germany,Europe,"Injury Prone, Technical Dribbler (AI)",https://cdn.sofifa.net/players/204/468/22_120.png
223082,W. Norris,Will Norris,GK,65,27,195,Burnley,English Premier League,England,Europe,Rushes Out Of Goal,https://cdn.sofifa.net/players/223/082/22_120.png
235633,Y. Diouf,Yehvann Diouf,GK,65,21,184,Stade de Reims,French Ligue 1,France,Europe,,https://cdn.sofifa.net/players/235/633/22_120.png
262333,Y. Kallon,Yayah Kallon,"RW, CF, CAM",65,20,175,Genoa,Italian Serie A,Sierra Leone,Africa,Speed Dribbler (AI),https://cdn.sofifa.net/players/262/333/22_120.png
256118,Y. Keitel,Yannik Keitel,CDM,65,21,186,Sport-Club Freiburg,German 1. Bundesliga,Germany,Europe,,https://cdn.sofifa.net/players/256/118/22_120.png
261249,É. Michut,Édouard Michut,CM,65,18,178,Paris Saint-Germain,French Ligue 1,France,Europe,,https://cdn.sofifa.net/players/261/249/22_120.png
258625,A. Barry,Abdourahmane Barry,"CB, CDM, RB",64,21,185,SpVgg Greuther Fürth,German 1. Bundesliga,France,Europe,,https://cdn.sofifa.net/players/258/625/22_120.png
258966,A. Cambiaso,Andrea Cambiaso,"RM, LM, LB",64,21,181,Genoa,Italian Serie A,Italy,Europe,Early Crosser,https://cdn.sofifa.net/players/258/966/22_120.png
229743,A. Deiola,Alessandro Deiola,CM,64,25,189,Cagliari,Italian Serie A,Italy,Europe,Long Shot Taker (AI),https://cdn.sofifa.net/players/229/743/22_120.png
252936,A. Flips,Alexis Laurent Patrice Roge Flips,"RM, LM",64,21,173,Stade de Reims,French Ligue 1,France,Europe,,https://cdn.sofifa.net/players/252/936/22_120.png
118794,A. Lonergan,Andrew Lonergan,GK,64,37,192,Everton,English Premier League,England,Europe,,https://cdn.sofifa.net/players/118/794/22_120.png
246061,A. Solano,Andrés Felipe Solano Dávila,RB,64,23,176,Atlético de Madrid,Spain Primera Division,Colombia,South America,,https://cdn.sofifa.net/players/246/061/22_120.png
250790,A. Traoré,Amadou Traoré,RM,64,19,177,FC Girondins de Bordeaux,French Ligue 1,France,Europe,Technical Dribbler (AI),https://cdn.sofifa.net/players/250/790/22_120.png
258937,Aimar Oroz,Aimar Oroz Huarte,"CAM, CM",64,19,177,CA Osasuna,Spain Primera Division,Spain,Europe,,https://cdn.sofifa.net/players/258/937/22_120.png
263945,Alberto Moreno,Alberto Moreno Rebanal,CM,64,19,175,Atlético de Madrid,Spain Primera Division,Spain,Europe,,https://cdn.sofifa.net/players/263/945/22_120.png
245639,André Anderson,André Anderson Pomilio Lima da Silva,"CF, CAM, ST",64,21,180,Lazio,Italian Serie A,Italy,Europe,Technical Dribbler (AI),https://cdn.sofifa.net/players/245/639/22_120.png
240906,B. Adekanye,Bobby Adekanye,RW,64,22,175,Lazio,Italian Serie A,Netherlands,Europe,,https://cdn.sofifa.net/players/240/906/22_120.png
248574,B. Benkhedim,Bilal Benkhedim,"CAM, RM",64,20,175,AS Saint-Étienne,French Ligue 1,France,Europe,,https://cdn.sofifa.net/players/248/574/22_120.png
257396,B. Domingues,Brandon Dominguès,"RM, CAM, LM",64,21,172,ESTAC Troyes,French Ligue 1,France,Europe,,https://cdn.sofifa.net/players/257/396/22_120.png
250822,B. Fadiga,Bandiougou Fadiga,"CM, CAM",64,20,178,Paris Saint-Germain,French Ligue 1,France,Europe,Outside Foot Shot,https://cdn.sofifa.net/players/250/822/22_120.png
257534,C. Palmer,Cole Palmer,"RW, CAM",64,19,189,Manchester City,English Premier League,England,Europe,Technical Dribbler (AI),https://cdn.sofifa.net/players/257/534/22_120.png
235521,Carbonell,Alejandro Carbonell Vallés,"CM, CDM",64,23,182,RC Celta de Vigo,Spain Primera Division,Spain,Europe,,https://cdn.sofifa.net/players/235/521/22_120.png
264430,Christian Gómez,Christian Gómez Vela,GK,64,21,187,Atlético de Madrid,Spain Primera Division,Spain,Europe,,https://cdn.sofifa.net/players/264/430/22_120.png
259190,D. Lopy,Dion Lopy,CM,64,19,184,Stade de Reims,French Ligue 1,Senegal,Africa,Playmaker (AI),https://cdn.sofifa.net/players/259/190/22_120.png
198132,D. Oberhauser,David Oberhauser,GK,64,30,185,FC Metz,French Ligue 1,France,Europe,,https://cdn.sofifa.net/players/198/132/22_120.png
259583,D. Udogie,Destiny Iyenoma Udogie,"LB, LM",64,18,186,Udinese Calcio,Italian Serie A,Italy,Europe,,https://cdn.sofifa.net/players/259/583/22_120.png
245290,De La Fuente,Adrián de la Fuente Barquilla,CB,64,22,179,Villarreal CF,Spain Primera Division,Spain,Europe,,https://cdn.sofifa.net/players/245/290/22_120.png
264158,Diego Moreno,Diego Moreno Garbayo,RB,64,19,177,CA Osasuna,Spain Primera Division,Spain,Europe,,https://cdn.sofifa.net/players/264/158/22_120.png
52326,E. Jakupović,Eldin Jakupović,GK,64,36,191,Leicester City,English Premier League,Switzerland,Europe,GK Long Throw,https://cdn.sofifa.net/players/052/326/22_120.png
247463,F. Balogun,Folarin Balogun,ST,64,19,179,Arsenal,English Premier League,England,Europe,,https://cdn.sofifa.net/players/247/463/22_120.png
242965,F. Hornby,Fraser Hornby,ST,64,21,195,Stade de Reims,French Ligue 1,Scotland,Europe,,https://cdn.sofifa.net/players/242/965/22_120.png
257110,Fran González,Francisco Manuel Gonzalez Verjara,CB,64,22,188,Atlético de Madrid,Spain Primera Division,Spain,Europe,,https://cdn.sofifa.net/players/257/110/22_120.png
261680,Gori,Gregorio Gracia Sánchez,"CM, CAM",64,19,172,RCD Espanyol de Barcelona,Spain Primera Division,Spain,Europe,Playmaker (AI),https://cdn.sofifa.net/players/261/680/22_120.png
262137,H. Keïta,Habib Ali Keita,CM,64,19,182,Olympique Lyonnais,French Ligue 1,Mali,Africa,,https://cdn.sofifa.net/players/262/137/22_120.png
259582,Isma Ruiz,Ismael Ruiz Sánchez,CDM,64,20,184,Granada CF,Spain Primera Division,Spain,Europe,"Long Passer (AI), Playmaker (AI)",https://cdn.sofifa.net/players/259/582/22_120.png
259679,J. Braaf,Jayden Jezairo Braaf,"LW, RW",64,18,179,Manchester City,English Premier League,Netherlands,Europe,"Speed Dribbler (AI), Technical Dribbler (AI)",https://cdn.sofifa.net/players/259/679/22_120.png
223306,J. Jach,Jarosław Przemysław Jach,CB,64,27,192,Crystal Palace,English Premier League,Poland,Europe,Power Header,https://cdn.sofifa.net/players/223/306/22_120.png
250955,J. Stanišić,Josip Stanišić,"RB, CB",64,21,186,FC Bayern München,German 1. Bundesliga,Croatia,Europe,,https://cdn.sofifa.net/players/250/955/22_120.png
251757,Javi Gómez,Javier Gómez Castroverde,"LM, CAM, RM",64,22,178,RC Celta de Vigo,Spain Primera Division,Spain,Europe,"Flair, Technical Dribbler (AI)",https://cdn.sofifa.net/players/251/757/22_120.png
263943,Javi Serrano,Javier Serrano Martínez,CDM,64,18,175,Atlético de Madrid,Spain Primera Division,Spain,Europe,Dives Into Tackles (AI),https://cdn.sofifa.net/players/263/943/22_120.png
256404,Jorge Silva,Jorge Filipe Soares Silva,CB,64,22,184,Lazio,Italian Serie A,Portugal,Europe,,https://cdn.sofifa.net/players/256/404/22_120.png
231474,João Costa,João Paulo Santos da Costa,GK,64,25,185,Granada CF,Spain Primera Division,Portugal,Europe,,https://cdn.sofifa.net/players/231/474/22_120.png
237935,K. Klaesson,Kristoffer-August Sundquist Klaesson,GK,64,20,189,Leeds United,English Premier League,Norway,Europe,"Comes For Crosses, Saves with Feet",https://cdn.sofifa.net/players/237/935/22_120.png
233051,L. Bolton,Luke Bolton,"RB, RWB, RM",64,21,176,Manchester City,English Premier League,England,Europe,"Flair, Speed Dribbler (AI)",https://cdn.sofifa.net/players/233/051/22_120.png
259031,L. Delap,Liam Delap,ST,64,18,186,Manchester City,English Premier League,England,Europe,Chip Shot (AI),https://cdn.sofifa.net/players/259/031/22_120.png
262652,L. Joseph,Lenny Joseph,ST,64,20,180,FC Metz,French Ligue 1,France,Europe,Speed Dribbler (AI),https://cdn.sofifa.net/players/262/652/22_120.png
240777,L. Ranieri,Luca Ranieri,"CB, LB",64,22,187,US Salernitana 1919,Italian Serie A,Italy,Europe,,https://cdn.sofifa.net/players/240/777/22_120.png
256115,L. Samardžić,Lazar Samardžić,"CAM, CM",64,19,184,Udinese Calcio,Italian Serie A,Germany,Europe,,https://cdn.sofifa.net/players/256/115/22_120.png
264406,L. Spatz,Lautaro Marco Spatz,"CB, RB",64,19,184,Cádiz CF,Spain Primera Division,Argentina,South America,,https://cdn.sofifa.net/players/264/406/22_120.png
246402,M. Bidstrup,Mads Bidstrup,"CDM, CM",64,20,178,Brentford,English Premier League,Denmark,Europe,,https://cdn.sofifa.net/players/246/402/22_120.png
256544,M. Bogarde,Melayro Chakewno Jalaino Bogarde,"CB, CDM, RB",64,19,182,TSG Hoffenheim,German 1. Bundesliga,Netherlands,Europe,,https://cdn.sofifa.net/players/256/544/22_120.png
264322,M. Saban,Mathys Saban,LM,64,19,177,AS Saint-Étienne,French Ligue 1,France,Europe,,https://cdn.sofifa.net/players/264/322/22_120.png
264044,M. Viti,Mattia Viti,CB,64,19,190,Empoli,Italian Serie A,Italy,Europe,,https://cdn.sofifa.net/players/264/044/22_120.png
254123,Migue,Miguel Ángel Leal Díaz,"RB, RM",64,24,176,Villarreal CF,Spain Primera Division,Spain,Europe,,https://cdn.sofifa.net/players/254/123/22_120.png
259205,N. Ahamada,Naouirou Ahamada,CM,64,19,183,VfB Stuttgart,German 1. Bundesliga,France,Europe,,https://cdn.sofifa.net/players/259/205/22_120.png
257075,P. Nebel,Paul Nebel,"RM, LM, CAM",64,18,169,1. FSV Mainz 05,German 1. Bundesliga,Germany,Europe,,https://cdn.sofifa.net/players/257/075/22_120.png
264105,Pep Gayà,Josep Gayà Martínez,CB,64,21,185,RCD Mallorca,Spain Primera Division,Spain,Europe,,https://cdn.sofifa.net/players/264/105/22_120.png
254787,Pepe Sánchez,José Sánchez Martínez,"RB, CB, CDM",64,21,183,Granada CF,Spain Primera Division,Spain,Europe,"Long Passer (AI), Long Shot Taker (AI)",https://cdn.sofifa.net/players/254/787/22_120.png
241462,R. Guerra,Ramiro Guerra Pereyra,CDM,64,24,183,Villarreal CF,Spain Primera Division,Uruguay,South America,Injury Prone,https://cdn.sofifa.net/players/241/462/22_120.png
257349,R. Ladinetti,Riccardo Ladinetti,CM,64,20,182,Cagliari,Italian Serie A,Italy,Europe,,https://cdn.sofifa.net/players/257/349/22_120.png
177404,S. Fürstner,Stephan Fürstner,"CDM, CM, CB",64,33,178,1. FSV Mainz 05,German 1. Bundesliga,Germany,Europe,,https://cdn.sofifa.net/players/177/404/22_120.png
208129,S. Novothny,Soma Zsombor Novothny,ST,64,27,185,VfL Bochum 1848,German 1. Bundesliga,Hungary,Europe,,https://cdn.sofifa.net/players/208/129/22_120.png
244120,S. Rénot,Sébastien Rénot,GK,64,31,185,ESTAC Troyes,French Ligue 1,France,Europe,Leadership,https://cdn.sofifa.net/players/244/120/22_120.png
253465,T. Mengi,Teden Mengi,CB,64,19,183,Manchester United,English Premier League,England,Europe,Long Passer (AI),https://cdn.sofifa.net/players/253/465/22_120.png
258034,Toni Herrero,Toni Herrero Oliva,LB,64,20,178,Levante Unión Deportiva,Spain Primera Division,Spain,Europe,,https://cdn.sofifa.net/players/258/034/22_120.png
257399,W. Faghir,Wahidullah Faghir,ST,64,17,185,VfB Stuttgart,German 1. Bundesliga,Denmark,Europe,Technical Dribbler (AI),https://cdn.sofifa.net/players/257/399/22_120.png
210676,W. Falcone,Wladimiro Falcone,GK,64,26,195,U.C. Sampdoria,Italian Serie A,Italy,Europe,,https://cdn.sofifa.net/players/210/676/22_120.png
264008,W. Kechrida,Wajdi Kechrida,"RB, CDM, RM",64,25,184,US Salernitana 1919,Italian Serie A,Tunisia,Africa,Speed Dribbler (AI),https://cdn.sofifa.net/players/264/008/22_120.png
256666,Y. Mosquera,Yerson Mosquera Valdelamar,CB,64,20,187,Wolverhampton Wanderers,English Premier League,Colombia,South America,,https://cdn.sofifa.net/players/256/666/22_120.png
251912,Z. Ould Khaled,Zinédine Ould Khaled,"CDM, CM",64,21,195,Angers SCO,French Ligue 1,France,Europe,,https://cdn.sofifa.net/players/251/912/22_120.png
258037,Álex Blesa,Alejandro Blesa Pina,"CM, CDM",64,19,180,Levante Unión Deportiva,Spain Primera Division,Spain,Europe,Playmaker (AI),https://cdn.sofifa.net/players/258/037/22_120.png
262889,A. Garcia MacNulty,Anselmo Garcia MacNulty,CB,63,18,187,VfL Wolfsburg,German 1. Bundesliga,Republic of Ireland,Europe,,https://cdn.sofifa.net/players/262/889/22_120.png
220833,A. Mandrea,Anthony Mandrea,GK,63,24,186,Angers SCO,French Ligue 1,France,Europe,,https://cdn.sofifa.net/players/220/833/22_120.png
263880,Agirrezabala,Julen Agirrezabala,GK,63,20,187,Athletic Club de Bilbao,Spain Primera Division,Spain,Europe,,https://cdn.sofifa.net/players/263/880/22_120.png
257975,B. Brahimi,Billal Brahimi,LW,63,21,183,Angers SCO,French Ligue 1,France,Europe,,https://cdn.sofifa.net/players/257/975/22_120.png
263014,B. Makouana,Béni Makouana,"RM, ST",63,18,181,Montpellier Hérault SC,French Ligue 1,Congo,Africa,Speed Dribbler (AI),https://cdn.sofifa.net/players/263/014/22_120.png
264050,B. Nokoue,Bryan Nokoue,RB,63,19,180,AS Saint-Étienne,French Ligue 1,Cameroon,Africa,,https://cdn.sofifa.net/players/264/050/22_120.png
259356,C. Chukwuemeka,Carney Chibueze Chukwuemeka,CAM,63,17,183,Aston Villa,English Premier League,England,Europe,"Flair, Technical Dribbler (AI)",https://cdn.sofifa.net/players/259/356/22_120.png
254121,C. Cresswell,Charlie Cresswell,CB,63,18,191,Leeds United,English Premier League,England,Europe,,https://cdn.sofifa.net/players/254/121/22_120.png
254529,C. Drameh,Cody Callum Pierre Drameh,"RB, RWB",63,19,184,Leeds United,English Premier League,England,Europe,Speed Dribbler (AI),https://cdn.sofifa.net/players/254/529/22_120.png
250789,D. Bakwa,Dilane Bakwa,LW,63,18,179,FC Girondins de Bordeaux,French Ligue 1,France,Europe,,https://cdn.sofifa.net/players/250/789/22_120.png
261025,D. Scarlett,Dane Pharrell Scarlett,ST,63,17,179,Tottenham Hotspur,English Premier League,England,Europe,Flair,https://cdn.sofifa.net/players/261/025/22_120.png
244196,D. Thompson,Dominic Thompson,"LB, LWB",63,20,183,Brentford,English Premier League,England,Europe,Early Crosser,https://cdn.sofifa.net/players/244/196/22_120.png
260814,E. Sevikyan,Edgar Sevikyan,"RM, LM, CAM",63,19,175,Levante Unión Deportiva,Spain Primera Division,Russia,Europe,,https://cdn.sofifa.net/players/260/814/22_120.png
264451,E. Vergani,Edoardo Vergani,ST,63,20,186,US Salernitana 1919,Italian Serie A,Italy,Europe,,https://cdn.sofifa.net/players/264/451/22_120.png
259806,F. Da Silva,Florent Da Silva,CM,63,18,178,Olympique Lyonnais,French Ligue 1,France,Europe,Playmaker (AI),https://cdn.sofifa.net/players/259/806/22_120.png
258485,F. Jörgensen,Filip Jörgensen,GK,63,19,189,Villarreal CF,Spain Primera Division,Sweden,Europe,GK Long Throw,https://cdn.sofifa.net/players/258/485/22_120.png
222209,G. Mutombo,Gabriel Mutombo Kupa,CB,63,25,191,ESTAC Troyes,French Ligue 1,France,Europe,,https://cdn.sofifa.net/players/222/209/22_120.png
259747,I. Diabate,Ibrahim Yalatif Diabate,ST,63,21,180,RCD Mallorca,Spain Primera Division,Côte d'Ivoire,Africa,,https://cdn.sofifa.net/players/259/747/22_120.png
263194,I. Gharbi,Ismaël Gharbi,"LW, CAM",63,17,167,Paris Saint-Germain,French Ligue 1,France,Europe,"Outside Foot Shot, Technical Dribbler (AI)",https://cdn.sofifa.net/players/263/194/22_120.png
264159,Iker Benito,Iker Benito Sánchez,RM,63,18,176,CA Osasuna,Spain Primera Division,Spain,Europe,,https://cdn.sofifa.net/players/264/159/22_120.png
260692,Iker Recio,Iker Recio Ortega,"CB, LB",63,20,185,Rayo Vallecano,Spain Primera Division,Spain,Europe,Long Passer (AI),https://cdn.sofifa.net/players/260/692/22_120.png
263281,J. Bongard,Jordi Bongard,CB,63,19,196,Borussia Mönchengladbach,German 1. Bundesliga,Germany,Europe,,https://cdn.sofifa.net/players/263/281/22_120.png
240803,J. Eppiah,Joshua Felix Okpoda Eppiah,ST,63,22,175,Leicester City,English Premier League,Belgium,Europe,,https://cdn.sofifa.net/players/240/803/22_120.png
237871,J. Holsgrove,Jordan Holsgrove,"CM, RM, LM",63,21,180,RC Celta de Vigo,Spain Primera Division,Scotland,Europe,"Long Passer (AI), Long Shot Taker (AI)",https://cdn.sofifa.net/players/237/871/22_120.png
257083,J. Kadile,Junior Morau Kadile,"LW, RW, ST",63,18,182,Stade Rennais FC,French Ligue 1,France,Europe,,https://cdn.sofifa.net/players/257/083/22_120.png
257273,J. Olschowsky,Jan Jakob Olschowsky,GK,63,19,183,Borussia Mönchengladbach,German 1. Bundesliga,Germany,Europe,,https://cdn.sofifa.net/players/257/273/22_120.png
240434,J. Tell,Jordan Tell,"ST, LM, RM",63,24,185,Clermont Foot 63,French Ligue 1,France,Europe,,https://cdn.sofifa.net/players/240/434/22_120.png
256128,Jony Álamo,Jonatan Carmona Álamo,"CDM, CM",63,19,175,Elche CF,Spain Primera Division,Spain,Europe,,https://cdn.sofifa.net/players/256/128/22_120.png
262663,K. Ezekwem,Kimberly Ezekwem,"CB, LB",63,20,188,Sport-Club Freiburg,German 1. Bundesliga,Germany,Europe,,https://cdn.sofifa.net/players/262/663/22_120.png
245996,K. Fobi,Kingsley Fobi,"RB, RWB",63,22,180,Granada CF,Spain Primera Division,Ghana,Africa,,https://cdn.sofifa.net/players/245/996/22_120.png
247764,K. John,Kyle Alex John,"RB, RM",63,20,176,Everton,English Premier League,England,Europe,,https://cdn.sofifa.net/players/247/764/22_120.png
260926,K. Schade,Kevin Schade,"CF, ST",63,19,183,Sport-Club Freiburg,German 1. Bundesliga,Germany,Europe,,https://cdn.sofifa.net/players/260/926/22_120.png
226259,L. Andrenacci,Lorenzo Andrenacci,GK,63,26,188,Genoa,Italian Serie A,Italy,Europe,,https://cdn.sofifa.net/players/226/259/22_120.png
261374,L. Bate,Lewis Bate,"CM, CDM",63,18,172,Leeds United,English Premier League,England,Europe,"Long Passer (AI), Playmaker (AI), Technical Dribbler (AI)",https://cdn.sofifa.net/players/261/374/22_120.png
234614,L. Lumeka,Levi Jeremiah Lumeka,"LW, RW",63,22,170,ESTAC Troyes,French Ligue 1,England,Europe,,https://cdn.sofifa.net/players/234/614/22_120.png
260159,L. Mouyokolo,Loris Mouyokolo,CB,63,20,194,FC Lorient,French Ligue 1,France,Europe,,https://cdn.sofifa.net/players/260/159/22_120.png
255174,L. Tramoni,Lisandru Tramoni,RM,63,18,175,Cagliari,Italian Serie A,France,Europe,Technical Dribbler (AI),https://cdn.sofifa.net/players/255/174/22_120.png
257084,L. Ugochukwu,Lesley Chimuanya Ugochukwu,CM,63,17,188,Stade Rennais FC,French Ligue 1,France,Europe,,https://cdn.sofifa.net/players/257/084/22_120.png
259171,Lanchi,José Manuel Cabrera López,RB,63,20,177,Villarreal CF,Spain Primera Division,Spain,Europe,,https://cdn.sofifa.net/players/259/171/22_120.png
264110,Llabrés,Javier Llabrés Exposito,"LM, LW, RW",63,19,172,RCD Mallorca,Spain Primera Division,Spain,Europe,,https://cdn.sofifa.net/players/264/110/22_120.png
258185,Luis Carbonell,Luis Carbonell Artajona,"ST, LW",63,18,169,Real Madrid CF,Spain Primera Division,Spain,Europe,Speed Dribbler (AI),https://cdn.sofifa.net/players/258/185/22_120.png
264170,Luis López,Luis Federico López Andúgar,GK,63,20,190,Real Madrid CF,Spain Primera Division,Spain,Europe,,https://cdn.sofifa.net/players/264/170/22_120.png
262042,M. Estève,Maxime Estève,CB,63,19,193,Montpellier Hérault SC,French Ligue 1,France,Europe,,https://cdn.sofifa.net/players/262/042/22_120.png
257916,M. Schroers,Mika Schröers,LM,63,19,180,Borussia Mönchengladbach,German 1. Bundesliga,Germany,Europe,,https://cdn.sofifa.net/players/257/916/22_120.png
238755,M. Warming,Magnus Warming,LW,63,21,187,Torino F.C.,Italian Serie A,Denmark,Europe,Speed Dribbler (AI),https://cdn.sofifa.net/players/238/755/22_120.png
262260,Mini,Sergio Guerrero Romero,CM,63,22,174,Atlético de Madrid,Spain Primera Division,Spain,Europe,,https://cdn.sofifa.net/players/262/260/22_120.png
243838,N. Burkart,Nishan Connell Burkart,"ST, CF",63,21,174,Sport-Club Freiburg,German 1. Bundesliga,Switzerland,Europe,Speed Dribbler (AI),https://cdn.sofifa.net/players/243/838/22_120.png
254019,N. Gioacchini,Nicholas Gioacchini,"ST, RM",63,20,183,Montpellier Hérault SC,French Ligue 1,United States,North America,,https://cdn.sofifa.net/players/254/019/22_120.png
262672,N. Weißhaupt,Noah Weißhaupt,"LM, RM",63,19,180,Sport-Club Freiburg,German 1. Bundesliga,Germany,Europe,,https://cdn.sofifa.net/players/262/672/22_120.png
262113,N. Zalewski,Nicola Zalewski,CAM,63,19,175,Roma,Italian Serie A,Poland,Europe,,https://cdn.sofifa.net/players/262/113/22_120.png
254244,Nabil Touaizi,Nabili Zoubdi Touaizi,"ST, LM",63,20,183,RCD Espanyol de Barcelona,Spain Primera Division,Morocco,Africa,"Flair, Technical Dribbler (AI)",https://cdn.sofifa.net/players/254/244/22_120.png
259422,Nico Serrano,Nicolás Serrano Galdeano,"LW, CAM, RW",63,18,178,Athletic Club de Bilbao,Spain Primera Division,Spain,Europe,"Flair, Outside Foot Shot, Technical Dribbler (AI)",https://cdn.sofifa.net/players/259/422/22_120.png
261654,O. El Hilali,Omar El Hilali,RB,63,17,183,RCD Espanyol de Barcelona,Spain Primera Division,Spain,Europe,Speed Dribbler (AI),https://cdn.sofifa.net/players/261/654/22_120.png
253497,P. Bonet,Pépé Bonet Kapambu,GK,63,18,193,Stade Rennais FC,French Ligue 1,Congo DR,Africa,,https://cdn.sofifa.net/players/253/497/22_120.png
264081,Pablo Gálvez,Pablo Gálvez Miranda,"ST, CAM",63,19,185,RCD Mallorca,Spain Primera Division,Spain,Europe,,https://cdn.sofifa.net/players/264/081/22_120.png
242947,R. Kehr,Robin Luca Kehr,"LM, ST",63,21,189,SpVgg Greuther Fürth,German 1. Bundesliga,Germany,Europe,Speed Dribbler (AI),https://cdn.sofifa.net/players/242/947/22_120.png
257917,S. Christiansen,Sander Johan Christiansen,CM,63,20,185,Borussia Mönchengladbach,German 1. Bundesliga,Norway,Europe,,https://cdn.sofifa.net/players/257/917/22_120.png
215756,S. McQueen,Sam McQueen,LB,63,26,181,Southampton,English Premier League,England,Europe,Injury Prone,https://cdn.sofifa.net/players/215/756/22_120.png
252598,Sergio Lozano,Sergio Lozano Lluch,"CM, CAM, RM",63,22,175,Villarreal CF,Spain Primera Division,Spain,Europe,,https://cdn.sofifa.net/players/252/598/22_120.png
241488,Sillero,Jon Sillero Monreal,"CB, RB",63,23,177,Athletic Club de Bilbao,Spain Primera Division,Spain,Europe,,https://cdn.sofifa.net/players/241/488/22_120.png
260340,Svensson,Max Svensson Río,"ST, LM",63,19,182,RCD Espanyol de Barcelona,Spain Primera Division,Spain,Europe,,https://cdn.sofifa.net/players/260/340/22_120.png
256104,T. Tessmann,Tanner Tessmann,"CDM, CM",63,19,188,Venezia FC,Italian Serie A,United States,North America,"Long Passer (AI), Playmaker (AI)",https://cdn.sofifa.net/players/256/104/22_120.png
238189,T. Uwakwe,Tariq Uwakwe,LWB,63,21,183,Chelsea,English Premier League,England,Europe,,https://cdn.sofifa.net/players/238/189/22_120.png
264103,Torrente,Raúl Torrente Navarro,"CB, CDM",63,19,193,Granada CF,Spain Primera Division,Spain,Europe,"Solid Player, Long Passer (AI)",https://cdn.sofifa.net/players/264/103/22_120.png
259405,Zarzana,Antonio Zarzana Pérez,"RM, LM, CAM",63,19,177,Sevilla FC,Spain Primera Division,Spain,Europe,,https://cdn.sofifa.net/players/259/405/22_120.png
259580,Ángel Jiménez,Ángel Jiménez Gallego,GK,63,19,194,Granada CF,Spain Primera Division,Spain,Europe,Cautious With Crosses,https://cdn.sofifa.net/players/259/580/22_120.png
256306,Ö. Beyaz,Ömer Faruk Beyaz,"CAM, CM",63,17,171,VfB Stuttgart,German 1. Bundesliga,Turkey,Europe,"Flair, Playmaker (AI)",https://cdn.sofifa.net/players/256/306/22_120.png
202793,A. Berardi,Alessandro Berardi,GK,62,30,185,Hellas Verona,Italian Serie A,Italy,Europe,Team Player,https://cdn.sofifa.net/players/202/793/22_120.png
247741,A. Glennon,Anthony Driscoll-Glennon,LB,62,21,181,Burnley,English Premier League,England,Europe,,https://cdn.sofifa.net/players/247/741/22_120.png
246861,A. Riccardi,Alessio Riccardi,"CM, CAM",62,20,178,Roma,Italian Serie A,Italy,Europe,,https://cdn.sofifa.net/players/246/861/22_120.png
257946,A. Seidu,Alidu Seidu,"LB, RB",62,21,173,Clermont Foot 63,French Ligue 1,Côte d'Ivoire,Africa,Long Throw-in,https://cdn.sofifa.net/players/257/946/22_120.png
253010,A. Sher,Aimar Sher,CM,62,18,175,Spezia,Italian Serie A,Sweden,Europe,,https://cdn.sofifa.net/players/253/010/22_120.png
259117,A. Sotona,Ayodeji Sotona,LM,62,18,179,OGC Nice,French Ligue 1,Republic of Ireland,Europe,Speed Dribbler (AI),https://cdn.sofifa.net/players/259/117/22_120.png
259524,Aitor Paredes,Aitor Paredes Casamichana,CB,62,21,186,Athletic Club de Bilbao,Spain Primera Division,Spain,Europe,,https://cdn.sofifa.net/players/259/524/22_120.png
264092,Alan Godoy,Alan Godoy Domínguez,"ST, LM",62,18,178,Deportivo Alavés,Spain Primera Division,Spain,Europe,,https://cdn.sofifa.net/players/264/092/22_120.png
264116,Alejandro Iturbe,Alejandro Iturbe Encabo,GK,62,17,184,Atlético de Madrid,Spain Primera Division,Spain,Europe,,https://cdn.sofifa.net/players/264/116/22_120.png
243034,Alfon,Alfonso González Martínez,"ST, LM",62,22,172,RC Celta de Vigo,Spain Primera Division,Spain,Europe,Speed Dribbler (AI),https://cdn.sofifa.net/players/243/034/22_120.png
259530,Alfonso Pastor,Alfonso Pastor Vacas,GK,62,20,190,Sevilla FC,Spain Primera Division,Spain,Europe,,https://cdn.sofifa.net/players/259/530/22_120.png
260326,B. Fall,Boubacar Fall,GK,62,20,198,AS Saint-Étienne,French Ligue 1,Senegal,Africa,,https://cdn.sofifa.net/players/260/326/22_120.png
263646,Bastida,Álvaro Bastida Moya,"CDM, CM",62,17,170,Cádiz CF,Spain Primera Division,Spain,Europe,,https://cdn.sofifa.net/players/263/646/22_120.png
240175,Bruno Jordão,Bruno André Cavaco Jordão,CM,62,22,180,Wolverhampton Wanderers,English Premier League,Portugal,Europe,,https://cdn.sofifa.net/players/240/175/22_120.png
260141,C. Cîrjan,Cătălin Cîrjan,"CM, RM",62,18,174,Arsenal,English Premier League,Romania,Europe,Flair,https://cdn.sofifa.net/players/260/141/22_120.png
253693,C. Noß,Conor Noß,CAM,62,20,181,Borussia Mönchengladbach,German 1. Bundesliga,Republic of Ireland,Europe,,https://cdn.sofifa.net/players/253/693/22_120.png
258722,Capita,Osvaldo Pedro Capemba,"LM, RM",62,19,171,LOSC Lille,French Ligue 1,Angola,Africa,Technical Dribbler (AI),https://cdn.sofifa.net/players/258/722/22_120.png
256049,Carrasco,Luis Enrique Carrasco Acosta,"RB, RM",62,23,171,Cádiz CF,Spain Primera Division,Spain,Europe,,https://cdn.sofifa.net/players/256/049/22_120.png
248478,D. Ramaj,Diant Ramaj,GK,62,19,186,Eintracht Frankfurt,German 1. Bundesliga,Germany,Europe,,https://cdn.sofifa.net/players/248/478/22_120.png
260828,De Tomás,Rubén de Tomás Gómez,"LM, RM, CAM",62,20,172,Rayo Vallecano,Spain Primera Division,Spain,Europe,,https://cdn.sofifa.net/players/260/828/22_120.png
254243,E. Anderson,Elliott Anderson,CAM,62,18,175,Newcastle United,English Premier League,Scotland,Europe,,https://cdn.sofifa.net/players/254/243/22_120.png
239145,E. Massouema,Eden Massouema,"CM, CDM",62,24,185,ESTAC Troyes,French Ligue 1,France,Europe,,https://cdn.sofifa.net/players/239/145/22_120.png
261580,E. Sutherland,Edward Campbell Sutherland,RM,62,21,176,Atlético de Madrid,Spain Primera Division,England,Europe,,https://cdn.sofifa.net/players/261/580/22_120.png
237382,F. Melegoni,Filippo Melegoni,CM,62,22,186,Genoa,Italian Serie A,Italy,Europe,,https://cdn.sofifa.net/players/237/382/22_120.png
246863,F. Nmecha,Felix Kalu Nmecha,"CAM, CM",62,20,185,VfL Wolfsburg,German 1. Bundesliga,England,Europe,"Playmaker (AI), Technical Dribbler (AI)",https://cdn.sofifa.net/players/246/863/22_120.png
243284,F. Winther,Frederik Franck Winther,CB,62,20,186,FC Augsburg,German 1. Bundesliga,Denmark,Europe,Long Passer (AI),https://cdn.sofifa.net/players/243/284/22_120.png
262954,Fabio Blanco,Fabio Blanco Gómez,RM,62,17,179,Eintracht Frankfurt,German 1. Bundesliga,Spain,Europe,,https://cdn.sofifa.net/players/262/954/22_120.png
221332,G. Guerrieri,Guido Guerrieri,GK,62,25,184,US Salernitana 1919,Italian Serie A,Italy,Europe,,https://cdn.sofifa.net/players/221/332/22_120.png
234205,H. Ito,伊藤 宏樹,"CB, CDM",62,22,186,VfB Stuttgart,German 1. Bundesliga,Japan,Asia,Long Shot Taker (AI),https://cdn.sofifa.net/players/234/205/22_120.png
222096,H. Lewis,Harry Lewis,GK,62,23,191,Southampton,English Premier League,England,Europe,,https://cdn.sofifa.net/players/222/096/22_120.png
258171,H. Mejbri,Hannibal Mejbri,"CAM, CM",62,18,182,Manchester United,English Premier League,Tunisia,Africa,"Flair, Playmaker (AI), Outside Foot Shot, Technical Dribbler (AI)",https://cdn.sofifa.net/players/258/171/22_120.png
245903,H. White,Harvey David White,"CDM, LB, LM",62,19,178,Tottenham Hotspur,English Premier League,England,Europe,,https://cdn.sofifa.net/players/245/903/22_120.png
257350,J. Flere,Juan Flere Pizzuti,GK,62,23,182,Cádiz CF,Spain Primera Division,Argentina,South America,,https://cdn.sofifa.net/players/257/350/22_120.png
259403,J. Ideho,Joel Ideho,"LM, RM, CF",62,17,180,Arsenal,English Premier League,Netherlands,Europe,,https://cdn.sofifa.net/players/259/403/22_120.png
257914,J. Kersken,Jonas Kersken,GK,62,20,190,Borussia Mönchengladbach,German 1. Bundesliga,Germany,Europe,,https://cdn.sofifa.net/players/257/914/22_120.png
243133,J. Scally,Joseph Scally,"RB, LB",62,18,184,Borussia Mönchengladbach,German 1. Bundesliga,United States,North America,,https://cdn.sofifa.net/players/243/133/22_120.png
245286,J. Žambůrek,Jan Žambůrek,"CAM, CM, LW",62,20,175,Brentford,English Premier League,Czech Republic,Europe,Long Passer (AI),https://cdn.sofifa.net/players/245/286/22_120.png
241038,K. Bennetts,Keanan Bennetts,"RM, LW",62,22,179,Borussia Mönchengladbach,German 1. Bundesliga,England,Europe,,https://cdn.sofifa.net/players/241/038/22_120.png
256770,K. Kurt,Kaan Kurt,RB,62,19,174,Borussia Mönchengladbach,German 1. Bundesliga,Germany,Europe,,https://cdn.sofifa.net/players/256/770/22_120.png
260930,K. Sildillia,Kiliann Sildillia,CB,62,19,186,Sport-Club Freiburg,German 1. Bundesliga,France,Europe,,https://cdn.sofifa.net/players/260/930/22_120.png
260574,L. Assignon,Lorenz Assignon,RB,62,21,179,Stade Rennais FC,French Ligue 1,France,Europe,,https://cdn.sofifa.net/players/260/574/22_120.png
251293,L. Dehl,Laurenz Dehl,"CAM, CDM",62,19,179,1. FC Union Berlin,German 1. Bundesliga,Germany,Europe,,https://cdn.sofifa.net/players/251/293/22_120.png
246002,L. Matheson,Luke Matheson,"RWB, RB",62,18,168,Wolverhampton Wanderers,English Premier League,England,Europe,Long Throw-in,https://cdn.sofifa.net/players/246/002/22_120.png
261621,L. Mbete,Luke Mbete,CB,62,17,185,Manchester City,English Premier League,England,Europe,,https://cdn.sofifa.net/players/261/621/22_120.png
245076,L. Racic,Luka Račić,CB,62,22,187,Brentford,English Premier League,Denmark,Europe,,https://cdn.sofifa.net/players/245/076/22_120.png
262709,M. Bokele,Malcom Bokele,CB,62,21,180,FC Girondins de Bordeaux,French Ligue 1,France,Europe,,https://cdn.sofifa.net/players/262/709/22_120.png
235548,M. Cabit,Manuel Cabit,LB,62,28,180,FC Metz,French Ligue 1,France,Europe,Long Throw-in,https://cdn.sofifa.net/players/235/548/22_120.png
233728,M. Doucouré,Mamadou Doucouré,"CB, CDM",62,23,183,Borussia Mönchengladbach,German 1. Bundesliga,France,Europe,"Injury Prone, Team Player",https://cdn.sofifa.net/players/233/728/22_120.png
242980,M. Shabani,Meritan Shabani,"CAM, CM, ST",62,22,185,Wolverhampton Wanderers,English Premier League,Germany,Europe,"Flair, Technical Dribbler (AI)",https://cdn.sofifa.net/players/242/980/22_120.png
246549,M. Siby,Mahamé Siby,"CDM, CM",62,24,191,RC Strasbourg Alsace,French Ligue 1,France,Europe,,https://cdn.sofifa.net/players/246/549/22_120.png
264380,M. Sponsel,Meiko Sponsel,RB,62,19,189,1. FC Köln,German 1. Bundesliga,Germany,Europe,,https://cdn.sofifa.net/players/264/380/22_120.png
258319,N. Iosifov,Nikita Iosifov,LM,62,20,175,Villarreal CF,Spain Primera Division,Russia,Europe,,https://cdn.sofifa.net/players/258/319/22_120.png
233211,N. Klinger,Niklas Klinger,GK,62,25,187,VfL Wolfsburg,German 1. Bundesliga,Germany,Europe,,https://cdn.sofifa.net/players/233/211/22_120.png
264161,Pablo Valencia,Pablo Valencia García,GK,62,20,188,CA Osasuna,Spain Primera Division,Spain,Europe,,https://cdn.sofifa.net/players/264/161/22_120.png
259314,Pere Joan,Pere Joan García Bauzà,GK,62,19,188,RCD Mallorca,Spain Primera Division,Spain,Europe,,https://cdn.sofifa.net/players/259/314/22_120.png
246950,R. Astley,Ryan Astley,CB,62,19,184,Everton,English Premier League,Wales,Europe,,https://cdn.sofifa.net/players/246/950/22_120.png
263620,R. Lavia,Romeo Lavia,CDM,62,17,181,Manchester City,English Premier League,Belgium,Europe,,https://cdn.sofifa.net/players/263/620/22_120.png
227877,R. Pereira de Sa,Roli Pereira de Sa,"CM, LM",62,24,177,FC Nantes,French Ligue 1,France,Europe,,https://cdn.sofifa.net/players/227/877/22_120.png
248070,Relu,José María Relucio Gallego,CDM,62,23,183,Levante Unión Deportiva,Spain Primera Division,Spain,Europe,,https://cdn.sofifa.net/players/248/070/22_120.png
242850,S. Asta,Simon Asta,RB,62,20,178,SpVgg Greuther Fürth,German 1. Bundesliga,Germany,Europe,,https://cdn.sofifa.net/players/242/850/22_120.png
258815,S. Damiani,Samuele Damiani,"CDM, CM",62,23,178,Empoli,Italian Serie A,Italy,Europe,"Long Passer (AI), Playmaker (AI)",https://cdn.sofifa.net/players/258/815/22_120.png
263953,S. Edozie,Samuel Edozie,LW,62,18,167,Manchester City,English Premier League,England,Europe,,https://cdn.sofifa.net/players/263/953/22_120.png
260910,S. Shoretire,Shola Maxwell Shoretire,"RM, LM",62,17,175,Manchester United,English Premier League,England,Europe,"Flair, Technical Dribbler (AI)",https://cdn.sofifa.net/players/260/910/22_120.png
259581,Sergio Barcia,Sergio Barcia Larenxeira,"CB, RB",62,20,186,Granada CF,Spain Primera Division,Spain,Europe,Dives Into Tackles (AI),https://cdn.sofifa.net/players/259/581/22_120.png
256887,T. Booth,Taylor Anthony Booth,"CM, RW",62,20,174,FC Bayern München,German 1. Bundesliga,United States,North America,,https://cdn.sofifa.net/players/256/887/22_120.png
256564,T. Lemperle,Tim Lemperle,"RM, RW, LM",62,19,187,1. FC Köln,German 1. Bundesliga,Germany,Europe,,https://cdn.sofifa.net/players/256/564/22_120.png
262118,T. Livramento,Valentino Livramento,"RB, RWB",62,18,173,Southampton,English Premier League,England,Europe,,https://cdn.sofifa.net/players/262/118/22_120.png
252922,Tòfol Montiel,Cristóbal Montiel Rodríguez,CAM,62,21,178,Fiorentina,Italian Serie A,Spain,Europe,"Flair, Technical Dribbler (AI)",https://cdn.sofifa.net/players/252/922/22_120.png
256854,W. Omari,Warmed Omari,"CB, CDM",62,21,185,Stade Rennais FC,French Ligue 1,France,Europe,,https://cdn.sofifa.net/players/256/854/22_120.png
264102,Álvaro Bravo,Álvaro Bravo Jiménez,"CM, CAM",62,23,182,Granada CF,Spain Primera Division,Spain,Europe,Playmaker (AI),https://cdn.sofifa.net/players/264/102/22_120.png
245628,A. Abqar,Abdelkabir Abqar,CB,61,22,188,Deportivo Alavés,Spain Primera Division,Morocco,Africa,,https://cdn.sofifa.net/players/245/628/22_120.png
247388,A. Buksa,Aleksander Buksa,ST,61,18,188,Genoa,Italian Serie A,Poland,Europe,Finesse Shot,https://cdn.sofifa.net/players/247/388/22_120.png
256801,A. Kamardin,Aaron Nassur Kamardin,CB,61,19,183,Olympique de Marseille,French Ligue 1,France,Europe,,https://cdn.sofifa.net/players/256/801/22_120.png
246671,A. Okonkwo,Arthur Okonkwo,GK,61,19,196,Arsenal,English Premier League,England,Europe,,https://cdn.sofifa.net/players/246/671/22_120.png
259531,Arratia,Sergio Arratia Lechosa,CM,61,21,185,Rayo Vallecano,Spain Primera Division,Spain,Europe,,https://cdn.sofifa.net/players/259/531/22_120.png
258533,B. Bjarkason,Bjarki Steinn Bjarkason,LM,61,21,177,Venezia FC,Italian Serie A,Iceland,Europe,,https://cdn.sofifa.net/players/258/533/22_120.png
264401,B. Meïté,Bamo Meïté,"CB, CDM",61,20,183,FC Lorient,French Ligue 1,Côte d'Ivoire,Africa,,https://cdn.sofifa.net/players/264/401/22_120.png
257253,B. Thomas,Bobby Thomas,CB,61,20,186,Burnley,English Premier League,England,Europe,Long Throw-in,https://cdn.sofifa.net/players/257/253/22_120.png
252975,B. Traoré,Boubacar Traoré,CM,61,19,183,FC Metz,French Ligue 1,Mali,Africa,,https://cdn.sofifa.net/players/252/975/22_120.png
240722,Campos,Gaizka Campos Bahíllo,GK,61,26,189,RC Celta de Vigo,Spain Primera Division,Spain,Europe,,https://cdn.sofifa.net/players/240/722/22_120.png
252241,D. Rouyard,Davy Rouyard,GK,61,21,194,FC Girondins de Bordeaux,French Ligue 1,France,Europe,,https://cdn.sofifa.net/players/252/241/22_120.png
255577,Dani Plomer,Daniel Plomer Gordillo,"LM, RM",61,22,179,Granada CF,Spain Primera Division,Spain,Europe,,https://cdn.sofifa.net/players/255/577/22_120.png
264238,Diego López,Diego López Noguerol,"ST, LM",61,19,172,Valencia CF,Spain Primera Division,Spain,Europe,Speed Dribbler (AI),https://cdn.sofifa.net/players/264/238/22_120.png
262171,E. Bove,Edoardo Bove,CM,61,19,174,Roma,Italian Serie A,Italy,Europe,,https://cdn.sofifa.net/players/262/171/22_120.png
263435,E. Gebreyesus,Esey Gebreyesus,RW,61,17,187,Olympique de Marseille,French Ligue 1,Switzerland,Europe,,https://cdn.sofifa.net/players/263/435/22_120.png
238473,E. Mašović,Erhan Mašović,"CDM, CB",61,22,189,VfL Bochum 1848,German 1. Bundesliga,Serbia,Europe,,https://cdn.sofifa.net/players/238/473/22_120.png
258031,F. Palmowski,Florian Palmowski,GK,61,20,185,Hertha BSC,German 1. Bundesliga,Germany,Europe,,https://cdn.sofifa.net/players/258/031/22_120.png
258976,F. Parisi,Fabiano Parisi,"LB, LM, CDM",61,20,178,Empoli,Italian Serie A,Italy,Europe,Long Shot Taker (AI),https://cdn.sofifa.net/players/258/976/22_120.png
263448,G. Manvelyan,Gor Manvelyan,"CAM, CM, CF",61,19,180,FC Nantes,French Ligue 1,France,Europe,Playmaker (AI),https://cdn.sofifa.net/players/263/448/22_120.png
257289,H. Ekitike,Hugo Ekitike,ST,61,19,189,Stade de Reims,French Ligue 1,France,Europe,,https://cdn.sofifa.net/players/257/289/22_120.png
239051,J. Albert,Josué Albert,CB,61,29,185,Clermont Foot 63,French Ligue 1,France,Europe,"Leadership, Team Player",https://cdn.sofifa.net/players/239/051/22_120.png
241552,J. Italiano,Jacob Michael Italiano,"LM, RM, LB",61,19,177,Borussia Mönchengladbach,German 1. Bundesliga,Australia,Oceania,,https://cdn.sofifa.net/players/241/552/22_120.png
247349,J. Jenkins,Jack Jenkins,"CDM, CM",61,19,176,Leeds United,English Premier League,England,Europe,,https://cdn.sofifa.net/players/247/349/22_120.png
264349,J. McAtee,James McAtee,CAM,61,18,187,Manchester City,English Premier League,England,Europe,,https://cdn.sofifa.net/players/264/349/22_120.png
264035,J. Rak-Sakyi,Jesurun Rak-Sakyi,RW,61,18,178,Crystal Palace,English Premier League,England,Europe,,https://cdn.sofifa.net/players/264/035/22_120.png
251603,K. Piscopo,Kevin Piscopo,"CF, ST, CAM",61,23,181,Empoli,Italian Serie A,Italy,Europe,,https://cdn.sofifa.net/players/251/603/22_120.png
264589,L. Gechter,Linus Gechter,CB,61,17,187,Hertha BSC,German 1. Bundesliga,Germany,Europe,,https://cdn.sofifa.net/players/264/589/22_120.png
248674,L. Munteanu,Louis Munteanu,ST,61,19,184,Fiorentina,Italian Serie A,Romania,Europe,,https://cdn.sofifa.net/players/248/674/22_120.png
248559,L. Pétrot,Léo Pétrot,"LB, CB",61,24,188,FC Lorient,French Ligue 1,France,Europe,,https://cdn.sofifa.net/players/248/559/22_120.png
261265,L. Richardson,Lewis Richardson,ST,61,18,179,Burnley,English Premier League,England,Europe,,https://cdn.sofifa.net/players/261/265/22_120.png
233691,M. Adamonis,Marius Adamonis,GK,61,24,191,Lazio,Italian Serie A,Lithuania,Europe,,https://cdn.sofifa.net/players/233/691/22_120.png
245906,M. Fagan-Walcott,Malachi Fagan-Walcott,CB,61,19,185,Tottenham Hotspur,English Premier League,England,Europe,,https://cdn.sofifa.net/players/245/906/22_120.png
234858,M. Funk,Marius Funk,GK,61,25,187,SpVgg Greuther Fürth,German 1. Bundesliga,Germany,Europe,,https://cdn.sofifa.net/players/234/858/22_120.png
247508,M. Güçlü,Metehan Güçlü,"ST, RW",61,22,182,Stade Rennais FC,French Ligue 1,Turkey,Europe,Injury Prone,https://cdn.sofifa.net/players/247/508/22_120.png
256853,M. Tillman,Malik Tillman,ST,61,19,186,FC Bayern München,German 1. Bundesliga,Germany,Europe,,https://cdn.sofifa.net/players/256/853/22_120.png
246278,Manu Navarro,Manuel Navarro Sánchez,CM,61,20,174,Rayo Vallecano,Spain Primera Division,Spain,Europe,Playmaker (AI),https://cdn.sofifa.net/players/246/278/22_120.png
246603,Matis Carvalho,Matis Carvalho,GK,61,22,186,Montpellier Hérault SC,French Ligue 1,Portugal,Europe,,https://cdn.sofifa.net/players/246/603/22_120.png
262062,Metinho,Abelmy Meto Silu,"CDM, CM",61,18,178,ESTAC Troyes,French Ligue 1,Congo DR,Africa,,https://cdn.sofifa.net/players/262/062/22_120.png
262659,N. Atubolu,Noah Atubolu,GK,61,19,190,Sport-Club Freiburg,German 1. Bundesliga,Germany,Europe,,https://cdn.sofifa.net/players/262/659/22_120.png
264026,N. Bitumazala,Nathan Bitumazala,"RB, CDM",61,18,178,Paris Saint-Germain,French Ligue 1,France,Europe,,https://cdn.sofifa.net/players/264/026/22_120.png
257171,N. Fatar,Noah Fatar,RW,61,19,167,Angers SCO,French Ligue 1,France,Europe,,https://cdn.sofifa.net/players/257/171/22_120.png
261133,N. John,Nile Omari Mckenzi John,CAM,61,18,180,Tottenham Hotspur,English Premier League,England,Europe,,https://cdn.sofifa.net/players/261/133/22_120.png
252916,Nacho Ramón,Ignacio Ramón del Valle,ST,61,22,186,Elche CF,Spain Primera Division,Spain,Europe,,https://cdn.sofifa.net/players/252/916/22_120.png
239998,P. Hristov,Petko Hristov,CB,61,22,191,Spezia,Italian Serie A,Bulgaria,Europe,,https://cdn.sofifa.net/players/239/998/22_120.png
263398,P. Sciortino,Paolo Sciortino,CDM,61,17,177,Olympique de Marseille,French Ligue 1,France,Europe,,https://cdn.sofifa.net/players/263/398/22_120.png
264160,Pablo Ibáñez,Pablo Ibáñez Lumbreras,"CM, CB",61,22,179,CA Osasuna,Spain Primera Division,Spain,Europe,,https://cdn.sofifa.net/players/264/160/22_120.png
256058,Pablo Pérez,Pablo Pérez Rico,"LB, LM",61,19,170,Sevilla FC,Spain Primera Division,Spain,Europe,,https://cdn.sofifa.net/players/256/058/22_120.png
260990,R. Ascone,Rocco Ascone,CM,61,17,180,LOSC Lille,French Ligue 1,France,Europe,,https://cdn.sofifa.net/players/260/990/22_120.png
263355,R. Friedrich,Robin Friedrich,ST,61,18,173,RB Leipzig,German 1. Bundesliga,Germany,Europe,,https://cdn.sofifa.net/players/263/355/22_120.png
263551,R. Savage,Remi Savage,"CB, LB",61,19,185,Newcastle United,English Premier League,England,Europe,,https://cdn.sofifa.net/players/263/551/22_120.png
257112,R. Saïd,Rafiki Said Ahamada,LM,61,21,178,Stade Brestois 29,French Ligue 1,Comoros,Africa,Speed Dribbler (AI),https://cdn.sofifa.net/players/257/112/22_120.png
260723,R. Street,Robert Street,"ST, CAM",61,19,188,Crystal Palace,English Premier League,England,Europe,Power Header,https://cdn.sofifa.net/players/260/723/22_120.png
264096,Recasens,Lluís Recasens Vives,CB,61,19,183,RCD Espanyol de Barcelona,Spain Primera Division,Spain,Europe,,https://cdn.sofifa.net/players/264/096/22_120.png
252059,S. Abdul Samed,Salis Abdul Samed,CDM,61,21,180,Clermont Foot 63,French Ligue 1,Ghana,Africa,,https://cdn.sofifa.net/players/252/059/22_120.png
263604,S. Ben Seghir,Salim Ben Seghir,RW,61,18,174,Olympique de Marseille,French Ligue 1,France,Europe,,https://cdn.sofifa.net/players/263/604/22_120.png
261495,S. Coulibaly,Soumaila Coulibaly,CB,61,17,190,Borussia Dortmund,German 1. Bundesliga,France,Europe,,https://cdn.sofifa.net/players/261/495/22_120.png
263149,S. McGurk,Sean McGurk,"CAM, LM",61,18,173,Leeds United,English Premier League,England,Europe,,https://cdn.sofifa.net/players/263/149/22_120.png
259096,T. Akinola,Tim Akinola,"CDM, CM",61,20,177,Arsenal,English Premier League,England,Europe,Dives Into Tackles (AI),https://cdn.sofifa.net/players/259/096/22_120.png
251349,T. Baeten,Thibo Baeten,ST,61,19,185,Torino F.C.,Italian Serie A,Belgium,Europe,,https://cdn.sofifa.net/players/251/349/22_120.png
257235,T. Boulhendi,Teddy Boulhendi,GK,61,20,185,OGC Nice,French Ligue 1,Algeria,Africa,,https://cdn.sofifa.net/players/257/235/22_120.png
260014,T. Civeja,Tim Civeja,CM,61,19,180,FC Augsburg,German 1. Bundesliga,Germany,Europe,,https://cdn.sofifa.net/players/260/014/22_120.png
239666,T. Müsel,Torben Müsel,ST,61,21,185,Borussia Mönchengladbach,German 1. Bundesliga,Germany,Europe,,https://cdn.sofifa.net/players/239/666/22_120.png
259419,T. Nakai,中井 卓大,CAM,61,17,178,Real Madrid CF,Spain Primera Division,Japan,Asia,"Playmaker (AI), Technical Dribbler (AI)",https://cdn.sofifa.net/players/259/419/22_120.png
247245,T. Ostrák,Tomáš Ostrák,"RM, LM",61,21,176,1. FC Köln,German 1. Bundesliga,Czech Republic,Europe,,https://cdn.sofifa.net/players/247/245/22_120.png
248228,V. De Baunbag,Víctor Christopher De Baunbaug,"ST, RW",61,20,191,RCD Mallorca,Spain Primera Division,Spain,Europe,,https://cdn.sofifa.net/players/248/228/22_120.png
263016,Y. Guermouche,Yanis Guermouche,ST,61,20,192,Montpellier Hérault SC,French Ligue 1,France,Europe,,https://cdn.sofifa.net/players/263/016/22_120.png
252302,Y. Larouci,Yasser Larouci,LB,61,20,175,ESTAC Troyes,French Ligue 1,France,Europe,Speed Dribbler (AI),https://cdn.sofifa.net/players/252/302/22_120.png
260143,Z. Monlouis,Zane Monlouis,CB,61,17,185,Arsenal,English Premier League,England,Europe,,https://cdn.sofifa.net/players/260/143/22_120.png
245994,A. Gomez Mancini,Anthony Gomez Mancini,"CM, CAM",60,20,176,Burnley,English Premier League,France,Europe,,https://cdn.sofifa.net/players/245/994/22_120.png
262096,A. Miller,Amari Miller,"RM, LM, ST",60,18,174,Leeds United,English Premier League,England,Europe,,https://cdn.sofifa.net/players/262/096/22_120.png
255125,A. Ounahi,Azzedine Ounahi,CDM,60,21,182,Angers SCO,French Ligue 1,Morocco,Africa,,https://cdn.sofifa.net/players/255/125/22_120.png
264121,A. Tsoungui,Antef Tsoungui,"CB, CDM",60,18,185,Brighton & Hove Albion,English Premier League,Belgium,Europe,,https://cdn.sofifa.net/players/264/121/22_120.png
253216,Adrián,Adrián Rodríguez Giménez,GK,60,20,195,Deportivo Alavés,Spain Primera Division,Argentina,South America,,https://cdn.sofifa.net/players/253/216/22_120.png
263908,B. Locko,Bradley Locko,LB,60,19,180,Stade de Reims,French Ligue 1,France,Europe,,https://cdn.sofifa.net/players/263/908/22_120.png
263602,B. Nadir,Bilal Nadir,"CM, CDM",60,17,179,Olympique de Marseille,French Ligue 1,France,Europe,,https://cdn.sofifa.net/players/263/602/22_120.png
257306,C. Souaré,Cheick Oumar Souaré,CM,60,18,170,Olympique de Marseille,French Ligue 1,France,Europe,,https://cdn.sofifa.net/players/257/306/22_120.png
257247,C. Watts,Caleb Cassius Watts,"CM, CDM",60,19,178,Southampton,English Premier League,Australia,Oceania,,https://cdn.sofifa.net/players/257/247/22_120.png
264094,Carlos Beitia,Carlos Beitia Cardos,"CM, RW, LW",60,21,185,RC Celta de Vigo,Spain Primera Division,Spain,Europe,,https://cdn.sofifa.net/players/264/094/22_120.png
264172,Carmona,José Ángel Carmona Navarro,"RB, CB",60,19,183,Sevilla FC,Spain Primera Division,Spain,Europe,,https://cdn.sofifa.net/players/264/172/22_120.png
236849,D. Ceter,Damir Ceter Valencia,ST,60,23,189,Cagliari,Italian Serie A,Colombia,South America,,https://cdn.sofifa.net/players/236/849/22_120.png
256610,D. Hoogewerf,Dillon Hoogewerf,"RM, CF",60,18,165,Manchester United,English Premier League,Netherlands,Europe,,https://cdn.sofifa.net/players/256/610/22_120.png
262641,D. Touré,Djibril Fandje Touré,ST,60,18,175,Watford,English Premier League,Guinea,Africa,"Finesse Shot, Speed Dribbler (AI)",https://cdn.sofifa.net/players/262/641/22_120.png
259335,E. Gedikli,Emrehan Gedikli,ST,60,18,187,Bayer 04 Leverkusen,German 1. Bundesliga,Germany,Europe,,https://cdn.sofifa.net/players/259/335/22_120.png
255391,E. Pizzuto,Eugenio Pizzuto Puga,"CDM, CM",60,19,179,LOSC Lille,French Ligue 1,Mexico,North America,,https://cdn.sofifa.net/players/255/391/22_120.png
194894,F. Rossi,Francesco Rossi,GK,60,30,193,Atalanta,Italian Serie A,Italy,Europe,,https://cdn.sofifa.net/players/194/894/22_120.png
245780,F. Schwarzholz,Felix Schwarzholz,CDM,60,21,181,FC Augsburg,German 1. Bundesliga,Germany,Europe,,https://cdn.sofifa.net/players/245/780/22_120.png
260778,F. Tongya,Franco Daryl Tongya Heubang,"CAM, ST",60,19,181,Olympique de Marseille,French Ligue 1,Italy,Europe,,https://cdn.sofifa.net/players/260/778/22_120.png
259721,F. Tripi,Filippo Tripi,"CB, CDM",60,19,185,Roma,Italian Serie A,Italy,Europe,,https://cdn.sofifa.net/players/259/721/22_120.png
263647,G. Altare,Giorgio Altare,CB,60,22,190,Cagliari,Italian Serie A,Italy,Europe,,https://cdn.sofifa.net/players/263/647/22_120.png
243513,G. Corbo,Gabriele Corbo,CB,60,21,185,Bologna,Italian Serie A,Italy,Europe,,https://cdn.sofifa.net/players/243/513/22_120.png
239203,G. Coudert,Grégoire Coudert,GK,60,22,191,Stade Brestois 29,French Ligue 1,France,Europe,,https://cdn.sofifa.net/players/239/203/22_120.png
246877,G. Gaetano,Gianluca Gaetano,"CAM, CM",60,21,175,Napoli,Italian Serie A,Italy,Europe,,https://cdn.sofifa.net/players/246/877/22_120.png
241160,G. McEachran,George McEachran,"CM, CDM",60,20,172,Chelsea,English Premier League,England,Europe,Playmaker (AI),https://cdn.sofifa.net/players/241/160/22_120.png
264173,Iván Romero,Iván Romero de Ávila,"ST, RW, LW",60,20,172,Sevilla FC,Spain Primera Division,Spain,Europe,,https://cdn.sofifa.net/players/264/173/22_120.png
247533,J. Boyer,Julien Boyer,LB,60,23,176,Clermont Foot 63,French Ligue 1,France,Europe,,https://cdn.sofifa.net/players/247/533/22_120.png
205727,J. Furlan,Jacopo Furlan,GK,60,28,189,Empoli,Italian Serie A,Italy,Europe,,https://cdn.sofifa.net/players/205/727/22_120.png
260241,J. Lang,Jannis Lang,CB,60,18,188,VfL Wolfsburg,German 1. Bundesliga,Germany,Europe,,https://cdn.sofifa.net/players/260/241/22_120.png
263150,J. Meyer,Jordan Meyer,CDM,60,19,181,VfB Stuttgart,German 1. Bundesliga,Germany,Europe,Injury Prone,https://cdn.sofifa.net/players/263/150/22_120.png
264561,J. Norris,James Norris,LB,60,18,178,Liverpool,English Premier League,England,Europe,,https://cdn.sofifa.net/players/264/561/22_120.png
247166,J. Olayinka,James Olayinka,"CM, CAM, LM",60,20,175,Arsenal,English Premier League,England,Europe,,https://cdn.sofifa.net/players/247/166/22_120.png
261336,J. Philogene-Bidace,Jaden Philogene-Bidace,"RW, RM, LM",60,19,179,Aston Villa,English Premier League,England,Europe,"Flair, Speed Dribbler (AI)",https://cdn.sofifa.net/players/261/336/22_120.png
209784,J. Phojo,Jérôme Phojo,RB,60,28,178,Clermont Foot 63,French Ligue 1,France,Europe,Injury Prone,https://cdn.sofifa.net/players/209/784/22_120.png
251569,Joel López,Joel López Salguero,LB,60,19,179,Arsenal,English Premier League,Spain,Europe,,https://cdn.sofifa.net/players/251/569/22_120.png
260083,John Donald,John Nwankwo Chetauya Donald Okeh,"CDM, CB",60,20,183,Elche CF,Spain Primera Division,Spain,Europe,,https://cdn.sofifa.net/players/260/083/22_120.png
264237,Joseda,José David Menargues,"RB, CB",60,19,181,Valencia CF,Spain Primera Division,Spain,Europe,,https://cdn.sofifa.net/players/264/237/22_120.png
254807,K. Baah,Kwadwo Baah,"LM, RM",60,18,183,Watford,English Premier League,England,Europe,,https://cdn.sofifa.net/players/254/807/22_120.png
257630,K. Horváth,Krisztofer Horváth,CAM,60,19,172,Torino F.C.,Italian Serie A,Hungary,Europe,,https://cdn.sofifa.net/players/257/630/22_120.png
264245,K. Mizuta,Kaito Mizuta,"RW, LW",60,21,182,1. FSV Mainz 05,German 1. Bundesliga,Japan,Asia,,https://cdn.sofifa.net/players/264/245/22_120.png
254480,L. Egloff,Lilian Egloff,"CAM, CF",60,18,182,VfB Stuttgart,German 1. Bundesliga,Germany,Europe,,https://cdn.sofifa.net/players/254/480/22_120.png
253969,L. Hjelde,Leo Fuhr Hjelde,"CB, LB",60,17,188,Leeds United,English Premier League,Norway,Europe,Power Header,https://cdn.sofifa.net/players/253/969/22_120.png
255932,L. Lacroix,Lenny Lacroix,CB,60,18,186,FC Metz,French Ligue 1,France,Europe,,https://cdn.sofifa.net/players/255/932/22_120.png
257638,L. Philipp,Luca Philipp,GK,60,20,192,TSG Hoffenheim,German 1. Bundesliga,Germany,Europe,,https://cdn.sofifa.net/players/257/638/22_120.png
248766,M. Barcola,Malcolm Barcola,GK,60,22,197,Olympique Lyonnais,French Ligue 1,Togo,Africa,,https://cdn.sofifa.net/players/248/766/22_120.png
258330,M. Cissé,Alkhaly Momo Cissé,"RM, LM",60,18,178,VfB Stuttgart,German 1. Bundesliga,Guinea,Africa,,https://cdn.sofifa.net/players/258/330/22_120.png
260084,M. Pagliuca,Mattia Pagliuca,ST,60,19,188,Bologna,Italian Serie A,Italy,Europe,,https://cdn.sofifa.net/players/260/084/22_120.png
264189,M. Paskotsi,Maksim Paskotsi,RB,60,18,182,Tottenham Hotspur,English Premier League,Estonia,Europe,,https://cdn.sofifa.net/players/264/189/22_120.png
257254,M. Thompson,Max Thompson,"ST, RM",60,19,177,Burnley,English Premier League,England,Europe,,https://cdn.sofifa.net/players/257/254/22_120.png
242454,M. Čović,Maurice Dominick Čović,"RM, LM, CAM",60,23,175,Hertha BSC,German 1. Bundesliga,Germany,Europe,,https://cdn.sofifa.net/players/242/454/22_120.png
261202,N. Chadli,Nassim Chadli,"RM, ST",60,19,181,ESTAC Troyes,French Ligue 1,Morocco,Africa,"Flair, Technical Dribbler (AI)",https://cdn.sofifa.net/players/261/202/22_120.png
256500,N. Collins,Nnamdi Collins,CB,60,17,188,Borussia Dortmund,German 1. Bundesliga,Germany,Europe,Speed Dribbler (AI),https://cdn.sofifa.net/players/256/500/22_120.png
237825,N. Kirby,Nya Jerome Kirby,"LM, CAM",60,21,174,Crystal Palace,English Premier League,England,Europe,,https://cdn.sofifa.net/players/237/825/22_120.png
264590,N. Koffi,N'Dri Philippe Koffi,ST,60,19,183,Stade de Reims,French Ligue 1,France,Europe,Speed Dribbler (AI),https://cdn.sofifa.net/players/264/590/22_120.png
253474,N. Tauer,Niklas Tauer,"CDM, CB",60,20,183,1. FSV Mainz 05,German 1. Bundesliga,Germany,Europe,,https://cdn.sofifa.net/players/253/474/22_120.png
252440,N. Zortea,Nadir Zortea,"RB, RM",60,22,175,US Salernitana 1919,Italian Serie A,Italy,Europe,,https://cdn.sofifa.net/players/252/440/22_120.png
258041,Novoa,Hugo Novoa Ramos,ST,60,18,182,RB Leipzig,German 1. Bundesliga,Spain,Europe,,https://cdn.sofifa.net/players/258/041/22_120.png
261170,O. Ba,Ousmane Ba,GK,60,19,185,FC Metz,French Ligue 1,Senegal,Africa,,https://cdn.sofifa.net/players/261/170/22_120.png
258641,O. Bosworth,Oliver Bosworth,GK,60,19,180,Leicester City,English Premier League,England,Europe,,https://cdn.sofifa.net/players/258/641/22_120.png
251369,O. Djoco,Ouparine Djoco,GK,60,23,188,Clermont Foot 63,French Ligue 1,France,Europe,,https://cdn.sofifa.net/players/251/369/22_120.png
263603,O. Targhalline,Oussama Targhalline,CM,60,19,183,Olympique de Marseille,French Ligue 1,Morocco,Africa,,https://cdn.sofifa.net/players/263/603/22_120.png
260969,Pablo Picón,Pablo Martín Picón Álvaro,GK,60,21,185,Levante Unión Deportiva,Spain Primera Division,Spain,Europe,Cautious With Crosses,https://cdn.sofifa.net/players/260/969/22_120.png
264175,Pedro Ortiz,Pedro Ortiz Bernat,"CM, CAM",60,20,184,Sevilla FC,Spain Primera Division,Spain,Europe,,https://cdn.sofifa.net/players/264/175/22_120.png
261616,Q. Merlin,Quentin Merlin,"CAM, LM",60,19,173,FC Nantes,French Ligue 1,France,Europe,,https://cdn.sofifa.net/players/261/616/22_120.png
243278,R. Cassidy,Ryan Cassidy,ST,60,20,173,Watford,English Premier League,Republic of Ireland,Europe,,https://cdn.sofifa.net/players/243/278/22_120.png
244087,R. Rösch,Romario Rösch,CAM,60,22,182,1. FSV Mainz 05,German 1. Bundesliga,Germany,Europe,,https://cdn.sofifa.net/players/244/087/22_120.png
258139,Raúl Moro,Raúl Moro Prescoli,"LW, CF",60,18,168,Lazio,Italian Serie A,Spain,Europe,,https://cdn.sofifa.net/players/258/139/22_120.png
264027,S. Delaye,Sacha Delaye,"CM, CAM",60,19,171,Montpellier Hérault SC,French Ligue 1,France,Europe,,https://cdn.sofifa.net/players/264/027/22_120.png
259424,Salazar,Israel Salazar Píriz,ST,60,18,177,Real Madrid CF,Spain Primera Division,Spain,Europe,,https://cdn.sofifa.net/players/259/424/22_120.png
263168,T. Onyango,Tyler Onyango,CM,60,18,196,Everton,English Premier League,England,Europe,,https://cdn.sofifa.net/players/263/168/22_120.png
259324,T. Suengchitthawon,Thanawat Suengchitthawon,CAM,60,21,167,Leicester City,English Premier League,Thailand,Asia,,https://cdn.sofifa.net/players/259/324/22_120.png
257042,U. Bertelli,Ugo Bertelli,CM,60,17,168,Olympique de Marseille,French Ligue 1,France,Europe,,https://cdn.sofifa.net/players/257/042/22_120.png
258529,V. Daley-Campbell,Vontae Daley-Campbell,RB,60,20,177,Leicester City,English Premier League,England,Europe,,https://cdn.sofifa.net/players/258/529/22_120.png
263330,W. Lgharbi,Walim Lgharbi,"CM, CDM",60,18,173,Angers SCO,French Ligue 1,France,Europe,,https://cdn.sofifa.net/players/263/330/22_120.png
251855,W. Taïbi,Waniss Taïbi,"CM, CAM",60,19,184,Angers SCO,French Ligue 1,France,Europe,,https://cdn.sofifa.net/players/251/855/22_120.png
263442,Y. M'Bemba,Yannis M'Bemba,"CB, CDM",60,20,195,FC Nantes,French Ligue 1,France,Europe,,https://cdn.sofifa.net/players/263/442/22_120.png
253729,A. Okoflex,Armstrong Okoflex,"LM, ST, CAM",59,19,186,West Ham United,English Premier League,Republic of Ireland,Europe,Flair,https://cdn.sofifa.net/players/253/729/22_120.png
256743,A. Sylla,Abdoulaye Sylla,"CB, RB",59,21,180,FC Nantes,French Ligue 1,Guinea,Africa,,https://cdn.sofifa.net/players/256/743/22_120.png
246592,Algobia,Ángel Algobia Esteves,CM,59,22,180,Getafe CF,Spain Primera Division,Spain,Europe,,https://cdn.sofifa.net/players/246/592/22_120.png
264247,B. Bobzien,Ben Bobzien,RW,59,18,175,1. FSV Mainz 05,German 1. Bundesliga,Germany,Europe,,https://cdn.sofifa.net/players/264/247/22_120.png
257238,C. Wiggett,Charlie Wiggett,LB,59,18,173,Newcastle United,English Premier League,England,Europe,,https://cdn.sofifa.net/players/257/238/22_120.png
257637,D. Klein,Daniel Klein,GK,59,20,192,FC Augsburg,German 1. Bundesliga,Germany,Europe,,https://cdn.sofifa.net/players/257/637/22_120.png
255611,D. Maldini,Daniel Maldini,CAM,59,19,186,AC Milan,Italian Serie A,Italy,Europe,,https://cdn.sofifa.net/players/255/611/22_120.png
258555,D. van den Heuvel,Dani van den Heuvel,GK,59,18,184,Leeds United,English Premier League,Netherlands,Europe,,https://cdn.sofifa.net/players/258/555/22_120.png
254279,E. Sadiku,Erion Sadiku,"CDM, CM",59,19,183,Genoa,Italian Serie A,Kosovo,Europe,,https://cdn.sofifa.net/players/254/279/22_120.png
263353,E. Uhlmann,Eric Uhlmann,CDM,59,18,176,RB Leipzig,German 1. Bundesliga,Germany,Europe,,https://cdn.sofifa.net/players/263/353/22_120.png
237612,F. Delli Carri,Filippo Delli Carri,CB,59,22,189,US Salernitana 1919,Italian Serie A,Italy,Europe,,https://cdn.sofifa.net/players/237/612/22_120.png
264222,F. Rüth,Fabian Rüth,CDM,59,19,187,TSG Hoffenheim,German 1. Bundesliga,Germany,Europe,,https://cdn.sofifa.net/players/264/222/22_120.png
259766,F. Stevens,Finley Stevens,"RB, CDM, CB",59,18,173,Brentford,English Premier League,Wales,Europe,,https://cdn.sofifa.net/players/259/766/22_120.png
257217,G. Cangiano,Gianmarco Cangiano,"LW, ST",59,19,170,Bologna,Italian Serie A,Italy,Europe,,https://cdn.sofifa.net/players/257/217/22_120.png
258805,H. Ashby,Harrison Ashby,RB,59,19,180,West Ham United,English Premier League,Scotland,Europe,,https://cdn.sofifa.net/players/258/805/22_120.png
255363,H. Wise,Henry Wise,CM,59,21,178,Watford,English Premier League,England,Europe,,https://cdn.sofifa.net/players/255/363/22_120.png
261224,Hugo Bueno,Hugo Bueno López,LWB,59,18,180,Wolverhampton Wanderers,English Premier League,Spain,Europe,,https://cdn.sofifa.net/players/261/224/22_120.png
235808,J. Bedeau,Jacob Bedeau,CB,59,21,182,Burnley,English Premier League,England,Europe,,https://cdn.sofifa.net/players/235/808/22_120.png
257239,J. Brooking,Josh Brooking,"CB, RB",59,18,185,Chelsea,English Premier League,England,Europe,,https://cdn.sofifa.net/players/257/239/22_120.png
261428,J. Michelbrink,Jonas Michelbrink,"CAM, CM",59,20,180,Hertha BSC,German 1. Bundesliga,Germany,Europe,,https://cdn.sofifa.net/players/261/428/22_120.png
263354,J. Pfennig,Julius Pfennig,CB,59,18,181,RB Leipzig,German 1. Bundesliga,Germany,Europe,,https://cdn.sofifa.net/players/263/354/22_120.png
242436,J. Russell,Jonathan Russell,CM,59,20,188,Chelsea,English Premier League,England,Europe,,https://cdn.sofifa.net/players/242/436/22_120.png
263522,J. Sarmiento,Jeremy Sarmiento,"RW, LW",59,19,182,Brighton & Hove Albion,English Premier League,England,Europe,,https://cdn.sofifa.net/players/263/522/22_120.png
264506,J. Smith,Justin Smith,"CDM, CB, CM",59,18,188,OGC Nice,French Ligue 1,Canada,North America,,https://cdn.sofifa.net/players/264/506/22_120.png
259165,J. Wosz,Joscha Wosz,"CM, RB",59,18,173,RB Leipzig,German 1. Bundesliga,Germany,Europe,,https://cdn.sofifa.net/players/259/165/22_120.png
260195,John Patrick,John Joe Patrick Finn Benoa,"CAM, ST, CM",59,17,193,Getafe CF,Spain Primera Division,Spain,Europe,,https://cdn.sofifa.net/players/260/195/22_120.png
246100,K. Askildsen,Kristoffer Askildsen,CM,59,20,190,U.C. Sampdoria,Italian Serie A,Norway,Europe,,https://cdn.sofifa.net/players/246/100/22_120.png
258457,K. Boma,Kévin Boma,CB,59,18,187,Angers SCO,French Ligue 1,France,Europe,,https://cdn.sofifa.net/players/258/457/22_120.png
263441,L. Bonelli,Lucas Bonelli,GK,59,18,191,FC Nantes,French Ligue 1,France,Europe,Rushes Out Of Goal,https://cdn.sofifa.net/players/263/441/22_120.png
261745,L. Günther,Lasse Günther,"RM, CF",59,19,183,FC Augsburg,German 1. Bundesliga,Germany,Europe,,https://cdn.sofifa.net/players/261/745/22_120.png
260554,L. Hartwig,Luis Hartwig,ST,59,18,180,VfL Bochum 1848,German 1. Bundesliga,Germany,Europe,,https://cdn.sofifa.net/players/260/554/22_120.png
246154,L. McCarron,Liam McCarron,"LB, LM, RM",59,20,176,Leeds United,English Premier League,Scotland,Europe,,https://cdn.sofifa.net/players/246/154/22_120.png
263116,L. Rieß,Lasse Rieß,GK,59,19,191,1. FSV Mainz 05,German 1. Bundesliga,Germany,Europe,,https://cdn.sofifa.net/players/263/116/22_120.png
261517,M. Bondswell,Matthew Bondswell,"LB, LM",59,19,183,Newcastle United,English Premier League,England,Europe,,https://cdn.sofifa.net/players/261/517/22_120.png
263114,M. Elimbi,Marvin Elimbi,CB,59,18,186,RC Strasbourg Alsace,French Ligue 1,France,Europe,,https://cdn.sofifa.net/players/263/114/22_120.png
260157,M. Haygarth,Maxwell Haygarth,"RW, CAM, ST",59,19,176,Brentford,English Premier League,England,Europe,"Finesse Shot, Playmaker (AI)",https://cdn.sofifa.net/players/260/157/22_120.png
261241,M. Ibrahimi,Mehmet Ibrahimi,"LW, CAM, RW",59,18,181,RB Leipzig,German 1. Bundesliga,Germany,Europe,,https://cdn.sofifa.net/players/261/241/22_120.png
247248,M. Mbow,Moustapha Mbow,CB,59,21,192,Stade de Reims,French Ligue 1,Senegal,Africa,,https://cdn.sofifa.net/players/247/248/22_120.png
260191,M. Niang,Mamor Niang,ST,59,19,190,Getafe CF,Spain Primera Division,Spain,Europe,,https://cdn.sofifa.net/players/260/191/22_120.png
261528,M. Obuz,Marvin Ayhan Obuz,"LM, RM",59,19,182,1. FC Köln,German 1. Bundesliga,Germany,Europe,,https://cdn.sofifa.net/players/261/528/22_120.png
264223,N. König,Noah König,CB,59,18,188,TSG Hoffenheim,German 1. Bundesliga,Germany,Europe,,https://cdn.sofifa.net/players/264/223/22_120.png
264033,N. Sow,Noé Sow,"CDM, CB",59,22,180,Stade Brestois 29,French Ligue 1,France,Europe,,https://cdn.sofifa.net/players/264/033/22_120.png
264141,O. Offiah,Odel Offiah,"CB, RB",59,18,180,Brighton & Hove Albion,English Premier League,England,Europe,,https://cdn.sofifa.net/players/264/141/22_120.png
250931,P. Osterhage,Patrick Osterhage,"CM, CDM",59,21,183,VfL Bochum 1848,German 1. Bundesliga,Germany,Europe,Injury Prone,https://cdn.sofifa.net/players/250/931/22_120.png
260115,P. Yeboah,Philip Ankhrah,CF,59,18,186,Hellas Verona,Italian Serie A,Ghana,Africa,,https://cdn.sofifa.net/players/260/115/22_120.png
264059,R. Bourlès,Redwan Bourlès,"CM, LM",59,18,186,FC Lorient,French Ligue 1,France,Europe,,https://cdn.sofifa.net/players/264/059/22_120.png
255312,S. Banks,Scott Brian Banks,LM,59,19,183,Crystal Palace,English Premier League,Scotland,Europe,Speed Dribbler (AI),https://cdn.sofifa.net/players/255/312/22_120.png
263949,S. Fofana,Sadik Fofana,CDM,59,18,192,Bayer 04 Leverkusen,German 1. Bundesliga,Togo,Africa,,https://cdn.sofifa.net/players/263/949/22_120.png
252078,S. Loric,Samuel Loric,LB,59,20,183,FC Lorient,French Ligue 1,France,Europe,,https://cdn.sofifa.net/players/252/078/22_120.png
240570,S. Sissoko,Sambou Sissoko,"RB, LB",59,22,186,Stade de Reims,French Ligue 1,France,Europe,,https://cdn.sofifa.net/players/240/570/22_120.png
256728,Santiago Eneme,Santiago Eneme Bocari,"CAM, LW",59,20,183,FC Nantes,French Ligue 1,Equatorial Guinea,Africa,,https://cdn.sofifa.net/players/256/728/22_120.png
264246,T. Rupil,Timothé Rupil,CM,59,18,171,1. FSV Mainz 05,German 1. Bundesliga,Luxembourg,Europe,,https://cdn.sofifa.net/players/264/246/22_120.png
254995,T. Tamas,Thibault Tamas,LB,59,20,178,Montpellier Hérault SC,French Ligue 1,France,Europe,,https://cdn.sofifa.net/players/254/995/22_120.png
251439,T. Thomas,Titouan Thomas,"CM, CDM",59,19,183,Olympique Lyonnais,French Ligue 1,France,Europe,,https://cdn.sofifa.net/players/251/439/22_120.png
251625,U. Eneme-Ella,Ulrick Brad Eneme Ella,"CAM, CM",59,20,184,Brighton & Hove Albion,English Premier League,France,Europe,,https://cdn.sofifa.net/players/251/625/22_120.png
264098,A. Akurugu,Amankwaa Akurugu,LB,58,19,174,Getafe CF,Spain Primera Division,Ghana,Africa,,https://cdn.sofifa.net/players/264/098/22_120.png
264512,A. Camblan,Axel Camblan,CAM,58,18,168,Stade Brestois 29,French Ligue 1,France,Europe,,https://cdn.sofifa.net/players/264/512/22_120.png
251345,A. Mair,Archie Mair,GK,58,20,198,Norwich City,English Premier League,Scotland,Europe,,https://cdn.sofifa.net/players/251/345/22_120.png
264437,A. Mbengue,Amadou Mbengue,"CB, CDM",58,19,180,FC Metz,French Ligue 1,Senegal,Africa,,https://cdn.sofifa.net/players/264/437/22_120.png
264120,A. Moran,Andrew Moran,CAM,58,17,177,Brighton & Hove Albion,English Premier League,Republic of Ireland,Europe,Flair,https://cdn.sofifa.net/players/264/120/22_120.png
246092,A. Reghba,Ali Reghba,CF,58,21,180,Leicester City,English Premier League,Republic of Ireland,Europe,,https://cdn.sofifa.net/players/246/092/22_120.png
264097,Alex Rodríguez,Alejandro Rodríguez Lorite,RB,58,19,178,Getafe CF,Spain Primera Division,Spain,Europe,,https://cdn.sofifa.net/players/264/097/22_120.png
263155,B. Klefisch,Ben Klefisch,CM,58,18,179,RB Leipzig,German 1. Bundesliga,Germany,Europe,,https://cdn.sofifa.net/players/263/155/22_120.png
253120,B. Kone,Benjamin Lhassine Kone,"LW, CM",58,21,180,Torino F.C.,Italian Serie A,Côte d'Ivoire,Africa,,https://cdn.sofifa.net/players/253/120/22_120.png
247289,Bruno Bertinato,Bruno Oliveira Bertinato,GK,58,23,194,Venezia FC,Italian Serie A,Brazil,South America,,https://cdn.sofifa.net/players/247/289/22_120.png
258930,C. Archer,Cameron Archer,ST,58,19,186,Aston Villa,English Premier League,England,Europe,,https://cdn.sofifa.net/players/258/930/22_120.png
254113,C. Campbell,Chem Campbell,CAM,58,18,180,Wolverhampton Wanderers,English Premier League,Wales,Europe,,https://cdn.sofifa.net/players/254/113/22_120.png
256449,Christian Marques,Christian Fernandes Marques,CB,58,18,187,Wolverhampton Wanderers,English Premier League,Portugal,Europe,,https://cdn.sofifa.net/players/256/449/22_120.png
260016,D. Berisha,Dion Berisha,"LM, CAM",58,18,181,FC Augsburg,German 1. Bundesliga,Kosovo,Europe,,https://cdn.sofifa.net/players/260/016/22_120.png
251453,D. Langley,Daniel Langley,GK,58,20,201,Newcastle United,English Premier League,England,Europe,,https://cdn.sofifa.net/players/251/453/22_120.png
263352,D. Lelle,David Lelle,CB,58,18,178,RB Leipzig,German 1. Bundesliga,Germany,Europe,,https://cdn.sofifa.net/players/263/352/22_120.png
246349,D. Markanday,Dilan Kumar Markanday,RM,58,19,175,Tottenham Hotspur,English Premier League,England,Europe,,https://cdn.sofifa.net/players/246/349/22_120.png
264338,D. Schmidt,Dominic Schmidt,CB,58,20,185,FC Augsburg,German 1. Bundesliga,Germany,Europe,,https://cdn.sofifa.net/players/264/338/22_120.png
258689,Diego Bri,Diego Vicente Bri Carrazoni,"LW, RW",58,18,172,Elche CF,Spain Primera Division,Spain,Europe,,https://cdn.sofifa.net/players/258/689/22_120.png
258313,F. Schneider,Fabio Schneider,"CM, CAM",58,18,184,1. FC Union Berlin,German 1. Bundesliga,Germany,Europe,,https://cdn.sofifa.net/players/258/313/22_120.png
258931,H. Roberts,Haydon Roberts,CB,58,19,180,Brighton & Hove Albion,English Premier League,England,Europe,,https://cdn.sofifa.net/players/258/931/22_120.png
260924,J. Frommann,Julian Philipp Frommann,"CDM, CB",58,18,188,DSC Arminia Bielefeld,German 1. Bundesliga,Germany,Europe,,https://cdn.sofifa.net/players/260/924/22_120.png
251407,J. Young,Jack Young,"CM, CDM",58,20,171,Newcastle United,English Premier League,England,Europe,,https://cdn.sofifa.net/players/251/407/22_120.png
255755,J. de Vries,Jack de Vries,"RM, ST",58,19,183,Venezia FC,Italian Serie A,United States,North America,,https://cdn.sofifa.net/players/255/755/22_120.png
260927,K. Chauke,Kgaogelo Chauke,"RM, CM",58,18,177,Southampton,English Premier League,England,Europe,,https://cdn.sofifa.net/players/260/927/22_120.png
264209,L. Bogarde,Lamare Bogarde,"CB, LB",58,17,183,Aston Villa,English Premier League,Netherlands,Europe,,https://cdn.sofifa.net/players/264/209/22_120.png
243279,L. Gordon,Lewis Gordon,"LB, LM, LWB",58,20,170,Brentford,English Premier League,Scotland,Europe,Speed Dribbler (AI),https://cdn.sofifa.net/players/243/279/22_120.png
244090,L. Schaffran,Leon Valentin Schaffran,GK,58,22,186,SpVgg Greuther Fürth,German 1. Bundesliga,Germany,Europe,,https://cdn.sofifa.net/players/244/090/22_120.png
255474,M. Helm,Mark Helm,"CAM, CM",58,19,178,Burnley,English Premier League,England,Europe,Long Shot Taker (AI),https://cdn.sofifa.net/players/255/474/22_120.png
248472,M. Lavinier,Marcel Edwin Rodrigues Lavinier,"RB, CB",58,20,180,Tottenham Hotspur,English Premier League,England,Europe,,https://cdn.sofifa.net/players/248/472/22_120.png
257082,M. Liesegang,Marius Liesegang,GK,58,21,189,1. FSV Mainz 05,German 1. Bundesliga,Germany,Europe,,https://cdn.sofifa.net/players/257/082/22_120.png
253475,M. Papela,Matondo-Merveille Papela,"CM, RB",58,20,174,1. FSV Mainz 05,German 1. Bundesliga,Germany,Europe,,https://cdn.sofifa.net/players/253/475/22_120.png
243818,M. Sangare,Mohammed Sangare,CM,58,22,191,Newcastle United,English Premier League,Liberia,Africa,,https://cdn.sofifa.net/players/243/818/22_120.png
263572,N. Nadje,Noah Nadje,ST,58,17,185,Angers SCO,French Ligue 1,Côte d'Ivoire,Africa,,https://cdn.sofifa.net/players/263/572/22_120.png
251298,O. Hanin,Omer Hanin,GK,58,23,190,1. FSV Mainz 05,German 1. Bundesliga,Israel,Europe,,https://cdn.sofifa.net/players/251/298/22_120.png
263272,P. Schulze,Philipp Schulze,GK,58,18,190,VfL Wolfsburg,German 1. Bundesliga,Germany,Europe,,https://cdn.sofifa.net/players/263/272/22_120.png
264460,P. Zovko,Petar Zovko,GK,58,19,192,Spezia,Italian Serie A,Bosnia and Herzegovina,Europe,,https://cdn.sofifa.net/players/264/460/22_120.png
251332,R. Bouallak,Ryan Bouallak,GK,58,21,190,ESTAC Troyes,French Ligue 1,France,Europe,,https://cdn.sofifa.net/players/251/332/22_120.png
233368,R. Harker,Robert Harker,ST,58,21,181,Burnley,English Premier League,England,Europe,,https://cdn.sofifa.net/players/233/368/22_120.png
261007,R. Werthmüller,Ruwen Werthmüller,"ST, RW",58,20,177,Hertha BSC,German 1. Bundesliga,Switzerland,Europe,,https://cdn.sofifa.net/players/261/007/22_120.png
262708,T. Malbec,Tidiane Malbec,GK,58,19,187,FC Girondins de Bordeaux,French Ligue 1,France,Europe,,https://cdn.sofifa.net/players/262/708/22_120.png
264421,T. Small,Thierry Small,LB,58,16,175,Southampton,English Premier League,England,Europe,,https://cdn.sofifa.net/players/264/421/22_120.png
262632,V. Cherny,Vladislav Cherny,CAM,58,18,178,DSC Arminia Bielefeld,German 1. Bundesliga,Russia,Europe,,https://cdn.sofifa.net/players/262/632/22_120.png
263171,V. Lesieur,Valentino Lesieur,GK,58,18,195,Racing Club de Lens,French Ligue 1,Portugal,Europe,,https://cdn.sofifa.net/players/263/171/22_120.png
260863,W. Suzuki,Wadi Ibrahim Suzuki,ST,58,18,192,Valencia CF,Spain Primera Division,Japan,Asia,,https://cdn.sofifa.net/players/260/863/22_120.png
262069,Y. Pandor,Yannick Pandor,GK,58,20,178,Racing Club de Lens,French Ligue 1,France,Europe,,https://cdn.sofifa.net/players/262/069/22_120.png
240867,A. Alese,Ajibola Alese,"CB, LB",57,20,185,West Ham United,English Premier League,England,Europe,,https://cdn.sofifa.net/players/240/867/22_120.png
264180,A. Devine,Alfie Devine,"CM, CDM",57,16,180,Tottenham Hotspur,English Premier League,England,Europe,,https://cdn.sofifa.net/players/264/180/22_120.png
254588,B. Koumetio,Billy Koumetio,CB,57,18,195,Liverpool,English Premier League,France,Europe,,https://cdn.sofifa.net/players/254/588/22_120.png
243848,B. Lyons-Foster,Brooklyn Lyons-Foster,CB,57,20,185,Tottenham Hotspur,English Premier League,England,Europe,,https://cdn.sofifa.net/players/243/848/22_120.png
251386,C. Bombo,Calvin Bombo,CDM,57,22,183,ESTAC Troyes,French Ligue 1,France,Europe,Injury Prone,https://cdn.sofifa.net/players/251/386/22_120.png
258748,C. Chukwuemeka,Chigozier Caleb Chukwuemeka,"ST, RW, LW",57,19,190,Aston Villa,English Premier League,England,Europe,Speed Dribbler (AI),https://cdn.sofifa.net/players/258/748/22_120.png
255927,D. Pecile,Damiano Pecile,"CM, CDM",57,19,182,Venezia FC,Italian Serie A,Canada,North America,,https://cdn.sofifa.net/players/255/927/22_120.png
242787,E. Dixon-Bonner,Elijah Dixon-Bonner,CDM,57,20,180,Liverpool,English Premier League,England,Europe,,https://cdn.sofifa.net/players/242/787/22_120.png
251648,E. Iversen,Einar Iversen,CM,57,20,167,Everton,English Premier League,Norway,Europe,,https://cdn.sofifa.net/players/251/648/22_120.png
256506,F. Clarke,Flynn Clarke,CAM,57,18,169,Norwich City,English Premier League,England,Europe,,https://cdn.sofifa.net/players/256/506/22_120.png
262988,G. Gürpüz,Göktan Gürpüz,CM,57,18,175,Borussia Dortmund,German 1. Bundesliga,Turkey,Europe,,https://cdn.sofifa.net/players/262/988/22_120.png
264213,G. Walther,Gil-Linnart Walther,LM,57,18,178,VfL Wolfsburg,German 1. Bundesliga,Germany,Europe,,https://cdn.sofifa.net/players/264/213/22_120.png
264410,H. Lindley,Hayden Lindley,"CDM, CM, RB",57,18,182,Aston Villa,English Premier League,England,Europe,,https://cdn.sofifa.net/players/264/410/22_120.png
263110,I. Baldé,Ibrahima Baldé,ST,57,18,185,Racing Club de Lens,French Ligue 1,France,Europe,Injury Prone,https://cdn.sofifa.net/players/263/110/22_120.png
243391,Iker Pozo,Iker Pozo La Rosa,CDM,57,20,178,Manchester City,English Premier League,Spain,Europe,,https://cdn.sofifa.net/players/243/391/22_120.png
251301,J. Albrecht,Julian Albrecht,"CDM, CM",57,19,182,Hertha BSC,German 1. Bundesliga,Germany,Europe,,https://cdn.sofifa.net/players/251/301/22_120.png
261640,J. Baptiste,Jamal Baptiste,"CB, RB",57,17,183,West Ham United,English Premier League,England,Europe,,https://cdn.sofifa.net/players/261/640/22_120.png
264194,J. Castrop,Jens Castrop,"CAM, RM",57,17,177,1. FC Köln,German 1. Bundesliga,Germany,Europe,,https://cdn.sofifa.net/players/264/194/22_120.png
263162,J. Montes,Jacob Montes,CM,57,22,180,Crystal Palace,English Premier League,United States,North America,,https://cdn.sofifa.net/players/263/162/22_120.png
256884,J. Rahou,Jorès Rahou,"ST, CAM",57,18,176,Olympique de Marseille,French Ligue 1,France,Europe,,https://cdn.sofifa.net/players/256/884/22_120.png
264039,L. Dobbin,Lewis Dobbin,ST,57,18,175,Everton,English Premier League,England,Europe,,https://cdn.sofifa.net/players/264/039/22_120.png
257142,L. Margueron,Lucas Margueron,GK,57,20,194,Clermont Foot 63,French Ligue 1,France,Europe,,https://cdn.sofifa.net/players/257/142/22_120.png
250866,M. Boyes,Morgan Boyes,"CB, LB",57,20,179,Liverpool,English Premier League,Wales,Europe,,https://cdn.sofifa.net/players/250/866/22_120.png
260079,M. Bruns,Mathis Bruns,CB,57,17,192,1. FC Union Berlin,German 1. Bundesliga,Germany,Europe,,https://cdn.sofifa.net/players/260/079/22_120.png
263038,M. Pečar,Martin Pečar,CAM,57,18,175,Eintracht Frankfurt,German 1. Bundesliga,Slovenia,Europe,,https://cdn.sofifa.net/players/263/038/22_120.png
259430,Marcelo Pitaluga,Marcelo Pitaluga,GK,57,18,191,Liverpool,English Premier League,Brazil,South America,,https://cdn.sofifa.net/players/259/430/22_120.png
263963,O. Olufunwa,Oludare Olufunwa,"RB, CB",57,19,178,Southampton,English Premier League,England,Europe,,https://cdn.sofifa.net/players/263/963/22_120.png
243711,T. Callens,Thomas Callens,GK,57,22,182,FC Lorient,French Ligue 1,France,Europe,,https://cdn.sofifa.net/players/243/711/22_120.png
253429,T. Clayton,Thomas Clayton,CB,57,20,183,Liverpool,English Premier League,Scotland,Europe,,https://cdn.sofifa.net/players/253/429/22_120.png
253971,T. Dickson-Peters,Thomas Dickson-Peters,ST,57,18,180,Norwich City,English Premier League,Scotland,Europe,,https://cdn.sofifa.net/players/253/971/22_120.png
262939,A. Schulz,Arne Schulz,GK,56,18,190,DSC Arminia Bielefeld,German 1. Bundesliga,Germany,Europe,,https://cdn.sofifa.net/players/262/939/22_120.png
248711,A. Tchaptchet,Allan Tchaptchet,CB,56,19,186,Southampton,English Premier League,France,Europe,,https://cdn.sofifa.net/players/248/711/22_120.png
248469,D. Simeu,Dynel Brown Kembo Simeu,CB,56,19,187,Southampton,English Premier League,England,Europe,,https://cdn.sofifa.net/players/248/469/22_120.png
260710,E. Kratzer,Elias Kratzer,"RB, RM",56,21,178,SpVgg Greuther Fürth,German 1. Bundesliga,Germany,Europe,,https://cdn.sofifa.net/players/260/710/22_120.png
264342,G. Schäfer,Gianluca Schäfer,"LM, ST",56,18,178,Eintracht Frankfurt,German 1. Bundesliga,Germany,Europe,,https://cdn.sofifa.net/players/264/342/22_120.png
264293,H. Diarra,Habib Diarra,CDM,56,17,179,RC Strasbourg Alsace,French Ligue 1,France,Europe,,https://cdn.sofifa.net/players/264/293/22_120.png
264343,J. Schröder,Jan Schröder,LB,56,18,182,Eintracht Frankfurt,German 1. Bundesliga,Germany,Europe,,https://cdn.sofifa.net/players/264/343/22_120.png
263315,L. Schulz,Lasse Schulz,GK,56,18,198,SpVgg Greuther Fürth,German 1. Bundesliga,Finland,Europe,,https://cdn.sofifa.net/players/263/315/22_120.png
258688,Lluis Andreu,Lluís Andreu i Ruiz,GK,56,21,189,Elche CF,Spain Primera Division,Spain,Europe,,https://cdn.sofifa.net/players/258/688/22_120.png
239510,M. Köbbing,Matthias Köbbing,GK,56,24,196,1. FC Köln,German 1. Bundesliga,Germany,Europe,,https://cdn.sofifa.net/players/239/510/22_120.png
252480,M. Pochettino,Maurizio Pochettino,RM,56,20,182,Watford,English Premier League,Argentina,South America,,https://cdn.sofifa.net/players/252/480/22_120.png
258721,M. Torlak,Mert-Yusuf Torlak,"CAM, CF",56,18,173,SpVgg Greuther Fürth,German 1. Bundesliga,Germany,Europe,,https://cdn.sofifa.net/players/258/721/22_120.png
234571,Mésaque Djú,Mésaque Geremias Djú,"RM, ST",56,22,178,West Ham United,English Premier League,Portugal,Europe,Flair,https://cdn.sofifa.net/players/234/571/22_120.png
251371,N. Jaby,Naël Jaby,CDM,56,20,175,Clermont Foot 63,French Ligue 1,France,Europe,,https://cdn.sofifa.net/players/251/371/22_120.png
264505,O. Dodgson,Owen Dodgson,"LB, LM",56,18,178,Burnley,English Premier League,England,Europe,,https://cdn.sofifa.net/players/264/505/22_120.png
248473,P. Ekwah Elimby,Pierre-Emmanuel Ekwah Elimby,"CDM, CB",56,19,187,West Ham United,English Premier League,France,Europe,,https://cdn.sofifa.net/players/248/473/22_120.png
264411,S. Swinkels,Sil Swinkels,CB,56,17,190,Aston Villa,English Premier League,Netherlands,Europe,,https://cdn.sofifa.net/players/264/411/22_120.png
255014,T. Bartouche-Selbonne,Teddy Bartouche-Selbonne,GK,56,24,178,FC Lorient,French Ligue 1,France,Europe,,https://cdn.sofifa.net/players/255/014/22_120.png
262045,W. Mikelbrencis,William Mikelbrencis,RB,56,17,175,FC Metz,French Ligue 1,France,Europe,,https://cdn.sofifa.net/players/262/045/22_120.png
256392,A. Kuol,Alou Kuol,ST,55,19,180,VfB Stuttgart,German 1. Bundesliga,South Sudan,Africa,,https://cdn.sofifa.net/players/256/392/22_120.png
247622,Bernardo Rosa,Bernardo Costa da Rosa,"CAM, RWB, CM",55,20,177,West Ham United,English Premier League,Brazil,South America,Technical Dribbler (AI),https://cdn.sofifa.net/players/247/622/22_120.png
235806,G. Satalino,Giacomo Satalino,GK,55,22,188,U.S. Sassuolo Calcio,Italian Serie A,Italy,Europe,,https://cdn.sofifa.net/players/235/806/22_120.png
248694,I. Karamoko,Ibrahim Karamoko,CM,55,20,187,Torino F.C.,Italian Serie A,France,Europe,,https://cdn.sofifa.net/players/248/694/22_120.png
261032,J. Hodge,Joseph Shaun Hodge,"CDM, CM",55,18,177,Wolverhampton Wanderers,English Premier League,Republic of Ireland,Europe,,https://cdn.sofifa.net/players/261/032/22_120.png
263887,J. Urbig,Jonas Urbig,GK,55,17,189,1. FC Köln,German 1. Bundesliga,Germany,Europe,,https://cdn.sofifa.net/players/263/887/22_120.png
256620,L. Gibbs,Liam Gibbs,CM,55,18,178,Norwich City,English Premier League,England,Europe,,https://cdn.sofifa.net/players/256/620/22_120.png
263459,M. Camara,Mamadou Camara,CM,55,18,185,Racing Club de Lens,French Ligue 1,Senegal,Africa,,https://cdn.sofifa.net/players/263/459/22_120.png
262322,N. Noll,Nahuel Noll,GK,55,18,188,TSG Hoffenheim,German 1. Bundesliga,Germany,Europe,,https://cdn.sofifa.net/players/262/322/22_120.png
247656,P. Grave,Paul Grave,GK,55,20,193,VfL Bochum 1848,German 1. Bundesliga,Germany,Europe,,https://cdn.sofifa.net/players/247/656/22_120.png
260929,R. Finnigan,Ryan Finnigan,CM,55,17,178,Southampton,English Premier League,England,Europe,,https://cdn.sofifa.net/players/260/929/22_120.png
253483,S. McClelland,Sam McClelland,CB,55,19,190,Chelsea,English Premier League,Northern Ireland,Europe,,https://cdn.sofifa.net/players/253/483/22_120.png
258928,V. Sinisalo,Viljami Sinisalo,GK,55,19,196,Aston Villa,English Premier League,Finland,Europe,,https://cdn.sofifa.net/players/258/928/22_120.png
256353,Z. Emmerson,Zak Emmerson,"CF, ST",55,16,183,Brighton & Hove Albion,English Premier League,England,Europe,,https://cdn.sofifa.net/players/256/353/22_120.png
258532,C. Carty,Conor Carty,ST,54,19,184,Wolverhampton Wanderers,English Premier League,Republic of Ireland,Europe,,https://cdn.sofifa.net/players/258/532/22_120.png
240799,D. Zappella,Davide Zappella,RB,54,23,180,Empoli,Italian Serie A,Italy,Europe,,https://cdn.sofifa.net/players/240/799/22_120.png
248569,J. Furlong,James Furlong,LB,54,19,178,Brighton & Hove Albion,English Premier League,Republic of Ireland,Europe,,https://cdn.sofifa.net/players/248/569/22_120.png
242983,J. McCracken,Jon McCracken,GK,54,21,185,Norwich City,English Premier League,Scotland,Europe,,https://cdn.sofifa.net/players/242/983/22_120.png
254819,K. Urbański,Kacper Urbański,CAM,54,16,178,Bologna,Italian Serie A,Poland,Europe,,https://cdn.sofifa.net/players/254/819/22_120.png
261375,L. Bergström,Lucas Bergström,GK,54,18,200,Chelsea,English Premier League,Finland,Europe,,https://cdn.sofifa.net/players/261/375/22_120.png
253461,L. Cundle,Luke James Cundle,CM,54,19,170,Wolverhampton Wanderers,English Premier League,England,Europe,,https://cdn.sofifa.net/players/253/461/22_120.png
251590,L. Richards,Lewis Paul Jimmy Richards,"CB, LWB",54,19,182,Wolverhampton Wanderers,English Premier League,Republic of Ireland,Europe,,https://cdn.sofifa.net/players/251/590/22_120.png
259973,P. Boer,Pietro Boer,GK,54,19,193,Roma,Italian Serie A,Italy,Europe,,https://cdn.sofifa.net/players/259/973/22_120.png
262931,T. Ernst,Tjark Ernst,GK,54,18,193,VfL Bochum 1848,German 1. Bundesliga,Germany,Europe,,https://cdn.sofifa.net/players/262/931/22_120.png
256556,B. Chrisene,Ben Chrisene,"LB, LWB",53,17,181,Aston Villa,English Premier League,England,Europe,,https://cdn.sofifa.net/players/256/556/22_120.png
240866,R. Hannam,Reece Hannam,LB,53,20,178,Crystal Palace,English Premier League,England,Europe,,https://cdn.sofifa.net/players/240/866/22_120.png
263399,M. Nazaretian,Manuel Nazaretian,GK,52,20,182,Olympique de Marseille,French Ligue 1,Armenia,Europe,,https://cdn.sofifa.net/players/263/399/22_120.png
251516,O. Ashley,Ossama Ashley,CM,52,21,180,West Ham United,English Premier League,England,Europe,,https://cdn.sofifa.net/players/251/516/22_120.png
245130,O. Webber,Oliver Webber,GK,51,21,185,Crystal Palace,English Premier League,Northern Ireland,Europe,,https://cdn.sofifa.net/players/245/130/22_120.png
244507,P. Estrada,Pascal Juan Estrada,"CB, CM",51,19,186,Wolverhampton Wanderers,English Premier League,Austria,Europe,,https://cdn.sofifa.net/players/244/507/22_120.png
